id,session_id,student_id,status
1,1,1,present
2,1,2,present
3,1,3,present
4,1,4,late
5,1,5,present
6,1,6,present
7,1,7,present
8,1,8,present
9,1,9,present
10,1,10,present
11,1,11,present
12,1,12,present
13,1,13,present
14,1,14,present
15,1,15,present
16,1,16,present
17,2,1,present
18,2,2,present
19,2,3,present
20,2,4,present
21,2,5,present
22,2,6,present
23,2,7,present
24,2,8,present
25,2,9,present
26,2,10,present
27,2,11,present
28,2,12,present
29,2,13,present
30,2,14,absent
31,2,15,present
32,2,16,present
33,3,1,present
34,3,2,present
35,3,3,present
36,3,4,present
37,3,5,present
38,3,6,present
39,3,7,present
40,3,8,present
41,3,9,present
42,3,10,present
43,3,11,present
44,3,12,present
45,3,13,present
46,3,14,present
47,3,15,present
48,3,16,present
49,4,1,present
50,4,2,present
51,4,3,present
52,4,4,present
53,4,5,present
54,4,6,present
55,4,7,present
56,4,8,present
57,4,9,present
58,4,10,present
59,4,11,present
60,4,12,present
61,4,13,present
62,4,14,present
63,4,15,present
64,4,16,present
65,5,1,present
66,5,2,present
67,5,3,absent
68,5,4,present
69,5,5,present
70,5,6,present
71,5,7,present
72,5,8,present
73,5,9,present
74,5,10,present
75,5,11,present
76,5,12,present
77,5,13,present
78,5,14,present
79,5,15,present
80,5,16,present
81,6,1,present
82,6,2,present
83,6,3,present
84,6,4,present
85,6,5,present
86,6,6,present
87,6,7,present
88,6,8,present
89,6,9,present
90,6,10,present
91,6,11,present
92,6,12,present
93,6,13,absent
94,6,14,present
95,6,15,present
96,6,16,present
97,7,1,present
98,7,2,present
99,7,3,present
100,7,4,present
101,7,5,present
102,7,6,present
103,7,7,present
104,7,8,present
105,7,9,present
106,7,10,present
107,7,11,present
108,7,12,present
109,7,13,present
110,7,14,present
111,7,15,present
112,7,16,present
113,8,1,present
114,8,2,present
115,8,3,present
116,8,4,present
117,8,5,present
118,8,6,present
119,8,7,present
120,8,8,present
121,8,9,present
122,8,10,present
123,8,11,present
124,8,12,present
125,8,13,present
126,8,14,present
127,8,15,present
128,8,16,present
129,9,1,present
130,9,2,present
131,9,3,excused
132,9,4,present
133,9,5,present
134,9,6,present
135,9,7,present
136,9,8,present
137,9,9,present
138,9,10,present
139,9,11,present
140,9,12,present
141,9,13,present
142,9,14,present
143,9,15,present
144,9,16,present
145,10,1,present
146,10,2,present
147,10,3,absent
148,10,4,present
149,10,5,present
150,10,6,late
151,10,7,present
152,10,8,present
153,10,9,present
154,10,10,present
155,10,11,absent
156,10,12,present
157,10,13,present
158,10,14,present
159,10,15,present
160,10,16,present
161,11,1,present
162,11,2,present
163,11,3,absent
164,11,4,present
165,11,5,present
166,11,6,present
167,11,7,present
168,11,8,present
169,11,9,present
170,11,10,present
171,11,11,present
172,11,12,present
173,11,13,present
174,11,14,present
175,11,15,present
176,11,16,present
177,12,1,present
178,12,2,present
179,12,3,present
180,12,4,present
181,12,5,present
182,12,6,present
183,12,7,present
184,12,8,present
185,12,9,absent
186,12,10,present
187,12,11,present
188,12,12,present
189,12,13,absent
190,12,14,present
191,12,15,present
192,12,16,present
193,13,1,present
194,13,2,present
195,13,3,absent
196,13,4,present
197,13,5,present
198,13,6,present
199,13,7,present
200,13,8,present
201,13,9,present
202,13,10,present
203,13,11,present
204,13,12,present
205,13,13,present
206,13,14,absent
207,13,15,present
208,13,16,present
209,14,1,absent
210,14,2,present
211,14,3,present
212,14,4,present
213,14,5,absent
214,14,6,present
215,14,7,present
216,14,8,present
217,14,9,present
218,14,10,present
219,14,11,present
220,14,12,present
221,14,13,present
222,14,14,present
223,14,15,present
224,14,16,present
225,15,1,present
226,15,2,present
227,15,3,present
228,15,4,present
229,15,5,present
230,15,6,present
231,15,7,present
232,15,8,present
233,15,9,present
234,15,10,present
235,15,11,absent
236,15,12,present
237,15,13,present
238,15,14,present
239,15,15,present
240,15,16,present
241,16,1,present
242,16,2,present
243,16,3,present
244,16,4,late
245,16,5,present
246,16,6,present
247,16,7,present
248,16,8,present
249,16,9,present
250,16,10,present
251,16,11,absent
252,16,12,present
253,16,13,absent
254,16,14,present
255,16,15,present
256,16,16,present
257,17,1,present
258,17,2,present
259,17,3,present
260,17,4,present
261,17,5,present
262,17,6,present
263,17,7,present
264,17,8,absent
265,17,9,present
266,17,10,present
267,17,11,present
268,17,12,present
269,17,13,present
270,17,14,present
271,17,15,present
272,17,16,present
273,18,1,late
274,18,2,present
275,18,3,present
276,18,4,present
277,18,5,present
278,18,6,present
279,18,7,present
280,18,8,present
281,18,9,present
282,18,10,present
283,18,11,present
284,18,12,present
285,18,13,present
286,18,14,present
287,18,15,present
288,18,16,present
289,19,1,present
290,19,2,present
291,19,3,present
292,19,4,present
293,19,5,present
294,19,6,absent
295,19,7,present
296,19,8,present
297,19,9,present
298,19,10,present
299,19,11,late
300,19,12,present
301,19,13,present
302,19,14,present
303,19,15,present
304,19,16,present
305,20,1,present
306,20,2,present
307,20,3,present
308,20,4,present
309,20,5,present
310,20,6,present
311,20,7,present
312,20,8,present
313,20,9,present
314,20,10,present
315,20,11,present
316,20,12,present
317,20,13,present
318,20,14,present
319,20,15,present
320,20,16,present
321,21,1,present
322,21,2,present
323,21,3,present
324,21,4,present
325,21,5,present
326,21,6,present
327,21,7,present
328,21,8,present
329,21,9,present
330,21,10,present
331,21,11,present
332,21,12,present
333,21,13,present
334,21,14,present
335,21,15,present
336,21,16,present
337,22,1,present
338,22,2,present
339,22,3,present
340,22,4,present
341,22,5,present
342,22,6,present
343,22,7,present
344,22,8,present
345,22,9,present
346,22,10,absent
347,22,11,present
348,22,12,present
349,22,13,present
350,22,14,present
351,22,15,present
352,22,16,present
353,23,1,absent
354,23,2,present
355,23,3,present
356,23,4,present
357,23,5,present
358,23,6,present
359,23,7,present
360,23,8,present
361,23,9,present
362,23,10,present
363,23,11,absent
364,23,12,absent
365,23,13,present
366,23,14,absent
367,23,15,present
368,23,16,present
369,24,1,present
370,24,2,present
371,24,3,present
372,24,4,present
373,24,5,absent
374,24,6,present
375,24,7,present
376,24,8,present
377,24,9,present
378,24,10,present
379,24,11,present
380,24,12,present
381,24,13,present
382,24,14,present
383,24,15,present
384,24,16,present
385,25,1,present
386,25,2,present
387,25,3,absent
388,25,4,present
389,25,5,present
390,25,6,late
391,25,7,present
392,25,8,present
393,25,9,present
394,25,10,present
395,25,11,present
396,25,12,present
397,25,13,present
398,25,14,late
399,25,15,present
400,25,16,present
401,26,1,present
402,26,2,present
403,26,3,present
404,26,4,present
405,26,5,present
406,26,6,present
407,26,7,present
408,26,8,present
409,26,9,present
410,26,10,present
411,26,11,present
412,26,12,present
413,26,13,present
414,26,14,late
415,26,15,present
416,26,16,late
417,27,1,excused
418,27,2,present
419,27,3,present
420,27,4,present
421,27,5,absent
422,27,6,present
423,27,7,present
424,27,8,present
425,27,9,present
426,27,10,present
427,27,11,present
428,27,12,late
429,27,13,present
430,27,14,present
431,27,15,present
432,27,16,present
433,28,1,present
434,28,2,present
435,28,3,present
436,28,4,present
437,28,5,present
438,28,6,present
439,28,7,present
440,28,8,present
441,28,9,present
442,28,10,present
443,28,11,present
444,28,12,present
445,28,13,present
446,28,14,present
447,28,15,present
448,28,16,present
449,29,1,present
450,29,2,present
451,29,3,present
452,29,4,present
453,29,5,present
454,29,6,present
455,29,7,present
456,29,8,present
457,29,9,absent
458,29,10,late
459,29,11,present
460,29,12,present
461,29,13,present
462,29,14,present
463,29,15,present
464,29,16,present
465,30,1,present
466,30,2,present
467,30,3,present
468,30,4,present
469,30,5,absent
470,30,6,absent
471,30,7,present
472,30,8,present
473,30,9,present
474,30,10,present
475,30,11,present
476,30,12,present
477,30,13,present
478,30,14,present
479,30,15,present
480,30,16,present
481,31,1,present
482,31,2,absent
483,31,3,present
484,31,4,absent
485,31,5,present
486,31,6,present
487,31,7,present
488,31,8,present
489,31,9,present
490,31,10,present
491,31,11,present
492,31,12,present
493,31,13,present
494,31,14,present
495,31,15,present
496,31,16,present
497,32,1,present
498,32,2,present
499,32,3,present
500,32,4,present
501,32,5,present
502,32,6,present
503,32,7,present
504,32,8,present
505,32,9,absent
506,32,10,present
507,32,11,present
508,32,12,present
509,32,13,present
510,32,14,present
511,32,15,present
512,32,16,present
513,33,1,absent
514,33,2,present
515,33,3,present
516,33,4,present
517,33,5,present
518,33,6,present
519,33,7,present
520,33,8,late
521,33,9,present
522,33,10,present
523,33,11,present
524,33,12,present
525,33,13,present
526,33,14,present
527,33,15,present
528,33,16,absent
529,34,1,present
530,34,2,present
531,34,3,present
532,34,4,present
533,34,5,present
534,34,6,absent
535,34,7,present
536,34,8,absent
537,34,9,absent
538,34,10,present
539,34,11,present
540,34,12,present
541,34,13,present
542,34,14,present
543,34,15,present
544,34,16,present
545,35,1,present
546,35,2,absent
547,35,3,absent
548,35,4,present
549,35,5,present
550,35,6,late
551,35,7,present
552,35,8,present
553,35,9,present
554,35,10,present
555,35,11,present
556,35,12,present
557,35,13,present
558,35,14,present
559,35,15,present
560,35,16,present
561,36,1,absent
562,36,2,present
563,36,3,present
564,36,4,present
565,36,5,present
566,36,6,present
567,36,7,present
568,36,8,present
569,36,9,present
570,36,10,present
571,36,11,present
572,36,12,present
573,36,13,present
574,36,14,present
575,36,15,present
576,36,16,present
577,37,1,present
578,37,2,present
579,37,3,present
580,37,4,present
581,37,5,absent
582,37,6,present
583,37,7,present
584,37,8,present
585,37,9,present
586,37,10,present
587,37,11,present
588,37,12,present
589,37,13,present
590,37,14,present
591,37,15,present
592,37,16,present
593,38,1,present
594,38,2,present
595,38,3,present
596,38,4,present
597,38,5,present
598,38,6,present
599,38,7,present
600,38,8,present
601,38,9,present
602,38,10,present
603,38,11,present
604,38,12,present
605,38,13,present
606,38,14,present
607,38,15,present
608,38,16,present
609,39,1,present
610,39,2,absent
611,39,3,present
612,39,4,present
613,39,5,present
614,39,6,present
615,39,7,present
616,39,8,present
617,39,9,absent
618,39,10,present
619,39,11,present
620,39,12,present
621,39,13,present
622,39,14,present
623,39,15,present
624,39,16,present
625,40,1,present
626,40,2,present
627,40,3,present
628,40,4,present
629,40,5,present
630,40,6,present
631,40,7,present
632,40,8,present
633,40,9,present
634,40,10,present
635,40,11,present
636,40,12,present
637,40,13,present
638,40,14,present
639,40,15,present
640,40,16,present
641,41,1,present
642,41,2,present
643,41,3,present
644,41,4,present
645,41,5,present
646,41,6,present
647,41,7,present
648,41,8,present
649,41,9,present
650,41,10,present
651,41,11,present
652,41,12,present
653,41,13,present
654,41,14,present
655,41,15,present
656,41,16,present
657,42,1,absent
658,42,2,present
659,42,3,present
660,42,4,present
661,42,5,absent
662,42,6,present
663,42,7,present
664,42,8,present
665,42,9,present
666,42,10,present
667,42,11,present
668,42,12,present
669,42,13,present
670,42,14,absent
671,42,15,present
672,42,16,present
673,43,1,present
674,43,2,present
675,43,3,present
676,43,4,present
677,43,5,present
678,43,6,present
679,43,7,present
680,43,8,present
681,43,9,present
682,43,10,present
683,43,11,present
684,43,12,present
685,43,13,present
686,43,14,present
687,43,15,present
688,43,16,present
689,44,1,present
690,44,2,present
691,44,3,present
692,44,4,present
693,44,5,present
694,44,6,present
695,44,7,present
696,44,8,present
697,44,9,present
698,44,10,present
699,44,11,present
700,44,12,present
701,44,13,present
702,44,14,present
703,44,15,present
704,44,16,absent
705,45,1,absent
706,45,2,late
707,45,3,present
708,45,4,present
709,45,5,present
710,45,6,present
711,45,7,present
712,45,8,present
713,45,9,late
714,45,10,present
715,45,11,present
716,45,12,present
717,45,13,present
718,45,14,present
719,45,15,present
720,45,16,absent
721,46,1,present
722,46,2,present
723,46,3,present
724,46,4,present
725,46,5,absent
726,46,6,present
727,46,7,present
728,46,8,present
729,46,9,present
730,46,10,absent
731,46,11,present
732,46,12,present
733,46,13,present
734,46,14,present
735,46,15,present
736,46,16,present
737,47,1,present
738,47,2,present
739,47,3,present
740,47,4,absent
741,47,5,absent
742,47,6,absent
743,47,7,present
744,47,8,present
745,47,9,present
746,47,10,present
747,47,11,present
748,47,12,absent
749,47,13,present
750,47,14,present
751,47,15,absent
752,47,16,present
753,48,1,present
754,48,2,present
755,48,3,present
756,48,4,present
757,48,5,present
758,48,6,absent
759,48,7,present
760,48,8,present
761,48,9,present
762,48,10,present
763,48,11,present
764,48,12,present
765,48,13,present
766,48,14,present
767,48,15,present
768,48,16,absent
769,49,1,present
770,49,2,present
771,49,3,present
772,49,4,present
773,49,5,absent
774,49,6,present
775,49,7,present
776,49,8,present
777,49,9,present
778,49,10,present
779,49,11,present
780,49,12,absent
781,49,13,present
782,49,14,late
783,49,15,present
784,49,16,present
785,50,1,present
786,50,2,present
787,50,3,present
788,50,4,present
789,50,5,absent
790,50,6,present
791,50,7,present
792,50,8,present
793,50,9,present
794,50,10,present
795,50,11,present
796,50,12,present
797,50,13,present
798,50,14,present
799,50,15,absent
800,50,16,present
801,51,1,present
802,51,2,absent
803,51,3,present
804,51,4,present
805,51,5,present
806,51,6,present
807,51,7,present
808,51,8,present
809,51,9,absent
810,51,10,present
811,51,11,present
812,51,12,present
813,51,13,present
814,51,14,present
815,51,15,present
816,51,16,present
817,52,1,present
818,52,2,present
819,52,3,present
820,52,4,present
821,52,5,absent
822,52,6,present
823,52,7,present
824,52,8,present
825,52,9,present
826,52,10,present
827,52,11,present
828,52,12,present
829,52,13,present
830,52,14,present
831,52,15,present
832,52,16,present
833,53,1,present
834,53,2,present
835,53,3,present
836,53,4,present
837,53,5,present
838,53,6,absent
839,53,7,present
840,53,8,present
841,53,9,absent
842,53,10,present
843,53,11,present
844,53,12,present
845,53,13,present
846,53,14,present
847,53,15,absent
848,53,16,present
849,54,1,absent
850,54,2,present
851,54,3,absent
852,54,4,present
853,54,5,present
854,54,6,absent
855,54,7,present
856,54,8,present
857,54,9,absent
858,54,10,present
859,54,11,present
860,54,12,present
861,54,13,present
862,54,14,present
863,54,15,present
864,54,16,present
865,55,1,present
866,55,2,present
867,55,3,present
868,55,4,present
869,55,5,present
870,55,6,present
871,55,7,present
872,55,8,present
873,55,9,present
874,55,10,present
875,55,11,present
876,55,12,present
877,55,13,present
878,55,14,present
879,55,15,present
880,55,16,present
881,56,1,present
882,56,2,present
883,56,3,present
884,56,4,present
885,56,5,present
886,56,6,present
887,56,7,present
888,56,8,present
889,56,9,absent
890,56,10,present
891,56,11,present
892,56,12,present
893,56,13,present
894,56,14,present
895,56,15,present
896,56,16,present
897,57,1,present
898,57,2,present
899,57,3,present
900,57,4,present
901,57,5,absent
902,57,6,absent
903,57,7,present
904,57,8,present
905,57,9,present
906,57,10,present
907,57,11,present
908,57,12,present
909,57,13,present
910,57,14,present
911,57,15,present
912,57,16,present
913,58,1,late
914,58,2,present
915,58,3,present
916,58,4,present
917,58,5,present
918,58,6,present
919,58,7,present
920,58,8,present
921,58,9,absent
922,58,10,present
923,58,11,present
924,58,12,present
925,58,13,present
926,58,14,present
927,58,15,present
928,58,16,absent
929,59,1,absent
930,59,2,present
931,59,3,present
932,59,4,present
933,59,5,present
934,59,6,present
935,59,7,present
936,59,8,present
937,59,9,present
938,59,10,late
939,59,11,present
940,59,12,present
941,59,13,present
942,59,14,present
943,59,15,present
944,59,16,present
945,60,1,present
946,60,2,present
947,60,3,present
948,60,4,absent
949,60,5,present
950,60,6,absent
951,60,7,present
952,60,8,absent
953,60,9,present
954,60,10,present
955,60,11,present
956,60,12,present
957,60,13,present
958,60,14,present
959,60,15,absent
960,60,16,present
961,61,1,present
962,61,2,present
963,61,3,present
964,61,4,present
965,61,5,present
966,61,6,present
967,61,7,present
968,61,8,present
969,61,9,present
970,61,10,present
971,61,11,present
972,61,12,present
973,61,13,present
974,61,14,late
975,61,15,absent
976,61,16,absent
977,62,1,absent
978,62,2,present
979,62,3,present
980,62,4,absent
981,62,5,present
982,62,6,present
983,62,7,present
984,62,8,present
985,62,9,absent
986,62,10,absent
987,62,11,present
988,62,12,present
989,62,13,present
990,62,14,present
991,62,15,absent
992,62,16,present
993,63,1,present
994,63,2,present
995,63,3,present
996,63,4,present
997,63,5,absent
998,63,6,present
999,63,7,present
1000,63,8,present
1001,64,1,present
1002,64,2,present
1003,64,3,present
1004,64,4,present
1005,64,5,present
1006,64,6,present
1007,64,7,present
1008,64,8,present
1009,65,1,late
1010,65,2,present
1011,65,3,present
1012,65,4,present
1013,65,5,present
1014,65,6,present
1015,65,7,present
1016,65,8,present
1017,66,1,present
1018,66,2,present
1019,66,3,present
1020,66,4,present
1021,66,5,present
1022,66,6,present
1023,66,7,present
1024,66,8,present
1025,67,1,present
1026,67,2,present
1027,67,3,present
1028,67,4,present
1029,67,5,present
1030,67,6,present
1031,67,7,present
1032,67,8,excused
1033,68,1,present
1034,68,2,absent
1035,68,3,present
1036,68,4,present
1037,68,5,present
1038,68,6,present
1039,68,7,present
1040,68,8,present
1041,69,1,absent
1042,69,2,present
1043,69,3,present
1044,69,4,late
1045,69,5,present
1046,69,6,present
1047,69,7,absent
1048,69,8,present
1049,70,1,present
1050,70,2,present
1051,70,3,present
1052,70,4,present
1053,70,5,present
1054,70,6,present
1055,70,7,present
1056,70,8,present
1057,71,1,present
1058,71,2,present
1059,71,3,present
1060,71,4,present
1061,71,5,present
1062,71,6,present
1063,71,7,present
1064,71,8,present
1065,72,1,present
1066,72,2,present
1067,72,3,absent
1068,72,4,absent
1069,72,5,present
1070,72,6,absent
1071,72,7,present
1072,72,8,present
1073,73,1,present
1074,73,2,present
1075,73,3,present
1076,73,4,late
1077,73,5,present
1078,73,6,present
1079,73,7,present
1080,73,8,present
1081,74,9,present
1082,74,10,present
1083,74,11,present
1084,74,12,present
1085,74,13,present
1086,74,14,present
1087,74,15,present
1088,74,16,present
1089,75,9,excused
1090,75,10,present
1091,75,11,present
1092,75,12,present
1093,75,13,present
1094,75,14,present
1095,75,15,late
1096,75,16,present
1097,76,9,absent
1098,76,10,present
1099,76,11,present
1100,76,12,present
1101,76,13,present
1102,76,14,present
1103,76,15,present
1104,76,16,present
1105,77,9,present
1106,77,10,present
1107,77,11,present
1108,77,12,present
1109,77,13,present
1110,77,14,present
1111,77,15,present
1112,77,16,present
1113,78,9,present
1114,78,10,present
1115,78,11,present
1116,78,12,present
1117,78,13,present
1118,78,14,present
1119,78,15,present
1120,78,16,present
1121,79,9,present
1122,79,10,present
1123,79,11,absent
1124,79,12,present
1125,79,13,present
1126,79,14,present
1127,79,15,absent
1128,79,16,present
1129,80,9,present
1130,80,10,present
1131,80,11,present
1132,80,12,present
1133,80,13,present
1134,80,14,present
1135,80,15,present
1136,80,16,present
1137,81,9,present
1138,81,10,present
1139,81,11,absent
1140,81,12,present
1141,81,13,present
1142,81,14,present
1143,81,15,present
1144,81,16,present
1145,82,9,present
1146,82,10,present
1147,82,11,present
1148,82,12,present
1149,82,13,present
1150,82,14,present
1151,82,15,present
1152,82,16,present
1153,83,9,present
1154,83,10,present
1155,83,11,present
1156,83,12,present
1157,83,13,present
1158,83,14,present
1159,83,15,absent
1160,83,16,present
1161,84,1,present
1162,84,2,present
1163,84,3,present
1164,84,4,present
1165,84,5,present
1166,84,6,present
1167,84,7,present
1168,84,8,present
1169,84,9,present
1170,84,10,present
1171,84,11,present
1172,84,12,present
1173,84,13,present
1174,84,14,present
1175,84,15,present
1176,84,16,present
1177,85,1,absent
1178,85,2,excused
1179,85,3,present
1180,85,4,present
1181,85,5,absent
1182,85,6,present
1183,85,7,present
1184,85,8,present
1185,85,9,present
1186,85,10,present
1187,85,11,present
1188,85,12,present
1189,85,13,present
1190,85,14,present
1191,85,15,present
1192,85,16,present
1193,86,1,present
1194,86,2,present
1195,86,3,present
1196,86,4,present
1197,86,5,present
1198,86,6,absent
1199,86,7,present
1200,86,8,present
1201,86,9,present
1202,86,10,present
1203,86,11,present
1204,86,12,present
1205,86,13,present
1206,86,14,present
1207,86,15,present
1208,86,16,present
1209,87,1,present
1210,87,2,present
1211,87,3,present
1212,87,4,present
1213,87,5,present
1214,87,6,present
1215,87,7,present
1216,87,8,present
1217,87,9,present
1218,87,10,present
1219,87,11,present
1220,87,12,present
1221,87,13,absent
1222,87,14,present
1223,87,15,absent
1224,87,16,late
1225,88,1,present
1226,88,2,present
1227,88,3,excused
1228,88,4,present
1229,88,5,present
1230,88,6,absent
1231,88,7,present
1232,88,8,present
1233,88,9,present
1234,88,10,present
1235,88,11,present
1236,88,12,present
1237,88,13,present
1238,88,14,present
1239,88,15,present
1240,88,16,present
1241,89,1,present
1242,89,2,present
1243,89,3,present
1244,89,4,present
1245,89,5,absent
1246,89,6,absent
1247,89,7,present
1248,89,8,present
1249,89,9,present
1250,89,10,present
1251,89,11,present
1252,89,12,absent
1253,89,13,present
1254,89,14,present
1255,89,15,present
1256,89,16,present
1257,90,1,present
1258,90,2,present
1259,90,3,late
1260,90,4,absent
1261,90,5,present
1262,90,6,present
1263,90,7,late
1264,90,8,absent
1265,90,9,present
1266,90,10,present
1267,90,11,present
1268,90,12,present
1269,90,13,present
1270,90,14,present
1271,90,15,present
1272,90,16,present
1273,91,1,absent
1274,91,2,present
1275,91,3,present
1276,91,4,present
1277,91,5,absent
1278,91,6,present
1279,91,7,present
1280,91,8,present
1281,91,9,present
1282,91,10,present
1283,91,11,present
1284,91,12,present
1285,91,13,present
1286,91,14,present
1287,91,15,present
1288,91,16,present
1289,92,1,present
1290,92,2,present
1291,92,3,present
1292,92,4,present
1293,92,5,present
1294,92,6,absent
1295,92,7,absent
1296,92,8,present
1297,92,9,present
1298,92,10,present
1299,92,11,present
1300,92,12,absent
1301,92,13,present
1302,92,14,present
1303,92,15,absent
1304,92,16,present
1305,93,1,excused
1306,93,2,present
1307,93,3,absent
1308,93,4,present
1309,93,5,present
1310,93,6,present
1311,93,7,present
1312,93,8,present
1313,93,9,present
1314,93,10,present
1315,93,11,present
1316,93,12,present
1317,93,13,present
1318,93,14,present
1319,93,15,present
1320,93,16,present
1321,94,1,present
1322,94,2,present
1323,94,3,present
1324,94,4,present
1325,94,5,present
1326,94,6,present
1327,94,7,present
1328,94,8,present
1329,94,9,absent
1330,94,10,present
1331,94,11,present
1332,94,12,present
1333,94,13,present
1334,94,14,present
1335,94,15,present
1336,94,16,present
1337,95,1,late
1338,95,2,present
1339,95,3,present
1340,95,4,present
1341,95,5,present
1342,95,6,excused
1343,95,7,present
1344,95,8,present
1345,95,9,present
1346,95,10,present
1347,95,11,absent
1348,95,12,present
1349,95,13,excused
1350,95,14,present
1351,95,15,present
1352,95,16,present
1353,96,1,present
1354,96,2,present
1355,96,3,present
1356,96,4,present
1357,96,5,present
1358,96,6,present
1359,96,7,absent
1360,96,8,present
1361,96,9,present
1362,96,10,present
1363,96,11,present
1364,96,12,present
1365,96,13,present
1366,96,14,present
1367,96,15,present
1368,96,16,present
1369,97,1,absent
1370,97,2,present
1371,97,3,absent
1372,97,4,present
1373,97,5,absent
1374,97,6,absent
1375,97,7,present
1376,97,8,present
1377,97,9,present
1378,97,10,present
1379,97,11,present
1380,97,12,present
1381,97,13,present
1382,97,14,present
1383,97,15,present
1384,97,16,present
1385,98,1,present
1386,98,2,present
1387,98,3,present
1388,98,4,present
1389,98,5,present
1390,98,6,present
1391,98,7,present
1392,98,8,absent
1393,98,9,absent
1394,98,10,present
1395,98,11,present
1396,98,12,present
1397,98,13,present
1398,98,14,present
1399,98,15,present
1400,98,16,late
1401,99,1,absent
1402,99,2,present
1403,99,3,present
1404,99,4,present
1405,99,5,present
1406,99,6,absent
1407,99,7,present
1408,99,8,present
1409,99,9,absent
1410,99,10,present
1411,99,11,present
1412,99,12,present
1413,99,13,present
1414,99,14,present
1415,99,15,present
1416,99,16,absent
1417,100,1,absent
1418,100,2,present
1419,100,3,absent
1420,100,4,present
1421,100,5,present
1422,100,6,present
1423,100,7,present
1424,100,8,present
1425,100,9,present
1426,100,10,present
1427,100,11,present
1428,100,12,absent
1429,100,13,present
1430,100,14,present
1431,100,15,absent
1432,100,16,present
1433,101,1,present
1434,101,2,excused
1435,101,3,present
1436,101,4,present
1437,101,5,present
1438,101,6,absent
1439,101,7,present
1440,101,8,absent
1441,101,9,absent
1442,101,10,present
1443,101,11,present
1444,101,12,absent
1445,101,13,absent
1446,101,14,present
1447,101,15,present
1448,101,16,present
1449,102,1,present
1450,102,2,present
1451,102,3,present
1452,102,4,present
1453,102,5,present
1454,102,6,present
1455,102,7,present
1456,102,8,present
1457,102,9,present
1458,102,10,present
1459,102,11,present
1460,102,12,present
1461,102,13,present
1462,102,14,present
1463,102,15,present
1464,102,16,present
1465,103,1,absent
1466,103,2,present
1467,103,3,present
1468,103,4,present
1469,103,5,present
1470,103,6,present
1471,103,7,present
1472,103,8,present
1473,103,9,present
1474,103,10,present
1475,103,11,present
1476,103,12,present
1477,103,13,absent
1478,103,14,present
1479,103,15,absent
1480,103,16,present
1481,104,1,present
1482,104,2,present
1483,104,3,present
1484,104,4,present
1485,104,5,present
1486,104,6,absent
1487,104,7,present
1488,104,8,present
1489,104,9,absent
1490,104,10,present
1491,104,11,present
1492,104,12,absent
1493,104,13,present
1494,104,14,present
1495,104,15,absent
1496,104,16,present
1497,105,1,present
1498,105,2,present
1499,105,3,present
1500,105,4,present
1501,105,5,present
1502,105,6,present
1503,105,7,excused
1504,105,8,present
1505,105,9,present
1506,105,10,present
1507,105,11,present
1508,105,12,absent
1509,105,13,present
1510,105,14,present
1511,105,15,present
1512,105,16,present
1513,106,1,present
1514,106,2,absent
1515,106,3,present
1516,106,4,present
1517,106,5,absent
1518,106,6,present
1519,106,7,present
1520,106,8,present
1521,106,9,present
1522,106,10,present
1523,106,11,present
1524,106,12,absent
1525,106,13,absent
1526,106,14,present
1527,106,15,present
1528,106,16,present
1529,107,1,absent
1530,107,2,present
1531,107,3,present
1532,107,4,present
1533,107,5,present
1534,107,6,present
1535,107,7,present
1536,107,8,present
1537,107,9,absent
1538,107,10,present
1539,107,11,present
1540,107,12,present
1541,107,13,present
1542,107,14,present
1543,107,15,present
1544,107,16,present
1545,108,1,present
1546,108,2,present
1547,108,3,present
1548,108,4,present
1549,108,5,present
1550,108,6,present
1551,108,7,present
1552,108,8,present
1553,108,9,late
1554,108,10,present
1555,108,11,present
1556,108,12,present
1557,108,13,present
1558,108,14,present
1559,108,15,present
1560,108,16,present
1561,109,1,absent
1562,109,2,present
1563,109,3,present
1564,109,4,absent
1565,109,5,present
1566,109,6,absent
1567,109,7,present
1568,109,8,present
1569,109,9,present
1570,109,10,present
1571,109,11,present
1572,109,12,present
1573,109,13,excused
1574,109,14,present
1575,109,15,present
1576,109,16,present
1577,110,1,present
1578,110,2,present
1579,110,3,present
1580,110,4,present
1581,110,5,present
1582,110,6,present
1583,110,7,present
1584,110,8,present
1585,110,9,present
1586,110,10,present
1587,110,11,present
1588,110,12,absent
1589,110,13,present
1590,110,14,present
1591,110,15,present
1592,110,16,present
1593,111,1,present
1594,111,2,present
1595,111,3,present
1596,111,4,present
1597,111,5,present
1598,111,6,present
1599,111,7,present
1600,111,8,present
1601,111,9,absent
1602,111,10,present
1603,111,11,present
1604,111,12,present
1605,111,13,present
1606,111,14,present
1607,111,15,present
1608,111,16,present
1609,112,1,present
1610,112,2,present
1611,112,3,present
1612,112,4,present
1613,112,5,absent
1614,112,6,absent
1615,112,7,absent
1616,112,8,present
1617,112,9,present
1618,112,10,absent
1619,112,11,present
1620,112,12,present
1621,112,13,absent
1622,112,14,present
1623,112,15,present
1624,112,16,present
1625,113,1,present
1626,113,2,present
1627,113,3,present
1628,113,4,present
1629,113,5,present
1630,113,6,present
1631,113,7,present
1632,113,8,present
1633,113,9,present
1634,113,10,present
1635,113,11,present
1636,113,12,present
1637,113,13,present
1638,113,14,present
1639,113,15,present
1640,113,16,present
1641,114,1,present
1642,114,2,present
1643,114,3,present
1644,114,4,present
1645,114,5,present
1646,114,6,present
1647,114,7,present
1648,114,8,present
1649,114,9,present
1650,114,10,present
1651,114,11,present
1652,114,12,present
1653,114,13,present
1654,114,14,present
1655,114,15,present
1656,114,16,present
1657,115,1,present
1658,115,2,present
1659,115,3,present
1660,115,4,present
1661,115,5,absent
1662,115,6,present
1663,115,7,present
1664,115,8,present
1665,115,9,present
1666,115,10,present
1667,115,11,present
1668,115,12,present
1669,115,13,present
1670,115,14,present
1671,115,15,present
1672,115,16,present
1673,116,1,present
1674,116,2,present
1675,116,3,present
1676,116,4,absent
1677,116,5,present
1678,116,6,present
1679,116,7,present
1680,116,8,present
1681,116,9,present
1682,116,10,present
1683,116,11,present
1684,116,12,present
1685,116,13,present
1686,116,14,present
1687,116,15,absent
1688,116,16,present
1689,117,1,present
1690,117,2,present
1691,117,3,present
1692,117,4,present
1693,117,5,late
1694,117,6,late
1695,117,7,present
1696,117,8,present
1697,117,9,present
1698,117,10,present
1699,117,11,present
1700,117,12,present
1701,117,13,absent
1702,117,14,present
1703,117,15,present
1704,117,16,present
1705,118,1,present
1706,118,2,present
1707,118,3,present
1708,118,4,present
1709,118,5,present
1710,118,6,absent
1711,118,7,present
1712,118,8,present
1713,118,9,present
1714,118,10,present
1715,118,11,present
1716,118,12,present
1717,118,13,present
1718,118,14,present
1719,118,15,present
1720,118,16,present
1721,119,1,present
1722,119,2,present
1723,119,3,present
1724,119,4,present
1725,119,5,present
1726,119,6,present
1727,119,7,present
1728,119,8,present
1729,119,9,present
1730,119,10,present
1731,119,11,present
1732,119,12,present
1733,119,13,present
1734,119,14,present
1735,119,15,present
1736,119,16,present
1737,120,1,present
1738,120,2,present
1739,120,3,absent
1740,120,4,present
1741,120,5,present
1742,120,6,present
1743,120,7,present
1744,120,8,present
1745,120,9,present
1746,120,10,present
1747,120,11,present
1748,120,12,present
1749,120,13,present
1750,120,14,present
1751,120,15,present
1752,120,16,present
1753,121,1,present
1754,121,2,present
1755,121,3,present
1756,121,4,present
1757,121,5,absent
1758,121,6,present
1759,121,7,present
1760,121,8,present
1761,121,9,absent
1762,121,10,present
1763,121,11,present
1764,121,12,present
1765,121,13,present
1766,121,14,present
1767,121,15,present
1768,121,16,present
1769,122,1,present
1770,122,2,present
1771,122,3,present
1772,122,4,present
1773,122,5,present
1774,122,6,present
1775,122,7,present
1776,122,8,present
1777,122,9,present
1778,122,10,present
1779,122,11,present
1780,122,12,present
1781,122,13,present
1782,122,14,present
1783,122,15,present
1784,122,16,present
1785,123,1,present
1786,123,2,present
1787,123,3,absent
1788,123,4,present
1789,123,5,present
1790,123,6,present
1791,123,7,present
1792,123,8,present
1793,123,9,present
1794,123,10,present
1795,123,11,present
1796,123,12,present
1797,123,13,present
1798,123,14,present
1799,123,15,absent
1800,123,16,present
1801,124,1,absent
1802,124,2,present
1803,124,3,present
1804,124,4,present
1805,124,5,present
1806,124,6,present
1807,124,7,present
1808,124,8,present
1809,124,9,present
1810,124,10,present
1811,124,11,present
1812,124,12,present
1813,124,13,present
1814,124,14,present
1815,124,15,present
1816,124,16,present
1817,125,1,present
1818,125,2,present
1819,125,3,present
1820,125,4,absent
1821,125,5,present
1822,125,6,present
1823,125,7,present
1824,125,8,present
1825,125,9,present
1826,125,10,present
1827,125,11,present
1828,125,12,present
1829,125,13,present
1830,125,14,present
1831,125,15,present
1832,125,16,present
1833,126,1,present
1834,126,2,present
1835,126,3,present
1836,126,4,present
1837,126,5,present
1838,126,6,present
1839,126,7,present
1840,126,8,present
1841,126,9,present
1842,126,10,present
1843,126,11,present
1844,126,12,present
1845,126,13,present
1846,126,14,present
1847,126,15,present
1848,126,16,present
1849,127,1,present
1850,127,2,present
1851,127,3,present
1852,127,4,present
1853,127,5,present
1854,127,6,present
1855,127,7,present
1856,127,8,present
1857,127,9,present
1858,127,10,present
1859,127,11,present
1860,127,12,present
1861,127,13,present
1862,127,14,present
1863,127,15,present
1864,127,16,present
1865,128,1,present
1866,128,2,present
1867,128,3,present
1868,128,4,absent
1869,128,5,present
1870,128,6,present
1871,128,7,present
1872,128,8,present
1873,128,9,present
1874,128,10,present
1875,128,11,present
1876,128,12,present
1877,128,13,present
1878,128,14,late
1879,128,15,excused
1880,128,16,present
1881,129,1,present
1882,129,2,present
1883,129,3,present
1884,129,4,present
1885,129,5,absent
1886,129,6,present
1887,129,7,present
1888,129,8,present
1889,129,9,present
1890,129,10,present
1891,129,11,present
1892,129,12,present
1893,129,13,present
1894,129,14,present
1895,129,15,present
1896,129,16,present
1897,130,1,present
1898,130,2,absent
1899,130,3,present
1900,130,4,excused
1901,130,5,present
1902,130,6,present
1903,130,7,present
1904,130,8,present
1905,130,9,present
1906,130,10,present
1907,130,11,present
1908,130,12,present
1909,130,13,present
1910,130,14,absent
1911,130,15,present
1912,130,16,present
1913,131,1,present
1914,131,2,present
1915,131,3,absent
1916,131,4,present
1917,131,5,present
1918,131,6,absent
1919,131,7,present
1920,131,8,present
1921,131,9,present
1922,131,10,present
1923,131,11,present
1924,131,12,present
1925,131,13,present
1926,131,14,present
1927,131,15,present
1928,131,16,present
1929,132,1,present
1930,132,2,present
1931,132,3,present
1932,132,4,absent
1933,132,5,absent
1934,132,6,present
1935,132,7,present
1936,132,8,present
1937,132,9,present
1938,132,10,present
1939,132,11,present
1940,132,12,present
1941,132,13,present
1942,132,14,absent
1943,132,15,present
1944,132,16,present
1945,133,1,present
1946,133,2,present
1947,133,3,present
1948,133,4,absent
1949,133,5,present
1950,133,6,present
1951,133,7,present
1952,133,8,present
1953,133,9,present
1954,133,10,absent
1955,133,11,present
1956,133,12,present
1957,133,13,late
1958,133,14,present
1959,133,15,present
1960,133,16,present
1961,134,1,present
1962,134,2,present
1963,134,3,absent
1964,134,4,late
1965,134,5,absent
1966,134,6,present
1967,134,7,present
1968,134,8,present
1969,134,9,present
1970,134,10,present
1971,134,11,present
1972,134,12,present
1973,134,13,present
1974,134,14,present
1975,134,15,present
1976,134,16,present
1977,135,1,present
1978,135,2,present
1979,135,3,present
1980,135,4,absent
1981,135,5,present
1982,135,6,present
1983,135,7,present
1984,135,8,present
1985,135,9,present
1986,135,10,present
1987,135,11,present
1988,135,12,absent
1989,135,13,present
1990,135,14,present
1991,135,15,present
1992,135,16,present
1993,136,1,present
1994,136,2,present
1995,136,3,present
1996,136,4,present
1997,136,5,present
1998,136,6,late
1999,136,7,present
2000,136,8,present
2001,136,9,present
2002,136,10,present
2003,136,11,present
2004,136,12,present
2005,136,13,late
2006,136,14,absent
2007,136,15,present
2008,136,16,present
2009,137,1,late
2010,137,2,present
2011,137,3,present
2012,137,4,present
2013,137,5,present
2014,137,6,present
2015,137,7,present
2016,137,8,present
2017,137,9,present
2018,137,10,present
2019,137,11,present
2020,137,12,present
2021,137,13,present
2022,137,14,present
2023,137,15,present
2024,137,16,present
2025,138,1,present
2026,138,2,present
2027,138,3,present
2028,138,4,absent
2029,138,5,present
2030,138,6,present
2031,138,7,present
2032,138,8,present
2033,138,9,present
2034,138,10,absent
2035,138,11,present
2036,138,12,present
2037,138,13,present
2038,138,14,present
2039,138,15,late
2040,138,16,present
2041,139,1,present
2042,139,2,present
2043,139,3,present
2044,139,4,present
2045,139,5,absent
2046,139,6,present
2047,139,7,present
2048,139,8,excused
2049,139,9,present
2050,139,10,present
2051,139,11,present
2052,139,12,present
2053,139,13,present
2054,139,14,present
2055,139,15,present
2056,139,16,present
2057,140,1,present
2058,140,2,present
2059,140,3,present
2060,140,4,present
2061,140,5,late
2062,140,6,present
2063,140,7,present
2064,140,8,present
2065,140,9,present
2066,140,10,present
2067,140,11,present
2068,140,12,present
2069,140,13,present
2070,140,14,absent
2071,140,15,present
2072,140,16,present
2073,141,1,present
2074,141,2,present
2075,141,3,present
2076,141,4,present
2077,141,5,present
2078,141,6,present
2079,141,7,present
2080,141,8,present
2081,141,9,present
2082,141,10,present
2083,141,11,present
2084,141,12,present
2085,141,13,present
2086,141,14,present
2087,141,15,absent
2088,141,16,present
2089,142,1,present
2090,142,2,present
2091,142,3,present
2092,142,4,present
2093,142,5,late
2094,142,6,present
2095,142,7,present
2096,142,8,present
2097,142,9,absent
2098,142,10,present
2099,142,11,present
2100,142,12,present
2101,142,13,present
2102,142,14,absent
2103,142,15,present
2104,142,16,present
2105,143,1,present
2106,143,2,present
2107,143,3,present
2108,143,4,present
2109,143,5,present
2110,143,6,absent
2111,143,7,present
2112,143,8,present
2113,143,9,present
2114,143,10,present
2115,143,11,present
2116,143,12,present
2117,143,13,absent
2118,143,14,present
2119,143,15,present
2120,143,16,present
2121,144,1,present
2122,144,2,present
2123,144,3,absent
2124,144,4,present
2125,144,5,late
2126,144,6,present
2127,144,7,present
2128,144,8,present
2129,144,9,present
2130,144,10,present
2131,144,11,present
2132,144,12,present
2133,144,13,present
2134,144,14,present
2135,144,15,present
2136,144,16,present
2137,145,1,present
2138,145,2,present
2139,145,3,present
2140,145,4,present
2141,145,5,present
2142,145,6,present
2143,145,7,present
2144,145,8,present
2145,146,1,present
2146,146,2,present
2147,146,3,present
2148,146,4,absent
2149,146,5,present
2150,146,6,present
2151,146,7,present
2152,146,8,present
2153,147,1,present
2154,147,2,present
2155,147,3,present
2156,147,4,absent
2157,147,5,present
2158,147,6,present
2159,147,7,present
2160,147,8,present
2161,148,1,present
2162,148,2,present
2163,148,3,present
2164,148,4,present
2165,148,5,present
2166,148,6,present
2167,148,7,present
2168,148,8,present
2169,149,1,absent
2170,149,2,present
2171,149,3,present
2172,149,4,present
2173,149,5,present
2174,149,6,present
2175,149,7,present
2176,149,8,present
2177,150,1,present
2178,150,2,present
2179,150,3,present
2180,150,4,present
2181,150,5,present
2182,150,6,present
2183,150,7,present
2184,150,8,present
2185,151,1,present
2186,151,2,present
2187,151,3,present
2188,151,4,present
2189,151,5,present
2190,151,6,present
2191,151,7,present
2192,151,8,present
2193,152,1,present
2194,152,2,present
2195,152,3,present
2196,152,4,present
2197,152,5,present
2198,152,6,present
2199,152,7,present
2200,152,8,present
2201,153,1,absent
2202,153,2,present
2203,153,3,absent
2204,153,4,present
2205,153,5,late
2206,153,6,present
2207,153,7,present
2208,153,8,present
2209,154,1,present
2210,154,2,present
2211,154,3,present
2212,154,4,present
2213,154,5,present
2214,154,6,present
2215,154,7,present
2216,154,8,present
2217,155,1,absent
2218,155,2,present
2219,155,3,present
2220,155,4,present
2221,155,5,present
2222,155,6,present
2223,155,7,present
2224,155,8,present
2225,156,9,present
2226,156,10,present
2227,156,11,present
2228,156,12,absent
2229,156,13,present
2230,156,14,present
2231,156,15,present
2232,156,16,present
2233,157,9,present
2234,157,10,present
2235,157,11,present
2236,157,12,present
2237,157,13,present
2238,157,14,present
2239,157,15,absent
2240,157,16,present
2241,158,9,present
2242,158,10,present
2243,158,11,present
2244,158,12,absent
2245,158,13,present
2246,158,14,present
2247,158,15,present
2248,158,16,present
2249,159,9,present
2250,159,10,present
2251,159,11,present
2252,159,12,present
2253,159,13,present
2254,159,14,present
2255,159,15,present
2256,159,16,present
2257,160,9,present
2258,160,10,present
2259,160,11,present
2260,160,12,present
2261,160,13,present
2262,160,14,present
2263,160,15,excused
2264,160,16,present
2265,161,9,present
2266,161,10,present
2267,161,11,present
2268,161,12,absent
2269,161,13,present
2270,161,14,present
2271,161,15,present
2272,161,16,present
2273,162,9,present
2274,162,10,present
2275,162,11,present
2276,162,12,absent
2277,162,13,present
2278,162,14,present
2279,162,15,present
2280,162,16,present
2281,163,9,present
2282,163,10,present
2283,163,11,present
2284,163,12,present
2285,163,13,present
2286,163,14,present
2287,163,15,present
2288,163,16,present
2289,164,9,present
2290,164,10,present
2291,164,11,present
2292,164,12,present
2293,164,13,present
2294,164,14,present
2295,164,15,present
2296,164,16,present
2297,165,9,present
2298,165,10,present
2299,165,11,present
2300,165,12,present
2301,165,13,present
2302,165,14,present
2303,165,15,present
2304,165,16,present
2305,166,1,present
2306,166,2,present
2307,166,3,absent
2308,166,4,present
2309,166,5,present
2310,166,6,present
2311,166,7,present
2312,166,8,present
2313,166,9,present
2314,166,10,present
2315,166,11,present
2316,166,12,present
2317,166,13,present
2318,166,14,present
2319,166,15,present
2320,166,16,present
2321,167,1,present
2322,167,2,present
2323,167,3,present
2324,167,4,present
2325,167,5,present
2326,167,6,present
2327,167,7,present
2328,167,8,present
2329,167,9,present
2330,167,10,present
2331,167,11,present
2332,167,12,late
2333,167,13,present
2334,167,14,present
2335,167,15,present
2336,167,16,absent
2337,168,1,present
2338,168,2,present
2339,168,3,present
2340,168,4,present
2341,168,5,present
2342,168,6,absent
2343,168,7,absent
2344,168,8,present
2345,168,9,present
2346,168,10,present
2347,168,11,present
2348,168,12,present
2349,168,13,present
2350,168,14,present
2351,168,15,present
2352,168,16,present
2353,169,1,present
2354,169,2,present
2355,169,3,absent
2356,169,4,present
2357,169,5,absent
2358,169,6,present
2359,169,7,present
2360,169,8,present
2361,169,9,present
2362,169,10,present
2363,169,11,present
2364,169,12,present
2365,169,13,present
2366,169,14,present
2367,169,15,present
2368,169,16,present
2369,170,1,present
2370,170,2,present
2371,170,3,present
2372,170,4,present
2373,170,5,present
2374,170,6,present
2375,170,7,present
2376,170,8,present
2377,170,9,absent
2378,170,10,absent
2379,170,11,present
2380,170,12,present
2381,170,13,present
2382,170,14,present
2383,170,15,present
2384,170,16,present
2385,171,1,present
2386,171,2,present
2387,171,3,present
2388,171,4,present
2389,171,5,present
2390,171,6,present
2391,171,7,present
2392,171,8,present
2393,171,9,absent
2394,171,10,present
2395,171,11,absent
2396,171,12,present
2397,171,13,absent
2398,171,14,present
2399,171,15,present
2400,171,16,present
2401,172,1,present
2402,172,2,present
2403,172,3,absent
2404,172,4,present
2405,172,5,present
2406,172,6,present
2407,172,7,present
2408,172,8,present
2409,172,9,present
2410,172,10,present
2411,172,11,present
2412,172,12,absent
2413,172,13,present
2414,172,14,present
2415,172,15,present
2416,172,16,present
2417,173,1,present
2418,173,2,present
2419,173,3,present
2420,173,4,present
2421,173,5,present
2422,173,6,present
2423,173,7,present
2424,173,8,absent
2425,173,9,present
2426,173,10,present
2427,173,11,present
2428,173,12,present
2429,173,13,present
2430,173,14,present
2431,173,15,present
2432,173,16,present
2433,174,1,present
2434,174,2,present
2435,174,3,present
2436,174,4,present
2437,174,5,absent
2438,174,6,present
2439,174,7,present
2440,174,8,present
2441,174,9,present
2442,174,10,present
2443,174,11,present
2444,174,12,present
2445,174,13,present
2446,174,14,absent
2447,174,15,present
2448,174,16,present
2449,175,1,present
2450,175,2,present
2451,175,3,present
2452,175,4,present
2453,175,5,present
2454,175,6,present
2455,175,7,present
2456,175,8,absent
2457,175,9,present
2458,175,10,present
2459,175,11,present
2460,175,12,present
2461,175,13,present
2462,175,14,present
2463,175,15,present
2464,175,16,present
2465,176,1,present
2466,176,2,present
2467,176,3,present
2468,176,4,present
2469,176,5,present
2470,176,6,present
2471,176,7,present
2472,176,8,present
2473,176,9,present
2474,176,10,absent
2475,176,11,present
2476,176,12,present
2477,176,13,present
2478,176,14,present
2479,176,15,present
2480,176,16,present
2481,177,1,present
2482,177,2,present
2483,177,3,present
2484,177,4,present
2485,177,5,present
2486,177,6,present
2487,177,7,present
2488,177,8,present
2489,177,9,present
2490,177,10,present
2491,177,11,present
2492,177,12,present
2493,177,13,present
2494,177,14,present
2495,177,15,present
2496,177,16,late
2497,178,1,present
2498,178,2,present
2499,178,3,present
2500,178,4,absent
2501,178,5,present
2502,178,6,present
2503,178,7,present
2504,178,8,present
2505,178,9,late
2506,178,10,present
2507,178,11,present
2508,178,12,present
2509,178,13,present
2510,178,14,absent
2511,178,15,present
2512,178,16,present
2513,179,1,present
2514,179,2,present
2515,179,3,present
2516,179,4,present
2517,179,5,present
2518,179,6,present
2519,179,7,absent
2520,179,8,present
2521,179,9,present
2522,179,10,present
2523,179,11,present
2524,179,12,present
2525,179,13,present
2526,179,14,present
2527,179,15,present
2528,179,16,present
2529,180,1,present
2530,180,2,present
2531,180,3,present
2532,180,4,late
2533,180,5,excused
2534,180,6,present
2535,180,7,absent
2536,180,8,absent
2537,180,9,present
2538,180,10,present
2539,180,11,absent
2540,180,12,present
2541,180,13,present
2542,180,14,present
2543,180,15,present
2544,180,16,present
2545,181,1,present
2546,181,2,present
2547,181,3,absent
2548,181,4,present
2549,181,5,present
2550,181,6,late
2551,181,7,present
2552,181,8,present
2553,181,9,absent
2554,181,10,present
2555,181,11,present
2556,181,12,present
2557,181,13,present
2558,181,14,present
2559,181,15,present
2560,181,16,present
2561,182,1,present
2562,182,2,present
2563,182,3,absent
2564,182,4,present
2565,182,5,absent
2566,182,6,present
2567,182,7,present
2568,182,8,present
2569,182,9,present
2570,182,10,absent
2571,182,11,present
2572,182,12,present
2573,182,13,present
2574,182,14,present
2575,182,15,present
2576,182,16,present
2577,183,1,present
2578,183,2,present
2579,183,3,present
2580,183,4,present
2581,183,5,present
2582,183,6,present
2583,183,7,present
2584,183,8,present
2585,183,9,absent
2586,183,10,present
2587,183,11,present
2588,183,12,present
2589,183,13,present
2590,183,14,present
2591,183,15,present
2592,183,16,present
2593,184,1,present
2594,184,2,present
2595,184,3,present
2596,184,4,present
2597,184,5,present
2598,184,6,present
2599,184,7,present
2600,184,8,present
2601,184,9,present
2602,184,10,present
2603,184,11,present
2604,184,12,present
2605,184,13,present
2606,184,14,present
2607,184,15,present
2608,184,16,present
2609,185,1,present
2610,185,2,present
2611,185,3,present
2612,185,4,absent
2613,185,5,present
2614,185,6,present
2615,185,7,present
2616,185,8,present
2617,185,9,present
2618,185,10,absent
2619,185,11,present
2620,185,12,present
2621,185,13,present
2622,185,14,present
2623,185,15,late
2624,185,16,present
2625,186,1,present
2626,186,2,present
2627,186,3,present
2628,186,4,late
2629,186,5,present
2630,186,6,present
2631,186,7,present
2632,186,8,present
2633,186,9,present
2634,186,10,present
2635,186,11,present
2636,186,12,present
2637,186,13,present
2638,186,14,present
2639,186,15,present
2640,186,16,present
2641,187,1,present
2642,187,2,present
2643,187,3,present
2644,187,4,absent
2645,187,5,absent
2646,187,6,present
2647,187,7,present
2648,187,8,absent
2649,187,9,present
2650,187,10,present
2651,187,11,present
2652,187,12,present
2653,187,13,present
2654,187,14,present
2655,187,15,present
2656,187,16,present
2657,188,1,present
2658,188,2,present
2659,188,3,present
2660,188,4,present
2661,188,5,present
2662,188,6,present
2663,188,7,present
2664,188,8,present
2665,188,9,excused
2666,188,10,present
2667,188,11,present
2668,188,12,present
2669,188,13,present
2670,188,14,present
2671,188,15,present
2672,188,16,present
2673,189,1,present
2674,189,2,present
2675,189,3,late
2676,189,4,present
2677,189,5,present
2678,189,6,present
2679,189,7,absent
2680,189,8,present
2681,189,9,present
2682,189,10,present
2683,189,11,absent
2684,189,12,present
2685,189,13,present
2686,189,14,present
2687,189,15,present
2688,189,16,excused
2689,190,1,present
2690,190,2,present
2691,190,3,present
2692,190,4,present
2693,190,5,present
2694,190,6,present
2695,190,7,present
2696,190,8,present
2697,190,9,present
2698,190,10,present
2699,190,11,present
2700,190,12,present
2701,190,13,present
2702,190,14,present
2703,190,15,present
2704,190,16,present
2705,191,1,excused
2706,191,2,present
2707,191,3,present
2708,191,4,present
2709,191,5,present
2710,191,6,present
2711,191,7,present
2712,191,8,present
2713,191,9,present
2714,191,10,present
2715,191,11,present
2716,191,12,present
2717,191,13,present
2718,191,14,present
2719,191,15,present
2720,191,16,present
2721,192,1,absent
2722,192,2,present
2723,192,3,absent
2724,192,4,present
2725,192,5,present
2726,192,6,present
2727,192,7,present
2728,192,8,present
2729,192,9,late
2730,192,10,present
2731,192,11,present
2732,192,12,present
2733,192,13,present
2734,192,14,present
2735,192,15,present
2736,192,16,present
2737,193,1,present
2738,193,2,present
2739,193,3,late
2740,193,4,present
2741,193,5,present
2742,193,6,present
2743,193,7,present
2744,193,8,present
2745,193,9,absent
2746,193,10,present
2747,193,11,present
2748,193,12,present
2749,193,13,present
2750,193,14,present
2751,193,15,present
2752,193,16,present
2753,194,1,present
2754,194,2,present
2755,194,3,late
2756,194,4,present
2757,194,5,late
2758,194,6,present
2759,194,7,present
2760,194,8,present
2761,194,9,absent
2762,194,10,present
2763,194,11,present
2764,194,12,present
2765,194,13,present
2766,194,14,present
2767,194,15,present
2768,194,16,present
2769,195,1,present
2770,195,2,present
2771,195,3,present
2772,195,4,present
2773,195,5,absent
2774,195,6,present
2775,195,7,present
2776,195,8,absent
2777,195,9,present
2778,195,10,absent
2779,195,11,present
2780,195,12,present
2781,195,13,present
2782,195,14,present
2783,195,15,present
2784,195,16,present
2785,196,1,present
2786,196,2,present
2787,196,3,present
2788,196,4,present
2789,196,5,present
2790,196,6,present
2791,196,7,present
2792,196,8,absent
2793,196,9,present
2794,196,10,absent
2795,196,11,present
2796,196,12,present
2797,196,13,present
2798,196,14,present
2799,196,15,present
2800,196,16,present
2801,197,1,present
2802,197,2,present
2803,197,3,present
2804,197,4,present
2805,197,5,present
2806,197,6,present
2807,197,7,present
2808,197,8,present
2809,198,1,present
2810,198,2,present
2811,198,3,present
2812,198,4,excused
2813,198,5,present
2814,198,6,present
2815,198,7,present
2816,198,8,present
2817,199,1,present
2818,199,2,present
2819,199,3,present
2820,199,4,present
2821,199,5,present
2822,199,6,present
2823,199,7,present
2824,199,8,present
2825,200,1,present
2826,200,2,present
2827,200,3,present
2828,200,4,absent
2829,200,5,present
2830,200,6,present
2831,200,7,absent
2832,200,8,present
2833,201,1,present
2834,201,2,present
2835,201,3,present
2836,201,4,present
2837,201,5,present
2838,201,6,present
2839,201,7,present
2840,201,8,present
2841,202,1,present
2842,202,2,absent
2843,202,3,present
2844,202,4,present
2845,202,5,absent
2846,202,6,present
2847,202,7,present
2848,202,8,present
2849,203,1,present
2850,203,2,present
2851,203,3,present
2852,203,4,present
2853,203,5,absent
2854,203,6,present
2855,203,7,present
2856,203,8,present
2857,204,1,present
2858,204,2,present
2859,204,3,present
2860,204,4,present
2861,204,5,absent
2862,204,6,absent
2863,204,7,present
2864,204,8,present
2865,205,1,present
2866,205,2,present
2867,205,3,present
2868,205,4,absent
2869,205,5,present
2870,205,6,present
2871,205,7,present
2872,205,8,present
2873,206,1,present
2874,206,2,present
2875,206,3,present
2876,206,4,present
2877,206,5,present
2878,206,6,present
2879,206,7,present
2880,206,8,present
2881,207,9,present
2882,207,10,present
2883,207,11,present
2884,207,12,present
2885,207,13,present
2886,207,14,present
2887,207,15,present
2888,207,16,present
2889,208,9,present
2890,208,10,present
2891,208,11,present
2892,208,12,late
2893,208,13,present
2894,208,14,present
2895,208,15,present
2896,208,16,present
2897,209,9,present
2898,209,10,present
2899,209,11,absent
2900,209,12,present
2901,209,13,present
2902,209,14,present
2903,209,15,absent
2904,209,16,present
2905,210,9,present
2906,210,10,present
2907,210,11,present
2908,210,12,present
2909,210,13,present
2910,210,14,present
2911,210,15,present
2912,210,16,present
2913,211,9,present
2914,211,10,absent
2915,211,11,late
2916,211,12,present
2917,211,13,present
2918,211,14,present
2919,211,15,present
2920,211,16,present
2921,212,9,present
2922,212,10,present
2923,212,11,present
2924,212,12,present
2925,212,13,present
2926,212,14,present
2927,212,15,absent
2928,212,16,present
2929,213,9,present
2930,213,10,present
2931,213,11,absent
2932,213,12,present
2933,213,13,present
2934,213,14,present
2935,213,15,absent
2936,213,16,present
2937,214,9,present
2938,214,10,present
2939,214,11,present
2940,214,12,present
2941,214,13,absent
2942,214,14,present
2943,214,15,present
2944,214,16,present
2945,215,9,present
2946,215,10,present
2947,215,11,present
2948,215,12,present
2949,215,13,present
2950,215,14,present
2951,215,15,late
2952,215,16,present
2953,216,9,present
2954,216,10,present
2955,216,11,present
2956,216,12,present
2957,216,13,present
2958,216,14,present
2959,216,15,present
2960,216,16,present
2961,217,9,present
2962,217,10,present
2963,217,11,present
2964,217,12,absent
2965,217,13,present
2966,217,14,present
2967,217,15,present
2968,217,16,absent
2969,218,51,present
2970,218,52,present
2971,218,53,present
2972,218,54,present
2973,218,55,present
2974,218,56,present
2975,218,57,present
2976,218,58,absent
2977,218,59,present
2978,218,60,present
2979,218,61,present
2980,218,62,present
2981,218,63,present
2982,218,64,present
2983,218,65,present
2984,218,66,present
2985,219,51,present
2986,219,52,present
2987,219,53,present
2988,219,54,present
2989,219,55,present
2990,219,56,present
2991,219,57,present
2992,219,58,present
2993,219,59,present
2994,219,60,present
2995,219,61,present
2996,219,62,present
2997,219,63,present
2998,219,64,present
2999,219,65,present
3000,219,66,present
3001,220,51,present
3002,220,52,present
3003,220,53,present
3004,220,54,present
3005,220,55,present
3006,220,56,present
3007,220,57,present
3008,220,58,present
3009,220,59,absent
3010,220,60,present
3011,220,61,present
3012,220,62,absent
3013,220,63,present
3014,220,64,present
3015,220,65,present
3016,220,66,present
3017,221,51,present
3018,221,52,present
3019,221,53,present
3020,221,54,present
3021,221,55,present
3022,221,56,present
3023,221,57,present
3024,221,58,present
3025,221,59,present
3026,221,60,present
3027,221,61,present
3028,221,62,present
3029,221,63,present
3030,221,64,present
3031,221,65,present
3032,221,66,present
3033,222,51,present
3034,222,52,present
3035,222,53,present
3036,222,54,present
3037,222,55,present
3038,222,56,present
3039,222,57,present
3040,222,58,present
3041,222,59,present
3042,222,60,present
3043,222,61,absent
3044,222,62,absent
3045,222,63,present
3046,222,64,present
3047,222,65,present
3048,222,66,present
3049,223,51,present
3050,223,52,present
3051,223,53,present
3052,223,54,present
3053,223,55,present
3054,223,56,present
3055,223,57,present
3056,223,58,present
3057,223,59,present
3058,223,60,present
3059,223,61,present
3060,223,62,absent
3061,223,63,present
3062,223,64,present
3063,223,65,present
3064,223,66,present
3065,224,51,present
3066,224,52,present
3067,224,53,present
3068,224,54,present
3069,224,55,present
3070,224,56,present
3071,224,57,present
3072,224,58,present
3073,224,59,present
3074,224,60,present
3075,224,61,present
3076,224,62,present
3077,224,63,present
3078,224,64,present
3079,224,65,present
3080,224,66,absent
3081,225,51,present
3082,225,52,present
3083,225,53,present
3084,225,54,present
3085,225,55,present
3086,225,56,present
3087,225,57,present
3088,225,58,present
3089,225,59,present
3090,225,60,present
3091,225,61,present
3092,225,62,present
3093,225,63,present
3094,225,64,present
3095,225,65,present
3096,225,66,present
3097,226,51,present
3098,226,52,absent
3099,226,53,present
3100,226,54,present
3101,226,55,present
3102,226,56,present
3103,226,57,present
3104,226,58,present
3105,226,59,present
3106,226,60,present
3107,226,61,present
3108,226,62,present
3109,226,63,present
3110,226,64,present
3111,226,65,present
3112,226,66,present
3113,227,51,present
3114,227,52,present
3115,227,53,late
3116,227,54,present
3117,227,55,present
3118,227,56,present
3119,227,57,present
3120,227,58,present
3121,227,59,present
3122,227,60,present
3123,227,61,present
3124,227,62,present
3125,227,63,present
3126,227,64,present
3127,227,65,present
3128,227,66,present
3129,228,51,present
3130,228,52,present
3131,228,53,present
3132,228,54,present
3133,228,55,present
3134,228,56,present
3135,228,57,present
3136,228,58,present
3137,228,59,present
3138,228,60,present
3139,228,61,present
3140,228,62,present
3141,228,63,present
3142,228,64,present
3143,228,65,absent
3144,228,66,present
3145,229,51,present
3146,229,52,present
3147,229,53,present
3148,229,54,present
3149,229,55,present
3150,229,56,present
3151,229,57,present
3152,229,58,present
3153,229,59,present
3154,229,60,present
3155,229,61,present
3156,229,62,present
3157,229,63,present
3158,229,64,present
3159,229,65,present
3160,229,66,present
3161,230,51,present
3162,230,52,present
3163,230,53,present
3164,230,54,present
3165,230,55,present
3166,230,56,present
3167,230,57,present
3168,230,58,present
3169,230,59,present
3170,230,60,present
3171,230,61,present
3172,230,62,absent
3173,230,63,present
3174,230,64,present
3175,230,65,present
3176,230,66,present
3177,231,51,present
3178,231,52,present
3179,231,53,present
3180,231,54,present
3181,231,55,present
3182,231,56,present
3183,231,57,present
3184,231,58,present
3185,231,59,absent
3186,231,60,present
3187,231,61,present
3188,231,62,present
3189,231,63,present
3190,231,64,present
3191,231,65,present
3192,231,66,present
3193,232,51,present
3194,232,52,present
3195,232,53,present
3196,232,54,present
3197,232,55,present
3198,232,56,absent
3199,232,57,present
3200,232,58,present
3201,232,59,present
3202,232,60,present
3203,232,61,present
3204,232,62,present
3205,232,63,present
3206,232,64,present
3207,232,65,present
3208,232,66,present
3209,233,51,late
3210,233,52,present
3211,233,53,present
3212,233,54,present
3213,233,55,absent
3214,233,56,present
3215,233,57,present
3216,233,58,present
3217,233,59,present
3218,233,60,present
3219,233,61,late
3220,233,62,present
3221,233,63,present
3222,233,64,present
3223,233,65,present
3224,233,66,present
3225,234,51,present
3226,234,52,present
3227,234,53,absent
3228,234,54,present
3229,234,55,present
3230,234,56,present
3231,234,57,present
3232,234,58,present
3233,234,59,present
3234,234,60,present
3235,234,61,present
3236,234,62,present
3237,234,63,present
3238,234,64,present
3239,234,65,present
3240,234,66,present
3241,235,51,present
3242,235,52,present
3243,235,53,present
3244,235,54,present
3245,235,55,present
3246,235,56,late
3247,235,57,present
3248,235,58,present
3249,235,59,present
3250,235,60,present
3251,235,61,present
3252,235,62,present
3253,235,63,present
3254,235,64,absent
3255,235,65,present
3256,235,66,present
3257,236,51,late
3258,236,52,present
3259,236,53,present
3260,236,54,present
3261,236,55,present
3262,236,56,present
3263,236,57,present
3264,236,58,present
3265,236,59,present
3266,236,60,present
3267,236,61,present
3268,236,62,present
3269,236,63,present
3270,236,64,present
3271,236,65,absent
3272,236,66,late
3273,237,51,present
3274,237,52,present
3275,237,53,present
3276,237,54,late
3277,237,55,present
3278,237,56,present
3279,237,57,present
3280,237,58,present
3281,237,59,present
3282,237,60,present
3283,237,61,excused
3284,237,62,present
3285,237,63,present
3286,237,64,present
3287,237,65,absent
3288,237,66,absent
3289,238,51,present
3290,238,52,present
3291,238,53,present
3292,238,54,present
3293,238,55,present
3294,238,56,present
3295,238,57,present
3296,238,58,present
3297,238,59,present
3298,238,60,present
3299,238,61,late
3300,238,62,present
3301,238,63,present
3302,238,64,absent
3303,238,65,present
3304,238,66,present
3305,239,51,present
3306,239,52,present
3307,239,53,present
3308,239,54,late
3309,239,55,present
3310,239,56,present
3311,239,57,present
3312,239,58,present
3313,239,59,present
3314,239,60,present
3315,239,61,present
3316,239,62,present
3317,239,63,present
3318,239,64,present
3319,239,65,present
3320,239,66,present
3321,240,51,present
3322,240,52,present
3323,240,53,present
3324,240,54,present
3325,240,55,present
3326,240,56,present
3327,240,57,present
3328,240,58,present
3329,240,59,present
3330,240,60,present
3331,240,61,present
3332,240,62,present
3333,240,63,present
3334,240,64,present
3335,240,65,absent
3336,240,66,present
3337,241,51,present
3338,241,52,present
3339,241,53,present
3340,241,54,present
3341,241,55,present
3342,241,56,present
3343,241,57,present
3344,241,58,absent
3345,241,59,present
3346,241,60,absent
3347,241,61,present
3348,241,62,present
3349,241,63,present
3350,241,64,present
3351,241,65,late
3352,241,66,present
3353,242,51,absent
3354,242,52,excused
3355,242,53,present
3356,242,54,present
3357,242,55,present
3358,242,56,present
3359,242,57,present
3360,242,58,present
3361,242,59,present
3362,242,60,present
3363,242,61,present
3364,242,62,present
3365,242,63,present
3366,242,64,present
3367,242,65,absent
3368,242,66,present
3369,243,51,present
3370,243,52,absent
3371,243,53,present
3372,243,54,present
3373,243,55,present
3374,243,56,present
3375,243,57,present
3376,243,58,present
3377,243,59,present
3378,243,60,present
3379,243,61,present
3380,243,62,present
3381,243,63,present
3382,243,64,present
3383,243,65,present
3384,243,66,present
3385,244,51,present
3386,244,52,present
3387,244,53,present
3388,244,54,absent
3389,244,55,present
3390,244,56,present
3391,244,57,absent
3392,244,58,present
3393,244,59,present
3394,244,60,present
3395,244,61,present
3396,244,62,present
3397,244,63,present
3398,244,64,present
3399,244,65,present
3400,244,66,present
3401,245,51,present
3402,245,52,present
3403,245,53,present
3404,245,54,present
3405,245,55,present
3406,245,56,present
3407,245,57,present
3408,245,58,present
3409,245,59,present
3410,245,60,absent
3411,245,61,present
3412,245,62,present
3413,245,63,present
3414,245,64,absent
3415,245,65,present
3416,245,66,present
3417,246,51,present
3418,246,52,present
3419,246,53,present
3420,246,54,present
3421,246,55,present
3422,246,56,present
3423,246,57,absent
3424,246,58,present
3425,246,59,absent
3426,246,60,present
3427,246,61,present
3428,246,62,present
3429,246,63,present
3430,246,64,present
3431,246,65,present
3432,246,66,present
3433,247,51,present
3434,247,52,present
3435,247,53,present
3436,247,54,present
3437,247,55,present
3438,247,56,present
3439,247,57,present
3440,247,58,present
3441,247,59,present
3442,247,60,present
3443,247,61,present
3444,247,62,present
3445,247,63,present
3446,247,64,present
3447,247,65,present
3448,247,66,present
3449,248,51,absent
3450,248,52,absent
3451,248,53,absent
3452,248,54,present
3453,248,55,present
3454,248,56,present
3455,248,57,present
3456,248,58,present
3457,248,59,present
3458,248,60,present
3459,248,61,present
3460,248,62,present
3461,248,63,present
3462,248,64,present
3463,248,65,present
3464,248,66,present
3465,249,51,present
3466,249,52,present
3467,249,53,present
3468,249,54,absent
3469,249,55,present
3470,249,56,present
3471,249,57,present
3472,249,58,present
3473,249,59,present
3474,249,60,present
3475,249,61,present
3476,249,62,present
3477,249,63,present
3478,249,64,present
3479,249,65,present
3480,249,66,present
3481,250,51,present
3482,250,52,present
3483,250,53,present
3484,250,54,present
3485,250,55,absent
3486,250,56,present
3487,250,57,absent
3488,250,58,present
3489,250,59,present
3490,250,60,present
3491,250,61,present
3492,250,62,present
3493,250,63,present
3494,250,64,present
3495,250,65,present
3496,250,66,present
3497,251,51,present
3498,251,52,present
3499,251,53,present
3500,251,54,present
3501,251,55,present
3502,251,56,present
3503,251,57,present
3504,251,58,present
3505,251,59,present
3506,251,60,present
3507,251,61,present
3508,251,62,present
3509,251,63,present
3510,251,64,present
3511,251,65,present
3512,251,66,present
3513,252,51,present
3514,252,52,present
3515,252,53,present
3516,252,54,present
3517,252,55,late
3518,252,56,present
3519,252,57,absent
3520,252,58,present
3521,252,59,present
3522,252,60,absent
3523,252,61,present
3524,252,62,present
3525,252,63,absent
3526,252,64,present
3527,252,65,present
3528,252,66,present
3529,253,51,late
3530,253,52,present
3531,253,53,present
3532,253,54,present
3533,253,55,present
3534,253,56,excused
3535,253,57,present
3536,253,58,present
3537,253,59,present
3538,253,60,absent
3539,253,61,absent
3540,253,62,present
3541,253,63,present
3542,253,64,present
3543,253,65,present
3544,253,66,present
3545,254,51,present
3546,254,52,present
3547,254,53,present
3548,254,54,present
3549,254,55,present
3550,254,56,present
3551,254,57,present
3552,254,58,present
3553,254,59,present
3554,254,60,absent
3555,254,61,present
3556,254,62,present
3557,254,63,present
3558,254,64,present
3559,254,65,present
3560,254,66,present
3561,255,51,present
3562,255,52,present
3563,255,53,present
3564,255,54,absent
3565,255,55,present
3566,255,56,present
3567,255,57,present
3568,255,58,present
3569,255,59,present
3570,255,60,absent
3571,255,61,present
3572,255,62,present
3573,255,63,present
3574,255,64,absent
3575,255,65,present
3576,255,66,present
3577,256,51,present
3578,256,52,present
3579,256,53,present
3580,256,54,present
3581,256,55,present
3582,256,56,present
3583,256,57,present
3584,256,58,present
3585,256,59,present
3586,256,60,present
3587,256,61,present
3588,256,62,present
3589,256,63,present
3590,256,64,present
3591,256,65,present
3592,256,66,present
3593,257,51,absent
3594,257,52,present
3595,257,53,present
3596,257,54,present
3597,257,55,present
3598,257,56,present
3599,257,57,absent
3600,257,58,present
3601,257,59,present
3602,257,60,present
3603,257,61,absent
3604,257,62,present
3605,257,63,present
3606,257,64,present
3607,257,65,present
3608,257,66,present
3609,258,51,present
3610,258,52,present
3611,258,53,present
3612,258,54,present
3613,258,55,present
3614,258,56,present
3615,258,57,present
3616,258,58,present
3617,258,59,present
3618,258,60,present
3619,258,61,present
3620,258,62,present
3621,258,63,present
3622,258,64,present
3623,258,65,present
3624,258,66,present
3625,259,51,present
3626,259,52,present
3627,259,53,present
3628,259,54,present
3629,259,55,present
3630,259,56,present
3631,259,57,present
3632,259,58,present
3633,259,59,present
3634,259,60,present
3635,259,61,present
3636,259,62,present
3637,259,63,present
3638,259,64,present
3639,259,65,present
3640,259,66,present
3641,260,51,present
3642,260,52,present
3643,260,53,present
3644,260,54,present
3645,260,55,present
3646,260,56,present
3647,260,57,present
3648,260,58,present
3649,260,59,present
3650,260,60,absent
3651,260,61,present
3652,260,62,present
3653,260,63,present
3654,260,64,present
3655,260,65,present
3656,260,66,present
3657,261,51,present
3658,261,52,present
3659,261,53,absent
3660,261,54,present
3661,261,55,present
3662,261,56,present
3663,261,57,present
3664,261,58,present
3665,261,59,present
3666,261,60,present
3667,261,61,present
3668,261,62,present
3669,261,63,present
3670,261,64,present
3671,261,65,present
3672,261,66,absent
3673,262,51,present
3674,262,52,present
3675,262,53,present
3676,262,54,present
3677,262,55,present
3678,262,56,present
3679,262,57,present
3680,262,58,present
3681,262,59,present
3682,262,60,present
3683,262,61,present
3684,262,62,present
3685,262,63,present
3686,262,64,present
3687,262,65,present
3688,262,66,present
3689,263,51,present
3690,263,52,present
3691,263,53,present
3692,263,54,present
3693,263,55,present
3694,263,56,present
3695,263,57,absent
3696,263,58,excused
3697,263,59,present
3698,263,60,present
3699,263,61,absent
3700,263,62,present
3701,263,63,present
3702,263,64,present
3703,263,65,absent
3704,263,66,present
3705,264,51,present
3706,264,52,present
3707,264,53,excused
3708,264,54,present
3709,264,55,present
3710,264,56,present
3711,264,57,present
3712,264,58,present
3713,264,59,present
3714,264,60,present
3715,264,61,present
3716,264,62,present
3717,264,63,present
3718,264,64,present
3719,264,65,present
3720,264,66,present
3721,265,51,absent
3722,265,52,late
3723,265,53,present
3724,265,54,present
3725,265,55,present
3726,265,56,present
3727,265,57,present
3728,265,58,present
3729,265,59,present
3730,265,60,present
3731,265,61,present
3732,265,62,present
3733,265,63,present
3734,265,64,present
3735,265,65,present
3736,265,66,present
3737,266,51,present
3738,266,52,present
3739,266,53,present
3740,266,54,present
3741,266,55,present
3742,266,56,present
3743,266,57,present
3744,266,58,present
3745,266,59,present
3746,266,60,present
3747,266,61,present
3748,266,62,present
3749,266,63,present
3750,266,64,present
3751,266,65,present
3752,266,66,present
3753,267,51,present
3754,267,52,present
3755,267,53,present
3756,267,54,late
3757,267,55,absent
3758,267,56,present
3759,267,57,late
3760,267,58,present
3761,267,59,absent
3762,267,60,present
3763,267,61,present
3764,267,62,present
3765,267,63,present
3766,267,64,present
3767,267,65,present
3768,267,66,present
3769,268,51,present
3770,268,52,absent
3771,268,53,present
3772,268,54,absent
3773,268,55,present
3774,268,56,present
3775,268,57,present
3776,268,58,present
3777,268,59,present
3778,268,60,present
3779,268,61,absent
3780,268,62,present
3781,268,63,present
3782,268,64,present
3783,268,65,present
3784,268,66,present
3785,269,51,present
3786,269,52,present
3787,269,53,present
3788,269,54,present
3789,269,55,present
3790,269,56,present
3791,269,57,present
3792,269,58,present
3793,269,59,present
3794,269,60,present
3795,269,61,late
3796,269,62,present
3797,269,63,present
3798,269,64,present
3799,269,65,present
3800,269,66,present
3801,270,51,present
3802,270,52,present
3803,270,53,present
3804,270,54,present
3805,270,55,present
3806,270,56,present
3807,270,57,excused
3808,270,58,present
3809,270,59,present
3810,270,60,present
3811,270,61,present
3812,270,62,present
3813,270,63,present
3814,270,64,present
3815,270,65,absent
3816,270,66,present
3817,271,51,present
3818,271,52,present
3819,271,53,present
3820,271,54,present
3821,271,55,present
3822,271,56,present
3823,271,57,absent
3824,271,58,present
3825,271,59,absent
3826,271,60,present
3827,271,61,present
3828,271,62,present
3829,271,63,present
3830,271,64,late
3831,271,65,present
3832,271,66,late
3833,272,51,present
3834,272,52,present
3835,272,53,present
3836,272,54,present
3837,272,55,absent
3838,272,56,absent
3839,272,57,present
3840,272,58,present
3841,272,59,present
3842,272,60,present
3843,272,61,present
3844,272,62,present
3845,272,63,present
3846,272,64,present
3847,272,65,present
3848,272,66,present
3849,273,51,present
3850,273,52,absent
3851,273,53,absent
3852,273,54,present
3853,273,55,present
3854,273,56,present
3855,273,57,present
3856,273,58,present
3857,273,59,present
3858,273,60,present
3859,273,61,absent
3860,273,62,present
3861,273,63,present
3862,273,64,present
3863,273,65,present
3864,273,66,present
3865,274,51,present
3866,274,52,present
3867,274,53,present
3868,274,54,present
3869,274,55,present
3870,274,56,present
3871,274,57,present
3872,274,58,present
3873,274,59,present
3874,274,60,present
3875,274,61,present
3876,274,62,present
3877,274,63,present
3878,274,64,present
3879,274,65,present
3880,274,66,present
3881,275,51,present
3882,275,52,present
3883,275,53,present
3884,275,54,present
3885,275,55,present
3886,275,56,present
3887,275,57,present
3888,275,58,present
3889,275,59,present
3890,275,60,present
3891,275,61,present
3892,275,62,present
3893,275,63,present
3894,275,64,present
3895,275,65,present
3896,275,66,present
3897,276,51,present
3898,276,52,present
3899,276,53,present
3900,276,54,present
3901,276,55,present
3902,276,56,absent
3903,276,57,absent
3904,276,58,present
3905,276,59,present
3906,276,60,present
3907,276,61,present
3908,276,62,present
3909,276,63,present
3910,276,64,present
3911,276,65,present
3912,276,66,present
3913,277,51,present
3914,277,52,present
3915,277,53,late
3916,277,54,present
3917,277,55,present
3918,277,56,present
3919,277,57,present
3920,277,58,present
3921,277,59,present
3922,277,60,present
3923,277,61,present
3924,277,62,present
3925,277,63,present
3926,277,64,present
3927,277,65,present
3928,277,66,present
3929,278,51,present
3930,278,52,present
3931,278,53,absent
3932,278,54,present
3933,278,55,present
3934,278,56,present
3935,278,57,present
3936,278,58,absent
3937,278,59,present
3938,278,60,present
3939,278,61,present
3940,278,62,present
3941,278,63,present
3942,278,64,present
3943,278,65,present
3944,278,66,present
3945,279,51,present
3946,279,52,present
3947,279,53,absent
3948,279,54,present
3949,279,55,present
3950,279,56,present
3951,279,57,present
3952,279,58,present
3953,279,59,present
3954,279,60,present
3955,279,61,present
3956,279,62,present
3957,279,63,absent
3958,279,64,present
3959,279,65,present
3960,279,66,present
3961,280,51,absent
3962,280,52,present
3963,280,53,present
3964,280,54,absent
3965,280,55,present
3966,280,56,present
3967,280,57,present
3968,280,58,present
3969,280,59,present
3970,280,60,present
3971,280,61,present
3972,280,62,present
3973,280,63,present
3974,280,64,present
3975,280,65,present
3976,280,66,present
3977,281,51,present
3978,281,52,present
3979,281,53,present
3980,281,54,absent
3981,281,55,present
3982,281,56,present
3983,281,57,absent
3984,281,58,present
3985,281,59,present
3986,281,60,present
3987,281,61,present
3988,281,62,late
3989,281,63,present
3990,281,64,present
3991,281,65,present
3992,281,66,present
3993,282,51,present
3994,282,52,present
3995,282,53,present
3996,282,54,present
3997,282,55,present
3998,282,56,present
3999,282,57,present
4000,282,58,absent
4001,282,59,present
4002,282,60,present
4003,282,61,present
4004,282,62,present
4005,282,63,present
4006,282,64,present
4007,282,65,present
4008,282,66,present
4009,283,51,present
4010,283,52,present
4011,283,53,present
4012,283,54,present
4013,283,55,present
4014,283,56,present
4015,283,57,present
4016,283,58,present
4017,283,59,absent
4018,283,60,present
4019,283,61,present
4020,283,62,present
4021,283,63,present
4022,283,64,present
4023,283,65,present
4024,283,66,absent
4025,284,51,present
4026,284,52,absent
4027,284,53,present
4028,284,54,present
4029,284,55,present
4030,284,56,present
4031,284,57,present
4032,284,58,present
4033,284,59,present
4034,284,60,present
4035,284,61,present
4036,284,62,present
4037,284,63,present
4038,284,64,absent
4039,284,65,present
4040,284,66,present
4041,285,51,present
4042,285,52,present
4043,285,53,present
4044,285,54,present
4045,285,55,present
4046,285,56,present
4047,285,57,present
4048,285,58,present
4049,285,59,present
4050,285,60,present
4051,285,61,present
4052,285,62,present
4053,285,63,present
4054,285,64,present
4055,285,65,present
4056,285,66,present
4057,286,51,present
4058,286,52,present
4059,286,53,present
4060,286,54,present
4061,286,55,absent
4062,286,56,present
4063,286,57,present
4064,286,58,present
4065,286,59,present
4066,286,60,present
4067,286,61,present
4068,286,62,present
4069,286,63,present
4070,286,64,present
4071,286,65,present
4072,286,66,present
4073,287,51,present
4074,287,52,present
4075,287,53,present
4076,287,54,present
4077,287,55,present
4078,287,56,present
4079,287,57,present
4080,287,58,present
4081,287,59,present
4082,287,60,present
4083,287,61,present
4084,287,62,present
4085,287,63,present
4086,287,64,present
4087,287,65,present
4088,287,66,present
4089,288,51,absent
4090,288,52,present
4091,288,53,present
4092,288,54,present
4093,288,55,present
4094,288,56,present
4095,288,57,present
4096,288,58,present
4097,288,59,present
4098,288,60,present
4099,288,61,present
4100,288,62,present
4101,288,63,present
4102,288,64,present
4103,288,65,present
4104,288,66,present
4105,289,51,present
4106,289,52,present
4107,289,53,present
4108,289,54,present
4109,289,55,present
4110,289,56,present
4111,289,57,present
4112,289,58,present
4113,289,59,present
4114,289,60,present
4115,289,61,present
4116,289,62,present
4117,289,63,present
4118,289,64,present
4119,289,65,present
4120,289,66,present
4121,290,51,present
4122,290,52,present
4123,290,53,late
4124,290,54,present
4125,290,55,present
4126,290,56,present
4127,290,57,present
4128,290,58,present
4129,290,59,absent
4130,290,60,present
4131,290,61,present
4132,290,62,present
4133,290,63,present
4134,290,64,present
4135,290,65,present
4136,290,66,present
4137,291,51,present
4138,291,52,present
4139,291,53,present
4140,291,54,present
4141,291,55,present
4142,291,56,present
4143,291,57,present
4144,291,58,present
4145,291,59,present
4146,291,60,absent
4147,291,61,present
4148,291,62,present
4149,291,63,present
4150,291,64,present
4151,291,65,present
4152,291,66,present
4153,292,51,present
4154,292,52,present
4155,292,53,present
4156,292,54,present
4157,292,55,absent
4158,292,56,present
4159,292,57,present
4160,292,58,present
4161,292,59,present
4162,292,60,present
4163,292,61,present
4164,292,62,present
4165,292,63,present
4166,292,64,absent
4167,292,65,present
4168,292,66,present
4169,293,51,present
4170,293,52,present
4171,293,53,present
4172,293,54,present
4173,293,55,present
4174,293,56,present
4175,293,57,present
4176,293,58,present
4177,293,59,present
4178,293,60,present
4179,293,61,present
4180,293,62,present
4181,293,63,present
4182,293,64,absent
4183,293,65,present
4184,293,66,present
4185,294,51,present
4186,294,52,present
4187,294,53,absent
4188,294,54,present
4189,294,55,present
4190,294,56,present
4191,294,57,present
4192,294,58,present
4193,294,59,present
4194,294,60,absent
4195,294,61,present
4196,294,62,present
4197,294,63,present
4198,294,64,present
4199,294,65,present
4200,294,66,present
4201,295,51,present
4202,295,52,present
4203,295,53,absent
4204,295,54,absent
4205,295,55,present
4206,295,56,absent
4207,295,57,present
4208,295,58,present
4209,295,59,absent
4210,295,60,present
4211,295,61,present
4212,295,62,present
4213,295,63,present
4214,295,64,present
4215,295,65,present
4216,295,66,present
4217,296,51,present
4218,296,52,present
4219,296,53,present
4220,296,54,absent
4221,296,55,present
4222,296,56,present
4223,296,57,late
4224,296,58,present
4225,296,59,absent
4226,296,60,present
4227,296,61,present
4228,296,62,present
4229,296,63,present
4230,296,64,present
4231,296,65,present
4232,296,66,present
4233,297,51,present
4234,297,52,present
4235,297,53,present
4236,297,54,present
4237,297,55,present
4238,297,56,present
4239,297,57,present
4240,297,58,present
4241,297,59,present
4242,297,60,present
4243,297,61,present
4244,297,62,present
4245,297,63,present
4246,297,64,present
4247,297,65,present
4248,297,66,present
4249,298,51,present
4250,298,52,present
4251,298,53,present
4252,298,54,present
4253,298,55,present
4254,298,56,present
4255,298,57,present
4256,298,58,present
4257,298,59,present
4258,298,60,absent
4259,298,61,present
4260,298,62,present
4261,298,63,present
4262,298,64,present
4263,298,65,present
4264,298,66,present
4265,299,51,present
4266,299,52,present
4267,299,53,present
4268,299,54,present
4269,299,55,present
4270,299,56,present
4271,299,57,present
4272,299,58,present
4273,299,59,present
4274,299,60,present
4275,299,61,present
4276,299,62,present
4277,299,63,present
4278,299,64,present
4279,299,65,present
4280,299,66,present
4281,300,51,present
4282,300,52,present
4283,300,53,present
4284,300,54,present
4285,300,55,present
4286,300,56,absent
4287,300,57,absent
4288,300,58,present
4289,300,59,present
4290,300,60,present
4291,300,61,present
4292,300,62,present
4293,300,63,present
4294,300,64,present
4295,300,65,present
4296,300,66,present
4297,301,51,present
4298,301,52,present
4299,301,53,present
4300,301,54,present
4301,301,55,present
4302,301,56,present
4303,301,57,present
4304,301,58,present
4305,301,59,present
4306,301,60,present
4307,301,61,present
4308,301,62,present
4309,301,63,present
4310,301,64,present
4311,301,65,present
4312,301,66,present
4313,302,51,present
4314,302,52,present
4315,302,53,present
4316,302,54,present
4317,302,55,present
4318,302,56,present
4319,302,57,present
4320,302,58,present
4321,303,51,present
4322,303,52,present
4323,303,53,present
4324,303,54,absent
4325,303,55,present
4326,303,56,present
4327,303,57,absent
4328,303,58,present
4329,304,51,present
4330,304,52,present
4331,304,53,present
4332,304,54,present
4333,304,55,present
4334,304,56,present
4335,304,57,present
4336,304,58,present
4337,305,51,present
4338,305,52,present
4339,305,53,present
4340,305,54,excused
4341,305,55,absent
4342,305,56,present
4343,305,57,present
4344,305,58,present
4345,306,51,absent
4346,306,52,present
4347,306,53,present
4348,306,54,present
4349,306,55,present
4350,306,56,present
4351,306,57,present
4352,306,58,present
4353,307,51,absent
4354,307,52,present
4355,307,53,absent
4356,307,54,present
4357,307,55,absent
4358,307,56,present
4359,307,57,excused
4360,307,58,present
4361,308,51,present
4362,308,52,present
4363,308,53,present
4364,308,54,present
4365,308,55,present
4366,308,56,present
4367,308,57,present
4368,308,58,present
4369,309,51,absent
4370,309,52,absent
4371,309,53,excused
4372,309,54,absent
4373,309,55,present
4374,309,56,present
4375,309,57,present
4376,309,58,present
4377,310,51,present
4378,310,52,present
4379,310,53,present
4380,310,54,absent
4381,310,55,late
4382,310,56,present
4383,310,57,present
4384,310,58,present
4385,311,51,present
4386,311,52,absent
4387,311,53,absent
4388,311,54,absent
4389,311,55,absent
4390,311,56,absent
4391,311,57,present
4392,311,58,present
4393,312,51,present
4394,312,52,present
4395,312,53,present
4396,312,54,present
4397,312,55,present
4398,312,56,present
4399,312,57,present
4400,312,58,present
4401,313,59,present
4402,313,60,present
4403,313,61,present
4404,313,62,present
4405,313,63,present
4406,313,64,present
4407,313,65,present
4408,313,66,present
4409,314,59,present
4410,314,60,present
4411,314,61,present
4412,314,62,present
4413,314,63,present
4414,314,64,present
4415,314,65,present
4416,314,66,present
4417,315,59,present
4418,315,60,present
4419,315,61,present
4420,315,62,present
4421,315,63,present
4422,315,64,absent
4423,315,65,present
4424,315,66,present
4425,316,59,present
4426,316,60,present
4427,316,61,absent
4428,316,62,present
4429,316,63,present
4430,316,64,present
4431,316,65,present
4432,316,66,present
4433,317,59,late
4434,317,60,present
4435,317,61,present
4436,317,62,present
4437,317,63,present
4438,317,64,present
4439,317,65,present
4440,317,66,present
4441,318,59,present
4442,318,60,present
4443,318,61,present
4444,318,62,present
4445,318,63,present
4446,318,64,present
4447,318,65,present
4448,318,66,present
4449,319,59,present
4450,319,60,present
4451,319,61,present
4452,319,62,present
4453,319,63,present
4454,319,64,present
4455,319,65,present
4456,319,66,present
4457,320,59,present
4458,320,60,present
4459,320,61,present
4460,320,62,present
4461,320,63,present
4462,320,64,present
4463,320,65,present
4464,320,66,present
4465,321,59,present
4466,321,60,present
4467,321,61,absent
4468,321,62,present
4469,321,63,present
4470,321,64,present
4471,321,65,present
4472,321,66,present
4473,322,59,present
4474,322,60,present
4475,322,61,present
4476,322,62,present
4477,322,63,present
4478,322,64,present
4479,322,65,present
4480,322,66,present
4481,323,51,present
4482,323,52,present
4483,323,53,present
4484,323,54,absent
4485,323,55,present
4486,323,56,present
4487,323,57,present
4488,323,58,present
4489,323,59,present
4490,323,60,absent
4491,323,61,present
4492,323,62,present
4493,323,63,present
4494,323,64,present
4495,323,65,present
4496,323,66,present
4497,324,51,present
4498,324,52,present
4499,324,53,absent
4500,324,54,present
4501,324,55,present
4502,324,56,present
4503,324,57,present
4504,324,58,present
4505,324,59,present
4506,324,60,excused
4507,324,61,absent
4508,324,62,absent
4509,324,63,present
4510,324,64,present
4511,324,65,present
4512,324,66,present
4513,325,51,present
4514,325,52,present
4515,325,53,present
4516,325,54,present
4517,325,55,present
4518,325,56,present
4519,325,57,present
4520,325,58,present
4521,325,59,present
4522,325,60,present
4523,325,61,present
4524,325,62,present
4525,325,63,present
4526,325,64,absent
4527,325,65,absent
4528,325,66,present
4529,326,51,present
4530,326,52,present
4531,326,53,present
4532,326,54,absent
4533,326,55,present
4534,326,56,present
4535,326,57,present
4536,326,58,present
4537,326,59,late
4538,326,60,absent
4539,326,61,present
4540,326,62,present
4541,326,63,present
4542,326,64,present
4543,326,65,present
4544,326,66,late
4545,327,51,present
4546,327,52,present
4547,327,53,present
4548,327,54,absent
4549,327,55,present
4550,327,56,present
4551,327,57,present
4552,327,58,present
4553,327,59,present
4554,327,60,present
4555,327,61,present
4556,327,62,present
4557,327,63,present
4558,327,64,present
4559,327,65,present
4560,327,66,present
4561,328,51,present
4562,328,52,present
4563,328,53,present
4564,328,54,present
4565,328,55,present
4566,328,56,present
4567,328,57,present
4568,328,58,present
4569,328,59,present
4570,328,60,present
4571,328,61,present
4572,328,62,present
4573,328,63,present
4574,328,64,present
4575,328,65,late
4576,328,66,present
4577,329,51,present
4578,329,52,present
4579,329,53,present
4580,329,54,present
4581,329,55,present
4582,329,56,present
4583,329,57,present
4584,329,58,present
4585,329,59,present
4586,329,60,present
4587,329,61,present
4588,329,62,present
4589,329,63,present
4590,329,64,present
4591,329,65,present
4592,329,66,present
4593,330,51,present
4594,330,52,present
4595,330,53,present
4596,330,54,present
4597,330,55,absent
4598,330,56,present
4599,330,57,present
4600,330,58,present
4601,330,59,absent
4602,330,60,present
4603,330,61,present
4604,330,62,present
4605,330,63,present
4606,330,64,present
4607,330,65,absent
4608,330,66,present
4609,331,51,present
4610,331,52,present
4611,331,53,present
4612,331,54,present
4613,331,55,present
4614,331,56,present
4615,331,57,present
4616,331,58,present
4617,331,59,present
4618,331,60,present
4619,331,61,present
4620,331,62,present
4621,331,63,present
4622,331,64,present
4623,331,65,late
4624,331,66,present
4625,332,51,present
4626,332,52,present
4627,332,53,present
4628,332,54,present
4629,332,55,present
4630,332,56,present
4631,332,57,present
4632,332,58,present
4633,332,59,present
4634,332,60,present
4635,332,61,present
4636,332,62,present
4637,332,63,present
4638,332,64,present
4639,332,65,present
4640,332,66,present
4641,333,51,present
4642,333,52,present
4643,333,53,late
4644,333,54,present
4645,333,55,present
4646,333,56,present
4647,333,57,present
4648,333,58,present
4649,333,59,present
4650,333,60,absent
4651,333,61,absent
4652,333,62,present
4653,333,63,present
4654,333,64,present
4655,333,65,present
4656,333,66,present
4657,334,51,present
4658,334,52,present
4659,334,53,present
4660,334,54,present
4661,334,55,present
4662,334,56,present
4663,334,57,present
4664,334,58,absent
4665,334,59,present
4666,334,60,present
4667,334,61,present
4668,334,62,present
4669,334,63,present
4670,334,64,present
4671,334,65,present
4672,334,66,present
4673,335,51,present
4674,335,52,present
4675,335,53,present
4676,335,54,present
4677,335,55,absent
4678,335,56,present
4679,335,57,present
4680,335,58,present
4681,335,59,present
4682,335,60,present
4683,335,61,present
4684,335,62,present
4685,335,63,present
4686,335,64,present
4687,335,65,present
4688,335,66,present
4689,336,51,present
4690,336,52,present
4691,336,53,present
4692,336,54,present
4693,336,55,present
4694,336,56,present
4695,336,57,present
4696,336,58,present
4697,336,59,late
4698,336,60,present
4699,336,61,absent
4700,336,62,present
4701,336,63,present
4702,336,64,present
4703,336,65,late
4704,336,66,present
4705,337,51,present
4706,337,52,present
4707,337,53,present
4708,337,54,present
4709,337,55,present
4710,337,56,absent
4711,337,57,present
4712,337,58,present
4713,337,59,present
4714,337,60,present
4715,337,61,present
4716,337,62,present
4717,337,63,present
4718,337,64,present
4719,337,65,present
4720,337,66,present
4721,338,51,excused
4722,338,52,present
4723,338,53,present
4724,338,54,present
4725,338,55,present
4726,338,56,present
4727,338,57,present
4728,338,58,present
4729,338,59,absent
4730,338,60,excused
4731,338,61,absent
4732,338,62,present
4733,338,63,present
4734,338,64,present
4735,338,65,absent
4736,338,66,present
4737,339,51,present
4738,339,52,present
4739,339,53,absent
4740,339,54,present
4741,339,55,present
4742,339,56,present
4743,339,57,present
4744,339,58,present
4745,339,59,absent
4746,339,60,present
4747,339,61,present
4748,339,62,present
4749,339,63,present
4750,339,64,present
4751,339,65,present
4752,339,66,present
4753,340,51,present
4754,340,52,present
4755,340,53,present
4756,340,54,present
4757,340,55,present
4758,340,56,present
4759,340,57,present
4760,340,58,present
4761,340,59,present
4762,340,60,present
4763,340,61,absent
4764,340,62,present
4765,340,63,present
4766,340,64,present
4767,340,65,present
4768,340,66,present
4769,341,51,absent
4770,341,52,present
4771,341,53,present
4772,341,54,present
4773,341,55,absent
4774,341,56,present
4775,341,57,present
4776,341,58,present
4777,341,59,present
4778,341,60,present
4779,341,61,present
4780,341,62,absent
4781,341,63,absent
4782,341,64,present
4783,341,65,present
4784,341,66,present
4785,342,51,present
4786,342,52,present
4787,342,53,present
4788,342,54,present
4789,342,55,present
4790,342,56,present
4791,342,57,present
4792,342,58,present
4793,342,59,present
4794,342,60,present
4795,342,61,present
4796,342,62,absent
4797,342,63,present
4798,342,64,present
4799,342,65,absent
4800,342,66,present
4801,343,51,present
4802,343,52,present
4803,343,53,present
4804,343,54,present
4805,343,55,present
4806,343,56,present
4807,343,57,present
4808,343,58,present
4809,344,51,present
4810,344,52,present
4811,344,53,present
4812,344,54,present
4813,344,55,present
4814,344,56,present
4815,344,57,present
4816,344,58,present
4817,345,51,present
4818,345,52,present
4819,345,53,present
4820,345,54,present
4821,345,55,present
4822,345,56,present
4823,345,57,present
4824,345,58,absent
4825,346,51,present
4826,346,52,absent
4827,346,53,present
4828,346,54,absent
4829,346,55,present
4830,346,56,present
4831,346,57,present
4832,346,58,present
4833,347,51,present
4834,347,52,present
4835,347,53,present
4836,347,54,present
4837,347,55,absent
4838,347,56,present
4839,347,57,present
4840,347,58,present
4841,348,51,present
4842,348,52,present
4843,348,53,present
4844,348,54,present
4845,348,55,present
4846,348,56,present
4847,348,57,present
4848,348,58,present
4849,349,51,present
4850,349,52,absent
4851,349,53,present
4852,349,54,present
4853,349,55,present
4854,349,56,present
4855,349,57,present
4856,349,58,present
4857,350,51,present
4858,350,52,present
4859,350,53,absent
4860,350,54,present
4861,350,55,present
4862,350,56,present
4863,350,57,present
4864,350,58,present
4865,351,51,present
4866,351,52,present
4867,351,53,present
4868,351,54,present
4869,351,55,present
4870,351,56,present
4871,351,57,present
4872,351,58,present
4873,352,51,present
4874,352,52,present
4875,352,53,present
4876,352,54,present
4877,352,55,present
4878,352,56,present
4879,352,57,present
4880,352,58,present
4881,353,59,present
4882,353,60,present
4883,353,61,present
4884,353,62,present
4885,353,63,present
4886,353,64,present
4887,353,65,present
4888,353,66,present
4889,354,59,present
4890,354,60,present
4891,354,61,present
4892,354,62,present
4893,354,63,present
4894,354,64,present
4895,354,65,present
4896,354,66,present
4897,355,59,present
4898,355,60,present
4899,355,61,present
4900,355,62,present
4901,355,63,present
4902,355,64,present
4903,355,65,present
4904,355,66,present
4905,356,59,present
4906,356,60,present
4907,356,61,present
4908,356,62,present
4909,356,63,present
4910,356,64,absent
4911,356,65,present
4912,356,66,present
4913,357,59,absent
4914,357,60,present
4915,357,61,present
4916,357,62,absent
4917,357,63,present
4918,357,64,present
4919,357,65,present
4920,357,66,absent
4921,358,59,present
4922,358,60,present
4923,358,61,present
4924,358,62,present
4925,358,63,present
4926,358,64,present
4927,358,65,absent
4928,358,66,absent
4929,359,59,present
4930,359,60,present
4931,359,61,present
4932,359,62,absent
4933,359,63,absent
4934,359,64,present
4935,359,65,present
4936,359,66,present
4937,360,59,present
4938,360,60,present
4939,360,61,present
4940,360,62,present
4941,360,63,present
4942,360,64,present
4943,360,65,absent
4944,360,66,present
4945,361,59,present
4946,361,60,present
4947,361,61,absent
4948,361,62,present
4949,361,63,present
4950,361,64,present
4951,361,65,present
4952,361,66,present
4953,362,59,present
4954,362,60,present
4955,362,61,absent
4956,362,62,present
4957,362,63,present
4958,362,64,present
4959,362,65,present
4960,362,66,present
4961,363,59,present
4962,363,60,absent
4963,363,61,present
4964,363,62,present
4965,363,63,present
4966,363,64,present
4967,363,65,present
4968,363,66,present
4969,364,51,present
4970,364,52,present
4971,364,53,present
4972,364,54,present
4973,364,55,present
4974,364,56,present
4975,364,57,present
4976,364,58,late
4977,365,51,present
4978,365,52,present
4979,365,53,present
4980,365,54,present
4981,365,55,present
4982,365,56,present
4983,365,57,present
4984,365,58,present
4985,366,51,present
4986,366,52,present
4987,366,53,present
4988,366,54,present
4989,366,55,present
4990,366,56,present
4991,366,57,present
4992,366,58,excused
4993,367,51,present
4994,367,52,present
4995,367,53,present
4996,367,54,present
4997,367,55,present
4998,367,56,present
4999,367,57,present
5000,367,58,present
5001,368,51,present
5002,368,52,present
5003,368,53,present
5004,368,54,present
5005,368,55,absent
5006,368,56,present
5007,368,57,present
5008,368,58,present
5009,369,51,present
5010,369,52,present
5011,369,53,present
5012,369,54,present
5013,369,55,present
5014,369,56,present
5015,369,57,present
5016,369,58,absent
5017,370,51,present
5018,370,52,present
5019,370,53,present
5020,370,54,present
5021,370,55,present
5022,370,56,present
5023,370,57,present
5024,370,58,present
5025,371,51,present
5026,371,52,present
5027,371,53,present
5028,371,54,present
5029,371,55,present
5030,371,56,present
5031,371,57,present
5032,371,58,present
5033,372,51,present
5034,372,52,present
5035,372,53,absent
5036,372,54,present
5037,372,55,present
5038,372,56,present
5039,372,57,present
5040,372,58,present
5041,373,51,present
5042,373,52,present
5043,373,53,present
5044,373,54,present
5045,373,55,present
5046,373,56,present
5047,373,57,present
5048,373,58,present
5049,374,59,present
5050,374,60,present
5051,374,61,present
5052,374,62,present
5053,374,63,present
5054,374,64,present
5055,374,65,present
5056,374,66,present
5057,375,59,absent
5058,375,60,late
5059,375,61,present
5060,375,62,present
5061,375,63,present
5062,375,64,present
5063,375,65,present
5064,375,66,present
5065,376,59,present
5066,376,60,present
5067,376,61,present
5068,376,62,present
5069,376,63,present
5070,376,64,present
5071,376,65,present
5072,376,66,present
5073,377,59,present
5074,377,60,present
5075,377,61,present
5076,377,62,present
5077,377,63,present
5078,377,64,present
5079,377,65,present
5080,377,66,present
5081,378,59,present
5082,378,60,present
5083,378,61,present
5084,378,62,present
5085,378,63,absent
5086,378,64,present
5087,378,65,absent
5088,378,66,present
5089,379,59,present
5090,379,60,present
5091,379,61,present
5092,379,62,present
5093,379,63,present
5094,379,64,present
5095,379,65,present
5096,379,66,present
5097,380,59,present
5098,380,60,present
5099,380,61,present
5100,380,62,present
5101,380,63,present
5102,380,64,present
5103,380,65,present
5104,380,66,present
5105,381,59,present
5106,381,60,present
5107,381,61,present
5108,381,62,present
5109,381,63,present
5110,381,64,present
5111,381,65,present
5112,381,66,present
5113,382,59,present
5114,382,60,present
5115,382,61,present
5116,382,62,late
5117,382,63,present
5118,382,64,present
5119,382,65,present
5120,382,66,present
5121,383,59,present
5122,383,60,present
5123,383,61,present
5124,383,62,present
5125,383,63,present
5126,383,64,present
5127,383,65,present
5128,383,66,present
5129,384,59,present
5130,384,60,present
5131,384,61,present
5132,384,62,present
5133,384,63,present
5134,384,64,present
5135,384,65,present
5136,384,66,present
5137,385,51,present
5138,385,52,present
5139,385,53,absent
5140,385,54,present
5141,385,55,present
5142,385,56,present
5143,385,57,present
5144,385,58,present
5145,385,59,present
5146,385,60,present
5147,385,61,present
5148,385,62,present
5149,385,63,late
5150,385,64,present
5151,385,65,present
5152,385,66,present
5153,386,51,present
5154,386,52,present
5155,386,53,present
5156,386,54,present
5157,386,55,present
5158,386,56,present
5159,386,57,present
5160,386,58,present
5161,386,59,present
5162,386,60,present
5163,386,61,present
5164,386,62,present
5165,386,63,present
5166,386,64,present
5167,386,65,present
5168,386,66,present
5169,387,51,present
5170,387,52,present
5171,387,53,present
5172,387,54,present
5173,387,55,present
5174,387,56,absent
5175,387,57,present
5176,387,58,present
5177,387,59,present
5178,387,60,present
5179,387,61,present
5180,387,62,present
5181,387,63,present
5182,387,64,absent
5183,387,65,present
5184,387,66,absent
5185,388,51,present
5186,388,52,present
5187,388,53,present
5188,388,54,late
5189,388,55,present
5190,388,56,present
5191,388,57,present
5192,388,58,present
5193,388,59,present
5194,388,60,present
5195,388,61,present
5196,388,62,present
5197,388,63,present
5198,388,64,present
5199,388,65,present
5200,388,66,absent
5201,389,51,present
5202,389,52,present
5203,389,53,present
5204,389,54,present
5205,389,55,present
5206,389,56,present
5207,389,57,present
5208,389,58,present
5209,389,59,absent
5210,389,60,absent
5211,389,61,present
5212,389,62,present
5213,389,63,present
5214,389,64,present
5215,389,65,present
5216,389,66,present
5217,390,51,present
5218,390,52,present
5219,390,53,present
5220,390,54,present
5221,390,55,present
5222,390,56,present
5223,390,57,present
5224,390,58,present
5225,390,59,present
5226,390,60,present
5227,390,61,present
5228,390,62,present
5229,390,63,present
5230,390,64,present
5231,390,65,present
5232,390,66,present
5233,391,51,present
5234,391,52,present
5235,391,53,present
5236,391,54,present
5237,391,55,present
5238,391,56,present
5239,391,57,present
5240,391,58,present
5241,391,59,present
5242,391,60,present
5243,391,61,present
5244,391,62,present
5245,391,63,present
5246,391,64,absent
5247,391,65,absent
5248,391,66,present
5249,392,51,present
5250,392,52,present
5251,392,53,present
5252,392,54,present
5253,392,55,present
5254,392,56,present
5255,392,57,present
5256,392,58,present
5257,392,59,absent
5258,392,60,present
5259,392,61,present
5260,392,62,absent
5261,392,63,present
5262,392,64,present
5263,392,65,present
5264,392,66,present
5265,393,51,present
5266,393,52,present
5267,393,53,present
5268,393,54,present
5269,393,55,present
5270,393,56,absent
5271,393,57,present
5272,393,58,present
5273,393,59,present
5274,393,60,present
5275,393,61,present
5276,393,62,absent
5277,393,63,present
5278,393,64,present
5279,393,65,present
5280,393,66,late
5281,394,51,present
5282,394,52,present
5283,394,53,present
5284,394,54,present
5285,394,55,present
5286,394,56,present
5287,394,57,present
5288,394,58,present
5289,394,59,present
5290,394,60,present
5291,394,61,present
5292,394,62,late
5293,394,63,present
5294,394,64,present
5295,394,65,present
5296,394,66,present
5297,395,51,present
5298,395,52,present
5299,395,53,present
5300,395,54,present
5301,395,55,present
5302,395,56,present
5303,395,57,present
5304,395,58,present
5305,395,59,present
5306,395,60,present
5307,395,61,present
5308,395,62,present
5309,395,63,present
5310,395,64,present
5311,395,65,present
5312,395,66,present
5313,396,51,present
5314,396,52,present
5315,396,53,present
5316,396,54,present
5317,396,55,present
5318,396,56,absent
5319,396,57,present
5320,396,58,present
5321,397,51,present
5322,397,52,present
5323,397,53,absent
5324,397,54,present
5325,397,55,present
5326,397,56,present
5327,397,57,present
5328,397,58,present
5329,398,51,present
5330,398,52,present
5331,398,53,present
5332,398,54,present
5333,398,55,present
5334,398,56,present
5335,398,57,present
5336,398,58,present
5337,399,51,present
5338,399,52,present
5339,399,53,present
5340,399,54,present
5341,399,55,present
5342,399,56,present
5343,399,57,present
5344,399,58,late
5345,400,51,absent
5346,400,52,present
5347,400,53,present
5348,400,54,present
5349,400,55,present
5350,400,56,present
5351,400,57,present
5352,400,58,absent
5353,401,51,present
5354,401,52,present
5355,401,53,present
5356,401,54,late
5357,401,55,present
5358,401,56,present
5359,401,57,present
5360,401,58,present
5361,402,51,present
5362,402,52,present
5363,402,53,present
5364,402,54,present
5365,402,55,present
5366,402,56,present
5367,402,57,present
5368,402,58,present
5369,403,51,present
5370,403,52,present
5371,403,53,present
5372,403,54,present
5373,403,55,present
5374,403,56,present
5375,403,57,present
5376,403,58,present
5377,404,51,present
5378,404,52,present
5379,404,53,absent
5380,404,54,present
5381,404,55,present
5382,404,56,present
5383,404,57,present
5384,404,58,present
5385,405,51,present
5386,405,52,present
5387,405,53,present
5388,405,54,present
5389,405,55,present
5390,405,56,absent
5391,405,57,present
5392,405,58,present
5393,406,51,present
5394,406,52,present
5395,406,53,present
5396,406,54,present
5397,406,55,present
5398,406,56,present
5399,406,57,present
5400,406,58,absent
5401,407,59,present
5402,407,60,present
5403,407,61,present
5404,407,62,present
5405,407,63,present
5406,407,64,present
5407,407,65,present
5408,407,66,present
5409,408,59,present
5410,408,60,present
5411,408,61,present
5412,408,62,absent
5413,408,63,present
5414,408,64,present
5415,408,65,present
5416,408,66,excused
5417,409,59,present
5418,409,60,present
5419,409,61,present
5420,409,62,present
5421,409,63,present
5422,409,64,present
5423,409,65,present
5424,409,66,present
5425,410,59,present
5426,410,60,present
5427,410,61,absent
5428,410,62,late
5429,410,63,present
5430,410,64,present
5431,410,65,present
5432,410,66,present
5433,411,59,present
5434,411,60,present
5435,411,61,present
5436,411,62,present
5437,411,63,absent
5438,411,64,present
5439,411,65,absent
5440,411,66,present
5441,412,59,present
5442,412,60,absent
5443,412,61,present
5444,412,62,present
5445,412,63,present
5446,412,64,present
5447,412,65,present
5448,412,66,present
5449,413,59,present
5450,413,60,absent
5451,413,61,present
5452,413,62,late
5453,413,63,present
5454,413,64,present
5455,413,65,present
5456,413,66,present
5457,414,59,present
5458,414,60,present
5459,414,61,present
5460,414,62,present
5461,414,63,present
5462,414,64,present
5463,414,65,absent
5464,414,66,present
5465,415,59,present
5466,415,60,late
5467,415,61,present
5468,415,62,present
5469,415,63,present
5470,415,64,present
5471,415,65,absent
5472,415,66,present
5473,416,59,present
5474,416,60,present
5475,416,61,present
5476,416,62,present
5477,416,63,present
5478,416,64,present
5479,416,65,absent
5480,416,66,present
5481,417,51,present
5482,417,52,present
5483,417,53,present
5484,417,54,present
5485,417,55,present
5486,417,56,present
5487,417,57,present
5488,417,58,present
5489,417,59,present
5490,417,60,present
5491,417,61,absent
5492,417,62,present
5493,417,63,present
5494,417,64,present
5495,417,65,present
5496,417,66,present
5497,418,51,present
5498,418,52,present
5499,418,53,present
5500,418,54,present
5501,418,55,present
5502,418,56,present
5503,418,57,present
5504,418,58,present
5505,418,59,present
5506,418,60,present
5507,418,61,present
5508,418,62,present
5509,418,63,present
5510,418,64,present
5511,418,65,late
5512,418,66,present
5513,419,51,present
5514,419,52,present
5515,419,53,present
5516,419,54,present
5517,419,55,present
5518,419,56,present
5519,419,57,present
5520,419,58,present
5521,419,59,present
5522,419,60,present
5523,419,61,absent
5524,419,62,present
5525,419,63,present
5526,419,64,present
5527,419,65,present
5528,419,66,present
5529,420,51,present
5530,420,52,absent
5531,420,53,present
5532,420,54,present
5533,420,55,present
5534,420,56,present
5535,420,57,present
5536,420,58,present
5537,420,59,present
5538,420,60,present
5539,420,61,present
5540,420,62,absent
5541,420,63,present
5542,420,64,present
5543,420,65,present
5544,420,66,absent
5545,421,51,present
5546,421,52,present
5547,421,53,present
5548,421,54,present
5549,421,55,present
5550,421,56,present
5551,421,57,present
5552,421,58,present
5553,421,59,present
5554,421,60,present
5555,421,61,present
5556,421,62,present
5557,421,63,absent
5558,421,64,present
5559,421,65,present
5560,421,66,present
5561,422,51,present
5562,422,52,present
5563,422,53,present
5564,422,54,present
5565,422,55,present
5566,422,56,present
5567,422,57,present
5568,422,58,absent
5569,422,59,present
5570,422,60,present
5571,422,61,present
5572,422,62,present
5573,422,63,present
5574,422,64,present
5575,422,65,present
5576,422,66,present
5577,423,51,present
5578,423,52,present
5579,423,53,present
5580,423,54,present
5581,423,55,absent
5582,423,56,present
5583,423,57,absent
5584,423,58,present
5585,423,59,present
5586,423,60,present
5587,423,61,present
5588,423,62,late
5589,423,63,present
5590,423,64,present
5591,423,65,present
5592,423,66,present
5593,424,51,present
5594,424,52,absent
5595,424,53,absent
5596,424,54,present
5597,424,55,present
5598,424,56,present
5599,424,57,present
5600,424,58,present
5601,424,59,present
5602,424,60,present
5603,424,61,present
5604,424,62,present
5605,424,63,present
5606,424,64,present
5607,424,65,present
5608,424,66,present
5609,425,51,present
5610,425,52,present
5611,425,53,present
5612,425,54,present
5613,425,55,present
5614,425,56,present
5615,425,57,present
5616,425,58,present
5617,425,59,present
5618,425,60,present
5619,425,61,present
5620,425,62,absent
5621,425,63,present
5622,425,64,present
5623,425,65,present
5624,425,66,present
5625,426,51,present
5626,426,52,present
5627,426,53,present
5628,426,54,present
5629,426,55,present
5630,426,56,present
5631,426,57,present
5632,426,58,present
5633,426,59,present
5634,426,60,present
5635,426,61,present
5636,426,62,present
5637,426,63,present
5638,426,64,present
5639,426,65,present
5640,426,66,present
5641,427,51,present
5642,427,52,present
5643,427,53,present
5644,427,54,present
5645,427,55,present
5646,427,56,present
5647,427,57,present
5648,427,58,absent
5649,427,59,absent
5650,427,60,present
5651,427,61,present
5652,427,62,present
5653,427,63,present
5654,427,64,present
5655,427,65,present
5656,427,66,present
5657,428,51,present
5658,428,52,present
5659,428,53,absent
5660,428,54,absent
5661,428,55,present
5662,428,56,present
5663,428,57,present
5664,428,58,present
5665,428,59,present
5666,428,60,present
5667,428,61,present
5668,428,62,present
5669,428,63,present
5670,428,64,absent
5671,428,65,present
5672,428,66,present
5673,429,51,present
5674,429,52,absent
5675,429,53,present
5676,429,54,present
5677,429,55,present
5678,429,56,present
5679,429,57,present
5680,429,58,present
5681,429,59,present
5682,429,60,present
5683,429,61,present
5684,429,62,present
5685,429,63,absent
5686,429,64,present
5687,429,65,present
5688,429,66,present
5689,430,51,present
5690,430,52,present
5691,430,53,present
5692,430,54,present
5693,430,55,present
5694,430,56,present
5695,430,57,present
5696,430,58,present
5697,430,59,present
5698,430,60,present
5699,430,61,present
5700,430,62,present
5701,430,63,present
5702,430,64,present
5703,430,65,present
5704,430,66,present
5705,431,51,present
5706,431,52,present
5707,431,53,present
5708,431,54,present
5709,431,55,present
5710,431,56,present
5711,431,57,present
5712,431,58,present
5713,431,59,absent
5714,431,60,present
5715,431,61,present
5716,431,62,present
5717,431,63,present
5718,431,64,present
5719,431,65,present
5720,431,66,absent
5721,432,51,present
5722,432,52,present
5723,432,53,present
5724,432,54,present
5725,432,55,present
5726,432,56,present
5727,432,57,present
5728,432,58,present
5729,432,59,present
5730,432,60,present
5731,432,61,present
5732,432,62,absent
5733,432,63,present
5734,432,64,present
5735,432,65,present
5736,432,66,present
5737,433,51,present
5738,433,52,absent
5739,433,53,present
5740,433,54,present
5741,433,55,present
5742,433,56,present
5743,433,57,present
5744,433,58,present
5745,433,59,present
5746,433,60,present
5747,433,61,present
5748,433,62,present
5749,433,63,present
5750,433,64,present
5751,433,65,present
5752,433,66,present
5753,434,51,absent
5754,434,52,absent
5755,434,53,present
5756,434,54,present
5757,434,55,present
5758,434,56,present
5759,434,57,present
5760,434,58,present
5761,434,59,present
5762,434,60,present
5763,434,61,present
5764,434,62,present
5765,434,63,present
5766,434,64,present
5767,434,65,present
5768,434,66,present
5769,435,51,present
5770,435,52,present
5771,435,53,absent
5772,435,54,late
5773,435,55,present
5774,435,56,present
5775,435,57,present
5776,435,58,absent
5777,435,59,present
5778,435,60,present
5779,435,61,present
5780,435,62,present
5781,435,63,present
5782,435,64,present
5783,435,65,present
5784,435,66,present
5785,436,51,present
5786,436,52,present
5787,436,53,present
5788,436,54,absent
5789,436,55,present
5790,436,56,present
5791,436,57,present
5792,436,58,present
5793,436,59,present
5794,436,60,present
5795,436,61,present
5796,436,62,present
5797,436,63,present
5798,436,64,present
5799,436,65,present
5800,436,66,present
5801,437,51,excused
5802,437,52,present
5803,437,53,present
5804,437,54,absent
5805,437,55,present
5806,437,56,present
5807,437,57,absent
5808,437,58,present
5809,437,59,present
5810,437,60,present
5811,437,61,absent
5812,437,62,present
5813,437,63,present
5814,437,64,present
5815,437,65,present
5816,437,66,present
5817,438,51,present
5818,438,52,present
5819,438,53,present
5820,438,54,present
5821,438,55,present
5822,438,56,present
5823,438,57,present
5824,438,58,present
5825,438,59,present
5826,438,60,present
5827,438,61,present
5828,438,62,present
5829,438,63,present
5830,438,64,late
5831,438,65,present
5832,438,66,present
5833,439,51,absent
5834,439,52,absent
5835,439,53,present
5836,439,54,present
5837,439,55,absent
5838,439,56,present
5839,439,57,present
5840,439,58,present
5841,439,59,present
5842,439,60,present
5843,439,61,present
5844,439,62,present
5845,439,63,present
5846,439,64,present
5847,439,65,present
5848,439,66,present
5849,440,51,present
5850,440,52,present
5851,440,53,present
5852,440,54,present
5853,440,55,present
5854,440,56,present
5855,440,57,present
5856,440,58,present
5857,440,59,present
5858,440,60,present
5859,440,61,present
5860,440,62,present
5861,440,63,present
5862,440,64,absent
5863,440,65,present
5864,440,66,present
5865,441,51,present
5866,441,52,present
5867,441,53,late
5868,441,54,present
5869,441,55,present
5870,441,56,present
5871,441,57,present
5872,441,58,present
5873,441,59,present
5874,441,60,present
5875,441,61,present
5876,441,62,present
5877,441,63,present
5878,441,64,present
5879,441,65,present
5880,441,66,present
5881,442,51,present
5882,442,52,present
5883,442,53,late
5884,442,54,present
5885,442,55,present
5886,442,56,present
5887,442,57,present
5888,442,58,present
5889,442,59,absent
5890,442,60,present
5891,442,61,present
5892,442,62,present
5893,442,63,absent
5894,442,64,present
5895,442,65,present
5896,442,66,present
5897,443,51,present
5898,443,52,absent
5899,443,53,present
5900,443,54,present
5901,443,55,present
5902,443,56,present
5903,443,57,present
5904,443,58,present
5905,443,59,present
5906,443,60,present
5907,443,61,present
5908,443,62,present
5909,443,63,absent
5910,443,64,present
5911,443,65,present
5912,443,66,absent
5913,444,51,present
5914,444,52,present
5915,444,53,present
5916,444,54,present
5917,444,55,present
5918,444,56,present
5919,444,57,present
5920,444,58,present
5921,444,59,late
5922,444,60,present
5923,444,61,present
5924,444,62,present
5925,444,63,present
5926,444,64,present
5927,444,65,present
5928,444,66,present
5929,445,51,present
5930,445,52,present
5931,445,53,present
5932,445,54,present
5933,445,55,absent
5934,445,56,present
5935,445,57,present
5936,445,58,present
5937,445,59,present
5938,445,60,present
5939,445,61,absent
5940,445,62,present
5941,445,63,present
5942,445,64,present
5943,445,65,present
5944,445,66,present
5945,446,51,present
5946,446,52,present
5947,446,53,present
5948,446,54,present
5949,446,55,absent
5950,446,56,present
5951,446,57,present
5952,446,58,present
5953,446,59,present
5954,446,60,present
5955,446,61,present
5956,446,62,present
5957,446,63,present
5958,446,64,present
5959,446,65,present
5960,446,66,present
5961,447,51,present
5962,447,52,present
5963,447,53,present
5964,447,54,present
5965,447,55,present
5966,447,56,present
5967,447,57,absent
5968,447,58,present
5969,447,59,present
5970,447,60,absent
5971,447,61,present
5972,447,62,present
5973,447,63,present
5974,447,64,present
5975,447,65,present
5976,447,66,present
5977,448,17,present
5978,448,18,present
5979,448,19,present
5980,448,20,present
5981,448,21,present
5982,448,22,present
5983,448,23,present
5984,448,24,present
5985,448,25,present
5986,448,26,present
5987,449,17,present
5988,449,18,present
5989,449,19,absent
5990,449,20,present
5991,449,21,absent
5992,449,22,present
5993,449,23,present
5994,449,24,present
5995,449,25,present
5996,449,26,present
5997,450,17,absent
5998,450,18,present
5999,450,19,present
6000,450,20,present
6001,450,21,present
6002,450,22,present
6003,450,23,present
6004,450,24,present
6005,450,25,present
6006,450,26,present
6007,451,17,present
6008,451,18,present
6009,451,19,present
6010,451,20,present
6011,451,21,present
6012,451,22,present
6013,451,23,present
6014,451,24,present
6015,451,25,present
6016,451,26,present
6017,452,17,present
6018,452,18,present
6019,452,19,present
6020,452,20,present
6021,452,21,present
6022,452,22,present
6023,452,23,present
6024,452,24,present
6025,452,25,present
6026,452,26,present
6027,453,17,present
6028,453,18,present
6029,453,19,late
6030,453,20,present
6031,453,21,absent
6032,453,22,present
6033,453,23,present
6034,453,24,present
6035,453,25,present
6036,453,26,present
6037,454,17,present
6038,454,18,present
6039,454,19,present
6040,454,20,present
6041,454,21,present
6042,454,22,present
6043,454,23,present
6044,454,24,present
6045,454,25,present
6046,454,26,present
6047,455,17,present
6048,455,18,present
6049,455,19,present
6050,455,20,late
6051,455,21,present
6052,455,22,present
6053,455,23,present
6054,455,24,present
6055,455,25,present
6056,455,26,present
6057,456,17,present
6058,456,18,present
6059,456,19,present
6060,456,20,present
6061,456,21,present
6062,456,22,present
6063,456,23,present
6064,456,24,present
6065,456,25,present
6066,456,26,present
6067,457,17,present
6068,457,18,present
6069,457,19,absent
6070,457,20,absent
6071,457,21,present
6072,457,22,present
6073,457,23,present
6074,457,24,present
6075,457,25,present
6076,457,26,excused
6077,458,17,present
6078,458,18,present
6079,458,19,present
6080,458,20,present
6081,458,21,present
6082,458,22,present
6083,458,23,present
6084,458,24,present
6085,458,25,present
6086,458,26,present
6087,459,17,present
6088,459,18,present
6089,459,19,present
6090,459,20,present
6091,459,21,present
6092,459,22,present
6093,459,23,present
6094,459,24,present
6095,459,25,present
6096,459,26,absent
6097,460,17,absent
6098,460,18,present
6099,460,19,present
6100,460,20,present
6101,460,21,present
6102,460,22,present
6103,460,23,present
6104,460,24,present
6105,460,25,present
6106,460,26,present
6107,461,17,present
6108,461,18,present
6109,461,19,present
6110,461,20,present
6111,461,21,present
6112,461,22,present
6113,461,23,present
6114,461,24,present
6115,461,25,present
6116,461,26,present
6117,462,17,present
6118,462,18,present
6119,462,19,present
6120,462,20,present
6121,462,21,present
6122,462,22,present
6123,462,23,present
6124,462,24,present
6125,462,25,present
6126,462,26,present
6127,463,17,present
6128,463,18,present
6129,463,19,present
6130,463,20,present
6131,463,21,present
6132,463,22,present
6133,463,23,late
6134,463,24,present
6135,463,25,present
6136,463,26,absent
6137,464,17,present
6138,464,18,present
6139,464,19,present
6140,464,20,present
6141,464,21,present
6142,464,22,present
6143,464,23,present
6144,464,24,present
6145,464,25,present
6146,464,26,present
6147,465,17,present
6148,465,18,present
6149,465,19,present
6150,465,20,absent
6151,465,21,present
6152,465,22,present
6153,465,23,present
6154,465,24,present
6155,465,25,present
6156,465,26,present
6157,466,17,present
6158,466,18,present
6159,466,19,present
6160,466,20,present
6161,466,21,present
6162,466,22,present
6163,466,23,late
6164,466,24,present
6165,466,25,present
6166,466,26,absent
6167,467,17,present
6168,467,18,present
6169,467,19,present
6170,467,20,present
6171,467,21,absent
6172,467,22,present
6173,467,23,present
6174,467,24,present
6175,467,25,present
6176,467,26,present
6177,468,17,present
6178,468,18,present
6179,468,19,present
6180,468,20,present
6181,468,21,present
6182,468,22,present
6183,468,23,present
6184,468,24,present
6185,468,25,present
6186,468,26,absent
6187,469,17,present
6188,469,18,present
6189,469,19,present
6190,469,20,present
6191,469,21,present
6192,469,22,present
6193,469,23,excused
6194,469,24,present
6195,469,25,present
6196,469,26,present
6197,470,17,present
6198,470,18,absent
6199,470,19,present
6200,470,20,present
6201,470,21,present
6202,470,22,present
6203,470,23,present
6204,470,24,present
6205,470,25,present
6206,470,26,present
6207,471,17,present
6208,471,18,present
6209,471,19,absent
6210,471,20,present
6211,471,21,absent
6212,471,22,present
6213,471,23,late
6214,471,24,present
6215,471,25,present
6216,471,26,present
6217,472,17,present
6218,472,18,present
6219,472,19,present
6220,472,20,absent
6221,472,21,present
6222,472,22,present
6223,472,23,present
6224,472,24,present
6225,472,25,present
6226,472,26,present
6227,473,17,present
6228,473,18,present
6229,473,19,late
6230,473,20,present
6231,473,21,present
6232,473,22,absent
6233,473,23,absent
6234,473,24,present
6235,473,25,present
6236,473,26,present
6237,474,17,present
6238,474,18,present
6239,474,19,present
6240,474,20,present
6241,474,21,present
6242,474,22,present
6243,474,23,present
6244,474,24,present
6245,474,25,present
6246,474,26,present
6247,475,17,present
6248,475,18,present
6249,475,19,present
6250,475,20,present
6251,475,21,absent
6252,475,22,present
6253,475,23,present
6254,475,24,present
6255,475,25,present
6256,475,26,present
6257,476,17,present
6258,476,18,present
6259,476,19,present
6260,476,20,present
6261,476,21,present
6262,476,22,present
6263,476,23,present
6264,476,24,present
6265,476,25,present
6266,476,26,present
6267,477,17,present
6268,477,18,absent
6269,477,19,present
6270,477,20,present
6271,477,21,present
6272,477,22,present
6273,477,23,absent
6274,477,24,present
6275,477,25,present
6276,477,26,absent
6277,478,17,present
6278,478,18,present
6279,478,19,present
6280,478,20,present
6281,478,21,present
6282,478,22,present
6283,478,23,absent
6284,478,24,present
6285,478,25,present
6286,478,26,present
6287,479,17,present
6288,479,18,present
6289,479,19,present
6290,479,20,present
6291,479,21,absent
6292,479,22,present
6293,479,23,present
6294,479,24,present
6295,479,25,present
6296,479,26,present
6297,480,17,absent
6298,480,18,present
6299,480,19,present
6300,480,20,present
6301,480,21,absent
6302,480,22,present
6303,480,23,present
6304,480,24,present
6305,480,25,present
6306,480,26,present
6307,481,17,present
6308,481,18,present
6309,481,19,present
6310,481,20,present
6311,481,21,present
6312,481,22,present
6313,481,23,present
6314,481,24,present
6315,481,25,present
6316,481,26,present
6317,482,17,present
6318,482,18,present
6319,482,19,present
6320,482,20,present
6321,482,21,present
6322,482,22,present
6323,482,23,present
6324,482,24,present
6325,482,25,present
6326,482,26,present
6327,483,17,present
6328,483,18,present
6329,483,19,present
6330,483,20,present
6331,483,21,present
6332,483,22,absent
6333,483,23,present
6334,483,24,present
6335,483,25,present
6336,483,26,present
6337,484,17,present
6338,484,18,present
6339,484,19,present
6340,484,20,present
6341,484,21,absent
6342,484,22,present
6343,484,23,present
6344,484,24,absent
6345,484,25,absent
6346,484,26,present
6347,485,17,present
6348,485,18,present
6349,485,19,present
6350,485,20,present
6351,485,21,present
6352,485,22,present
6353,485,23,present
6354,485,24,present
6355,485,25,absent
6356,485,26,present
6357,486,17,present
6358,486,18,present
6359,486,19,present
6360,486,20,present
6361,486,21,present
6362,486,22,present
6363,486,23,present
6364,486,24,present
6365,486,25,present
6366,486,26,present
6367,487,17,present
6368,487,18,present
6369,487,19,present
6370,487,20,present
6371,487,21,present
6372,487,22,present
6373,487,23,present
6374,487,24,present
6375,487,25,late
6376,487,26,absent
6377,488,17,present
6378,488,18,absent
6379,488,19,present
6380,488,20,present
6381,488,21,present
6382,488,22,present
6383,488,23,present
6384,488,24,present
6385,488,25,present
6386,488,26,present
6387,489,17,late
6388,489,18,present
6389,489,19,present
6390,489,20,present
6391,489,21,present
6392,489,22,present
6393,489,23,present
6394,489,24,present
6395,489,25,present
6396,489,26,present
6397,490,17,late
6398,490,18,present
6399,490,19,present
6400,490,20,present
6401,490,21,present
6402,490,22,present
6403,490,23,present
6404,490,24,present
6405,490,25,absent
6406,490,26,present
6407,491,17,present
6408,491,18,present
6409,491,19,present
6410,491,20,present
6411,491,21,present
6412,491,22,present
6413,491,23,present
6414,491,24,present
6415,491,25,present
6416,491,26,present
6417,492,17,present
6418,492,18,present
6419,492,19,present
6420,492,20,present
6421,492,21,present
6422,492,22,absent
6423,492,23,present
6424,492,24,present
6425,492,25,present
6426,492,26,present
6427,493,17,absent
6428,493,18,present
6429,493,19,absent
6430,493,20,present
6431,493,21,present
6432,493,22,present
6433,493,23,present
6434,493,24,present
6435,493,25,present
6436,493,26,present
6437,494,17,present
6438,494,18,present
6439,494,19,present
6440,494,20,present
6441,494,21,present
6442,494,22,present
6443,494,23,present
6444,494,24,present
6445,494,25,absent
6446,494,26,present
6447,495,17,present
6448,495,18,present
6449,495,19,present
6450,495,20,present
6451,495,21,present
6452,495,22,excused
6453,495,23,absent
6454,495,24,present
6455,495,25,present
6456,495,26,present
6457,496,17,present
6458,496,18,present
6459,496,19,present
6460,496,20,present
6461,496,21,present
6462,496,22,present
6463,496,23,present
6464,496,24,absent
6465,496,25,present
6466,496,26,present
6467,497,17,absent
6468,497,18,present
6469,497,19,present
6470,497,20,present
6471,497,21,present
6472,497,22,present
6473,497,23,present
6474,497,24,present
6475,497,25,present
6476,497,26,present
6477,498,17,present
6478,498,18,present
6479,498,19,present
6480,498,20,present
6481,498,21,present
6482,498,22,present
6483,498,23,present
6484,498,24,present
6485,498,25,absent
6486,498,26,late
6487,499,17,present
6488,499,18,present
6489,499,19,present
6490,499,20,present
6491,499,21,present
6492,499,22,present
6493,499,23,present
6494,499,24,present
6495,499,25,present
6496,499,26,present
6497,500,17,absent
6498,500,18,absent
6499,500,19,present
6500,500,20,present
6501,500,21,present
6502,500,22,present
6503,500,23,present
6504,500,24,present
6505,500,25,present
6506,500,26,present
6507,501,17,present
6508,501,18,present
6509,501,19,present
6510,501,20,present
6511,501,21,absent
6512,501,22,present
6513,501,23,present
6514,501,24,present
6515,501,25,present
6516,501,26,absent
6517,502,17,present
6518,502,18,present
6519,502,19,present
6520,502,20,absent
6521,502,21,present
6522,502,22,present
6523,502,23,present
6524,502,24,present
6525,502,25,present
6526,502,26,present
6527,503,17,present
6528,503,18,present
6529,503,19,present
6530,503,20,present
6531,503,21,present
6532,503,22,present
6533,503,23,present
6534,503,24,present
6535,503,25,present
6536,503,26,present
6537,504,17,present
6538,504,18,present
6539,504,19,excused
6540,504,20,present
6541,504,21,present
6542,504,22,present
6543,504,23,absent
6544,504,24,present
6545,504,25,late
6546,504,26,present
6547,505,17,present
6548,505,18,present
6549,505,19,present
6550,505,20,present
6551,505,21,late
6552,505,22,present
6553,505,23,present
6554,505,24,present
6555,505,25,present
6556,505,26,present
6557,506,17,present
6558,506,18,present
6559,506,19,present
6560,506,20,present
6561,506,21,present
6562,506,22,present
6563,506,23,present
6564,506,24,present
6565,506,25,present
6566,506,26,present
6567,507,17,present
6568,507,18,present
6569,507,19,present
6570,507,20,present
6571,507,21,late
6572,507,22,present
6573,507,23,present
6574,507,24,present
6575,507,25,present
6576,507,26,present
6577,508,17,present
6578,508,18,present
6579,508,19,present
6580,508,20,present
6581,508,21,present
6582,508,22,excused
6583,508,23,present
6584,508,24,present
6585,508,25,present
6586,508,26,present
6587,509,17,present
6588,509,18,present
6589,509,19,absent
6590,509,20,present
6591,509,21,late
6592,509,22,present
6593,509,23,present
6594,509,24,present
6595,509,25,present
6596,509,26,present
6597,510,17,present
6598,510,18,absent
6599,510,19,present
6600,510,20,present
6601,510,21,absent
6602,511,17,present
6603,511,18,present
6604,511,19,present
6605,511,20,late
6606,511,21,present
6607,512,17,present
6608,512,18,present
6609,512,19,present
6610,512,20,present
6611,512,21,present
6612,513,17,present
6613,513,18,absent
6614,513,19,present
6615,513,20,present
6616,513,21,present
6617,514,17,present
6618,514,18,present
6619,514,19,present
6620,514,20,present
6621,514,21,present
6622,515,17,present
6623,515,18,present
6624,515,19,present
6625,515,20,present
6626,515,21,present
6627,516,17,present
6628,516,18,present
6629,516,19,present
6630,516,20,absent
6631,516,21,present
6632,517,17,present
6633,517,18,present
6634,517,19,late
6635,517,20,absent
6636,517,21,present
6637,518,17,present
6638,518,18,absent
6639,518,19,present
6640,518,20,present
6641,518,21,present
6642,519,17,present
6643,519,18,present
6644,519,19,absent
6645,519,20,present
6646,519,21,present
6647,520,22,present
6648,520,23,present
6649,520,24,late
6650,520,25,absent
6651,520,26,present
6652,521,22,present
6653,521,23,present
6654,521,24,present
6655,521,25,present
6656,521,26,present
6657,522,22,present
6658,522,23,present
6659,522,24,present
6660,522,25,absent
6661,522,26,present
6662,523,22,present
6663,523,23,absent
6664,523,24,present
6665,523,25,present
6666,523,26,present
6667,524,22,present
6668,524,23,present
6669,524,24,present
6670,524,25,present
6671,524,26,present
6672,525,22,present
6673,525,23,present
6674,525,24,absent
6675,525,25,present
6676,525,26,present
6677,526,22,present
6678,526,23,present
6679,526,24,present
6680,526,25,present
6681,526,26,present
6682,527,22,present
6683,527,23,present
6684,527,24,present
6685,527,25,present
6686,527,26,present
6687,528,22,present
6688,528,23,present
6689,528,24,absent
6690,528,25,present
6691,528,26,present
6692,529,22,present
6693,529,23,present
6694,529,24,present
6695,529,25,present
6696,529,26,present
6697,530,22,present
6698,530,23,present
6699,530,24,present
6700,530,25,present
6701,530,26,present
6702,531,17,present
6703,531,18,present
6704,531,19,absent
6705,531,20,absent
6706,531,21,present
6707,531,22,present
6708,531,23,present
6709,531,24,present
6710,531,25,present
6711,531,26,present
6712,532,17,present
6713,532,18,present
6714,532,19,present
6715,532,20,present
6716,532,21,present
6717,532,22,present
6718,532,23,present
6719,532,24,present
6720,532,25,present
6721,532,26,present
6722,533,17,present
6723,533,18,present
6724,533,19,present
6725,533,20,present
6726,533,21,present
6727,533,22,present
6728,533,23,absent
6729,533,24,present
6730,533,25,present
6731,533,26,present
6732,534,17,present
6733,534,18,present
6734,534,19,present
6735,534,20,present
6736,534,21,present
6737,534,22,excused
6738,534,23,present
6739,534,24,present
6740,534,25,present
6741,534,26,present
6742,535,17,present
6743,535,18,present
6744,535,19,present
6745,535,20,present
6746,535,21,present
6747,535,22,present
6748,535,23,late
6749,535,24,present
6750,535,25,present
6751,535,26,present
6752,536,17,present
6753,536,18,present
6754,536,19,present
6755,536,20,present
6756,536,21,excused
6757,536,22,present
6758,536,23,present
6759,536,24,present
6760,536,25,present
6761,536,26,present
6762,537,17,present
6763,537,18,present
6764,537,19,present
6765,537,20,present
6766,537,21,present
6767,537,22,present
6768,537,23,present
6769,537,24,present
6770,537,25,present
6771,537,26,present
6772,538,17,present
6773,538,18,present
6774,538,19,present
6775,538,20,present
6776,538,21,present
6777,538,22,present
6778,538,23,present
6779,538,24,present
6780,538,25,present
6781,538,26,absent
6782,539,17,present
6783,539,18,present
6784,539,19,present
6785,539,20,absent
6786,539,21,present
6787,539,22,present
6788,539,23,present
6789,539,24,present
6790,539,25,late
6791,539,26,present
6792,540,17,present
6793,540,18,present
6794,540,19,present
6795,540,20,present
6796,540,21,present
6797,540,22,present
6798,540,23,present
6799,540,24,present
6800,540,25,present
6801,540,26,present
6802,541,17,present
6803,541,18,present
6804,541,19,absent
6805,541,20,present
6806,541,21,present
6807,541,22,present
6808,541,23,present
6809,541,24,present
6810,541,25,present
6811,541,26,present
6812,542,17,present
6813,542,18,present
6814,542,19,present
6815,542,20,present
6816,542,21,present
6817,542,22,present
6818,542,23,present
6819,542,24,present
6820,542,25,present
6821,542,26,present
6822,543,17,present
6823,543,18,present
6824,543,19,present
6825,543,20,absent
6826,543,21,present
6827,543,22,present
6828,543,23,present
6829,543,24,present
6830,543,25,present
6831,543,26,present
6832,544,17,present
6833,544,18,present
6834,544,19,present
6835,544,20,present
6836,544,21,present
6837,544,22,present
6838,544,23,present
6839,544,24,present
6840,544,25,present
6841,544,26,present
6842,545,17,present
6843,545,18,present
6844,545,19,present
6845,545,20,absent
6846,545,21,present
6847,545,22,present
6848,545,23,present
6849,545,24,present
6850,545,25,present
6851,545,26,present
6852,546,17,present
6853,546,18,absent
6854,546,19,present
6855,546,20,present
6856,546,21,present
6857,546,22,present
6858,546,23,present
6859,546,24,present
6860,546,25,present
6861,546,26,absent
6862,547,17,present
6863,547,18,late
6864,547,19,present
6865,547,20,present
6866,547,21,present
6867,547,22,present
6868,547,23,present
6869,547,24,present
6870,547,25,present
6871,547,26,present
6872,548,17,present
6873,548,18,present
6874,548,19,late
6875,548,20,present
6876,548,21,present
6877,548,22,present
6878,548,23,present
6879,548,24,present
6880,548,25,present
6881,548,26,present
6882,549,17,present
6883,549,18,absent
6884,549,19,present
6885,549,20,absent
6886,549,21,present
6887,549,22,present
6888,549,23,present
6889,549,24,present
6890,549,25,present
6891,549,26,present
6892,550,17,present
6893,550,18,present
6894,550,19,present
6895,550,20,present
6896,550,21,present
6897,550,22,present
6898,550,23,present
6899,550,24,present
6900,550,25,present
6901,550,26,absent
6902,551,17,present
6903,551,18,present
6904,551,19,absent
6905,551,20,present
6906,551,21,present
6907,551,22,absent
6908,551,23,present
6909,551,24,present
6910,551,25,present
6911,551,26,present
6912,552,17,present
6913,552,18,present
6914,552,19,absent
6915,552,20,absent
6916,552,21,present
6917,552,22,present
6918,552,23,present
6919,552,24,present
6920,552,25,present
6921,552,26,present
6922,553,17,present
6923,553,18,present
6924,553,19,present
6925,553,20,present
6926,553,21,present
6927,553,22,present
6928,553,23,present
6929,553,24,present
6930,553,25,present
6931,553,26,absent
6932,554,17,present
6933,554,18,present
6934,554,19,present
6935,554,20,present
6936,554,21,present
6937,554,22,present
6938,554,23,present
6939,554,24,present
6940,554,25,present
6941,554,26,present
6942,555,17,present
6943,555,18,present
6944,555,19,late
6945,555,20,present
6946,555,21,present
6947,555,22,absent
6948,555,23,present
6949,555,24,present
6950,555,25,present
6951,555,26,present
6952,556,17,present
6953,556,18,present
6954,556,19,present
6955,556,20,absent
6956,556,21,present
6957,556,22,present
6958,556,23,present
6959,556,24,present
6960,556,25,present
6961,556,26,absent
6962,557,17,present
6963,557,18,present
6964,557,19,present
6965,557,20,present
6966,557,21,present
6967,557,22,present
6968,557,23,present
6969,557,24,present
6970,557,25,present
6971,557,26,present
6972,558,17,present
6973,558,18,present
6974,558,19,present
6975,558,20,present
6976,558,21,present
6977,558,22,present
6978,558,23,present
6979,558,24,present
6980,558,25,present
6981,558,26,present
6982,559,17,present
6983,559,18,present
6984,559,19,absent
6985,559,20,present
6986,559,21,present
6987,559,22,present
6988,559,23,present
6989,559,24,present
6990,559,25,present
6991,559,26,present
6992,560,17,absent
6993,560,18,present
6994,560,19,present
6995,560,20,present
6996,560,21,present
6997,560,22,present
6998,560,23,present
6999,560,24,present
7000,560,25,present
7001,560,26,present
7002,561,17,present
7003,561,18,present
7004,561,19,absent
7005,561,20,present
7006,561,21,present
7007,561,22,present
7008,561,23,present
7009,561,24,present
7010,561,25,present
7011,561,26,present
7012,562,17,present
7013,562,18,present
7014,562,19,absent
7015,562,20,present
7016,562,21,present
7017,563,17,present
7018,563,18,present
7019,563,19,present
7020,563,20,present
7021,563,21,present
7022,564,17,present
7023,564,18,present
7024,564,19,present
7025,564,20,absent
7026,564,21,present
7027,565,17,absent
7028,565,18,present
7029,565,19,present
7030,565,20,present
7031,565,21,present
7032,566,17,absent
7033,566,18,present
7034,566,19,absent
7035,566,20,present
7036,566,21,present
7037,567,17,present
7038,567,18,present
7039,567,19,present
7040,567,20,present
7041,567,21,present
7042,568,17,present
7043,568,18,present
7044,568,19,present
7045,568,20,present
7046,568,21,present
7047,569,17,present
7048,569,18,present
7049,569,19,present
7050,569,20,present
7051,569,21,present
7052,570,17,present
7053,570,18,present
7054,570,19,present
7055,570,20,present
7056,570,21,present
7057,571,17,present
7058,571,18,present
7059,571,19,present
7060,571,20,absent
7061,571,21,present
7062,572,17,present
7063,572,18,present
7064,572,19,absent
7065,572,20,present
7066,572,21,present
7067,573,22,present
7068,573,23,present
7069,573,24,present
7070,573,25,absent
7071,573,26,present
7072,574,22,present
7073,574,23,present
7074,574,24,present
7075,574,25,absent
7076,574,26,absent
7077,575,22,present
7078,575,23,present
7079,575,24,present
7080,575,25,present
7081,575,26,absent
7082,576,22,present
7083,576,23,present
7084,576,24,present
7085,576,25,present
7086,576,26,present
7087,577,22,present
7088,577,23,absent
7089,577,24,present
7090,577,25,present
7091,577,26,absent
7092,578,22,present
7093,578,23,absent
7094,578,24,present
7095,578,25,present
7096,578,26,present
7097,579,22,present
7098,579,23,present
7099,579,24,present
7100,579,25,present
7101,579,26,present
7102,580,22,present
7103,580,23,present
7104,580,24,present
7105,580,25,present
7106,580,26,present
7107,581,22,present
7108,581,23,present
7109,581,24,present
7110,581,25,present
7111,581,26,present
7112,582,22,present
7113,582,23,present
7114,582,24,present
7115,582,25,present
7116,582,26,present
7117,583,17,present
7118,583,18,present
7119,583,19,present
7120,583,20,present
7121,583,21,present
7122,583,22,present
7123,583,23,present
7124,583,24,present
7125,583,25,present
7126,583,26,present
7127,584,17,present
7128,584,18,absent
7129,584,19,absent
7130,584,20,present
7131,584,21,present
7132,584,22,present
7133,584,23,present
7134,584,24,present
7135,584,25,present
7136,584,26,present
7137,585,17,present
7138,585,18,present
7139,585,19,absent
7140,585,20,absent
7141,585,21,present
7142,585,22,present
7143,585,23,present
7144,585,24,present
7145,585,25,present
7146,585,26,present
7147,586,17,present
7148,586,18,present
7149,586,19,absent
7150,586,20,present
7151,586,21,present
7152,586,22,present
7153,586,23,present
7154,586,24,present
7155,586,25,absent
7156,586,26,present
7157,587,17,present
7158,587,18,present
7159,587,19,present
7160,587,20,present
7161,587,21,present
7162,587,22,present
7163,587,23,present
7164,587,24,excused
7165,587,25,present
7166,587,26,absent
7167,588,17,present
7168,588,18,present
7169,588,19,present
7170,588,20,present
7171,588,21,present
7172,588,22,present
7173,588,23,present
7174,588,24,present
7175,588,25,present
7176,588,26,present
7177,589,17,present
7178,589,18,present
7179,589,19,present
7180,589,20,present
7181,589,21,present
7182,589,22,present
7183,589,23,present
7184,589,24,present
7185,589,25,present
7186,589,26,present
7187,590,17,present
7188,590,18,present
7189,590,19,present
7190,590,20,absent
7191,590,21,present
7192,590,22,present
7193,590,23,present
7194,590,24,absent
7195,590,25,present
7196,590,26,present
7197,591,17,present
7198,591,18,present
7199,591,19,present
7200,591,20,late
7201,591,21,present
7202,591,22,present
7203,591,23,present
7204,591,24,present
7205,591,25,excused
7206,591,26,present
7207,592,17,present
7208,592,18,present
7209,592,19,present
7210,592,20,present
7211,592,21,present
7212,592,22,present
7213,592,23,present
7214,592,24,present
7215,592,25,absent
7216,592,26,present
7217,593,17,present
7218,593,18,late
7219,593,19,present
7220,593,20,present
7221,593,21,present
7222,593,22,present
7223,593,23,present
7224,593,24,present
7225,593,25,absent
7226,593,26,present
7227,594,17,present
7228,594,18,present
7229,594,19,present
7230,594,20,present
7231,594,21,present
7232,594,22,present
7233,594,23,present
7234,594,24,present
7235,594,25,present
7236,594,26,present
7237,595,17,present
7238,595,18,present
7239,595,19,present
7240,595,20,present
7241,595,21,present
7242,595,22,present
7243,595,23,present
7244,595,24,present
7245,595,25,present
7246,595,26,present
7247,596,17,present
7248,596,18,present
7249,596,19,present
7250,596,20,present
7251,596,21,present
7252,596,22,present
7253,596,23,present
7254,596,24,present
7255,596,25,present
7256,596,26,present
7257,597,17,present
7258,597,18,present
7259,597,19,present
7260,597,20,present
7261,597,21,present
7262,597,22,present
7263,597,23,present
7264,597,24,present
7265,597,25,present
7266,597,26,present
7267,598,17,present
7268,598,18,present
7269,598,19,present
7270,598,20,present
7271,598,21,present
7272,598,22,present
7273,598,23,present
7274,598,24,present
7275,598,25,present
7276,598,26,present
7277,599,17,present
7278,599,18,absent
7279,599,19,present
7280,599,20,absent
7281,599,21,present
7282,599,22,present
7283,599,23,present
7284,599,24,present
7285,599,25,present
7286,599,26,present
7287,600,17,present
7288,600,18,present
7289,600,19,present
7290,600,20,present
7291,600,21,present
7292,600,22,present
7293,600,23,present
7294,600,24,present
7295,600,25,present
7296,600,26,present
7297,601,17,present
7298,601,18,present
7299,601,19,present
7300,601,20,present
7301,601,21,present
7302,601,22,present
7303,601,23,present
7304,601,24,present
7305,601,25,present
7306,601,26,present
7307,602,17,present
7308,602,18,present
7309,602,19,present
7310,602,20,present
7311,602,21,present
7312,602,22,present
7313,602,23,late
7314,602,24,present
7315,602,25,present
7316,602,26,present
7317,603,17,present
7318,603,18,present
7319,603,19,late
7320,603,20,present
7321,603,21,present
7322,603,22,present
7323,603,23,present
7324,603,24,present
7325,603,25,present
7326,603,26,present
7327,604,17,present
7328,604,18,present
7329,604,19,present
7330,604,20,present
7331,604,21,present
7332,604,22,present
7333,604,23,present
7334,604,24,present
7335,604,25,present
7336,604,26,present
7337,605,17,present
7338,605,18,present
7339,605,19,late
7340,605,20,present
7341,605,21,present
7342,605,22,absent
7343,605,23,present
7344,605,24,present
7345,605,25,present
7346,605,26,present
7347,606,17,present
7348,606,18,present
7349,606,19,present
7350,606,20,present
7351,606,21,present
7352,606,22,present
7353,606,23,present
7354,606,24,present
7355,606,25,present
7356,606,26,present
7357,607,17,present
7358,607,18,present
7359,607,19,present
7360,607,20,present
7361,607,21,present
7362,607,22,present
7363,607,23,absent
7364,607,24,present
7365,607,25,present
7366,607,26,present
7367,608,17,present
7368,608,18,present
7369,608,19,present
7370,608,20,present
7371,608,21,present
7372,608,22,present
7373,608,23,absent
7374,608,24,present
7375,608,25,present
7376,608,26,present
7377,609,17,present
7378,609,18,present
7379,609,19,late
7380,609,20,present
7381,609,21,present
7382,609,22,present
7383,609,23,present
7384,609,24,present
7385,609,25,present
7386,609,26,present
7387,610,17,present
7388,610,18,present
7389,610,19,present
7390,610,20,present
7391,610,21,present
7392,610,22,present
7393,610,23,absent
7394,610,24,present
7395,610,25,present
7396,610,26,present
7397,611,17,present
7398,611,18,absent
7399,611,19,present
7400,611,20,present
7401,611,21,late
7402,611,22,present
7403,611,23,present
7404,611,24,present
7405,611,25,present
7406,611,26,present
7407,612,17,present
7408,612,18,present
7409,612,19,absent
7410,612,20,present
7411,612,21,present
7412,612,22,present
7413,612,23,present
7414,612,24,present
7415,612,25,present
7416,612,26,present
7417,613,17,present
7418,613,18,present
7419,613,19,present
7420,613,20,present
7421,613,21,present
7422,613,22,absent
7423,613,23,present
7424,613,24,present
7425,613,25,absent
7426,613,26,present
7427,614,17,present
7428,614,18,present
7429,614,19,present
7430,614,20,present
7431,614,21,present
7432,614,22,present
7433,614,23,present
7434,614,24,present
7435,614,25,present
7436,614,26,present
7437,615,17,present
7438,615,18,present
7439,615,19,present
7440,615,20,present
7441,615,21,present
7442,615,22,present
7443,615,23,present
7444,615,24,present
7445,615,25,present
7446,615,26,present
7447,616,17,present
7448,616,18,present
7449,616,19,present
7450,616,20,present
7451,616,21,absent
7452,616,22,present
7453,616,23,present
7454,616,24,present
7455,616,25,present
7456,616,26,present
7457,617,17,present
7458,617,18,present
7459,617,19,present
7460,617,20,present
7461,617,21,present
7462,617,22,present
7463,617,23,present
7464,617,24,present
7465,617,25,present
7466,617,26,present
7467,618,17,present
7468,618,18,present
7469,618,19,present
7470,618,20,present
7471,618,21,present
7472,618,22,present
7473,618,23,present
7474,618,24,present
7475,618,25,present
7476,618,26,absent
7477,619,17,present
7478,619,18,present
7479,619,19,present
7480,619,20,absent
7481,619,21,present
7482,619,22,present
7483,619,23,present
7484,619,24,present
7485,619,25,absent
7486,619,26,present
7487,620,17,present
7488,620,18,present
7489,620,19,present
7490,620,20,absent
7491,620,21,present
7492,620,22,present
7493,620,23,present
7494,620,24,present
7495,620,25,present
7496,620,26,present
7497,621,17,present
7498,621,18,present
7499,621,19,absent
7500,621,20,present
7501,621,21,absent
7502,621,22,present
7503,621,23,present
7504,621,24,present
7505,621,25,present
7506,621,26,present
7507,622,17,present
7508,622,18,present
7509,622,19,present
7510,622,20,present
7511,622,21,present
7512,622,22,present
7513,622,23,absent
7514,622,24,present
7515,622,25,present
7516,622,26,present
7517,623,17,present
7518,623,18,present
7519,623,19,present
7520,623,20,present
7521,623,21,present
7522,623,22,present
7523,623,23,present
7524,623,24,present
7525,623,25,present
7526,623,26,present
7527,624,17,present
7528,624,18,present
7529,624,19,present
7530,624,20,present
7531,624,21,absent
7532,624,22,present
7533,624,23,present
7534,624,24,present
7535,624,25,present
7536,624,26,present
7537,625,17,present
7538,625,18,present
7539,625,19,present
7540,625,20,present
7541,625,21,present
7542,625,22,present
7543,625,23,present
7544,625,24,present
7545,625,25,present
7546,625,26,absent
7547,626,17,present
7548,626,18,present
7549,626,19,present
7550,626,20,absent
7551,626,21,present
7552,626,22,absent
7553,626,23,absent
7554,626,24,present
7555,626,25,present
7556,626,26,absent
7557,627,17,present
7558,627,18,present
7559,627,19,absent
7560,627,20,present
7561,627,21,present
7562,627,22,present
7563,627,23,present
7564,627,24,present
7565,627,25,present
7566,627,26,present
7567,628,17,absent
7568,628,18,absent
7569,628,19,present
7570,628,20,present
7571,628,21,present
7572,628,22,present
7573,628,23,present
7574,628,24,present
7575,628,25,present
7576,628,26,absent
7577,629,17,present
7578,629,18,absent
7579,629,19,late
7580,629,20,late
7581,629,21,present
7582,629,22,present
7583,629,23,present
7584,629,24,present
7585,629,25,present
7586,629,26,present
7587,630,17,absent
7588,630,18,present
7589,630,19,present
7590,630,20,present
7591,630,21,present
7592,630,22,present
7593,630,23,present
7594,630,24,present
7595,630,25,present
7596,630,26,absent
7597,631,17,present
7598,631,18,present
7599,631,19,present
7600,631,20,late
7601,631,21,present
7602,631,22,present
7603,631,23,present
7604,631,24,present
7605,631,25,present
7606,631,26,late
7607,632,17,present
7608,632,18,present
7609,632,19,absent
7610,632,20,present
7611,632,21,present
7612,632,22,present
7613,632,23,present
7614,632,24,present
7615,632,25,present
7616,632,26,present
7617,633,17,present
7618,633,18,absent
7619,633,19,present
7620,633,20,present
7621,633,21,present
7622,633,22,present
7623,633,23,present
7624,633,24,present
7625,633,25,present
7626,633,26,present
7627,634,17,present
7628,634,18,present
7629,634,19,present
7630,634,20,present
7631,634,21,present
7632,634,22,present
7633,634,23,present
7634,634,24,present
7635,634,25,absent
7636,634,26,absent
7637,635,17,present
7638,635,18,present
7639,635,19,present
7640,635,20,absent
7641,635,21,present
7642,635,22,present
7643,635,23,present
7644,635,24,present
7645,635,25,present
7646,635,26,present
7647,636,17,present
7648,636,18,present
7649,636,19,present
7650,636,20,absent
7651,636,21,present
7652,636,22,absent
7653,636,23,present
7654,636,24,present
7655,636,25,present
7656,636,26,present
7657,637,17,present
7658,637,18,present
7659,637,19,present
7660,637,20,present
7661,637,21,present
7662,637,22,present
7663,637,23,present
7664,637,24,absent
7665,637,25,present
7666,637,26,present
7667,638,17,present
7668,638,18,present
7669,638,19,present
7670,638,20,absent
7671,638,21,present
7672,638,22,present
7673,638,23,present
7674,638,24,present
7675,638,25,present
7676,638,26,present
7677,639,17,present
7678,639,18,present
7679,639,19,present
7680,639,20,present
7681,639,21,present
7682,639,22,present
7683,639,23,present
7684,639,24,present
7685,639,25,absent
7686,639,26,present
7687,640,17,absent
7688,640,18,present
7689,640,19,present
7690,640,20,present
7691,640,21,present
7692,640,22,present
7693,640,23,present
7694,640,24,present
7695,640,25,present
7696,640,26,present
7697,641,17,present
7698,641,18,present
7699,641,19,present
7700,641,20,present
7701,641,21,present
7702,641,22,present
7703,641,23,present
7704,641,24,present
7705,641,25,present
7706,641,26,present
7707,642,17,present
7708,642,18,present
7709,642,19,absent
7710,642,20,absent
7711,642,21,present
7712,642,22,present
7713,642,23,present
7714,642,24,present
7715,642,25,present
7716,642,26,present
7717,643,17,present
7718,643,18,present
7719,643,19,present
7720,643,20,present
7721,643,21,present
7722,643,22,present
7723,643,23,absent
7724,643,24,present
7725,643,25,present
7726,643,26,present
7727,644,17,absent
7728,644,18,absent
7729,644,19,present
7730,644,20,present
7731,644,21,present
7732,644,22,present
7733,644,23,present
7734,644,24,present
7735,644,25,present
7736,644,26,present
7737,645,17,present
7738,645,18,absent
7739,645,19,present
7740,645,20,absent
7741,645,21,present
7742,645,22,present
7743,645,23,present
7744,645,24,present
7745,645,25,absent
7746,645,26,absent
7747,646,17,present
7748,646,18,present
7749,646,19,absent
7750,646,20,present
7751,646,21,present
7752,646,22,present
7753,646,23,present
7754,646,24,present
7755,646,25,absent
7756,646,26,absent
7757,647,17,present
7758,647,18,present
7759,647,19,present
7760,647,20,absent
7761,647,21,present
7762,647,22,present
7763,647,23,present
7764,647,24,present
7765,647,25,absent
7766,647,26,present
7767,648,17,present
7768,648,18,absent
7769,648,19,absent
7770,648,20,present
7771,648,21,present
7772,648,22,present
7773,648,23,present
7774,648,24,present
7775,648,25,present
7776,648,26,present
7777,649,17,present
7778,649,18,present
7779,649,19,present
7780,649,20,present
7781,649,21,present
7782,649,22,absent
7783,649,23,present
7784,649,24,absent
7785,649,25,present
7786,649,26,present
7787,650,17,absent
7788,650,18,present
7789,650,19,present
7790,650,20,present
7791,650,21,present
7792,650,22,present
7793,650,23,present
7794,650,24,absent
7795,650,25,absent
7796,650,26,present
7797,651,17,present
7798,651,18,present
7799,651,19,present
7800,651,20,present
7801,651,21,present
7802,651,22,present
7803,651,23,present
7804,651,24,present
7805,651,25,present
7806,651,26,present
7807,652,17,present
7808,652,18,present
7809,652,19,present
7810,652,20,absent
7811,652,21,present
7812,652,22,present
7813,652,23,present
7814,652,24,absent
7815,652,25,present
7816,652,26,present
7817,653,17,present
7818,653,18,absent
7819,653,19,present
7820,653,20,present
7821,653,21,present
7822,653,22,present
7823,653,23,present
7824,653,24,present
7825,653,25,present
7826,653,26,present
7827,654,17,present
7828,654,18,absent
7829,654,19,present
7830,654,20,present
7831,654,21,present
7832,654,22,present
7833,654,23,present
7834,654,24,present
7835,654,25,present
7836,654,26,present
7837,655,17,present
7838,655,18,present
7839,655,19,present
7840,655,20,late
7841,655,21,present
7842,655,22,absent
7843,655,23,present
7844,655,24,present
7845,655,25,present
7846,655,26,present
7847,656,67,present
7848,656,68,present
7849,656,69,present
7850,656,70,present
7851,656,71,absent
7852,656,72,present
7853,656,73,present
7854,656,74,present
7855,656,75,present
7856,656,76,late
7857,657,67,present
7858,657,68,present
7859,657,69,present
7860,657,70,present
7861,657,71,present
7862,657,72,present
7863,657,73,present
7864,657,74,present
7865,657,75,present
7866,657,76,present
7867,658,67,present
7868,658,68,absent
7869,658,69,present
7870,658,70,present
7871,658,71,present
7872,658,72,present
7873,658,73,present
7874,658,74,present
7875,658,75,present
7876,658,76,absent
7877,659,67,absent
7878,659,68,present
7879,659,69,present
7880,659,70,present
7881,659,71,present
7882,659,72,present
7883,659,73,present
7884,659,74,present
7885,659,75,late
7886,659,76,absent
7887,660,67,present
7888,660,68,present
7889,660,69,present
7890,660,70,present
7891,660,71,present
7892,660,72,present
7893,660,73,present
7894,660,74,present
7895,660,75,present
7896,660,76,present
7897,661,67,present
7898,661,68,present
7899,661,69,present
7900,661,70,present
7901,661,71,present
7902,661,72,present
7903,661,73,present
7904,661,74,present
7905,661,75,present
7906,661,76,present
7907,662,67,present
7908,662,68,present
7909,662,69,present
7910,662,70,present
7911,662,71,present
7912,662,72,present
7913,662,73,present
7914,662,74,absent
7915,662,75,present
7916,662,76,present
7917,663,67,present
7918,663,68,present
7919,663,69,present
7920,663,70,present
7921,663,71,present
7922,663,72,absent
7923,663,73,present
7924,663,74,present
7925,663,75,present
7926,663,76,excused
7927,664,67,present
7928,664,68,present
7929,664,69,present
7930,664,70,present
7931,664,71,late
7932,664,72,present
7933,664,73,present
7934,664,74,present
7935,664,75,present
7936,664,76,present
7937,665,67,present
7938,665,68,present
7939,665,69,present
7940,665,70,present
7941,665,71,present
7942,665,72,present
7943,665,73,present
7944,665,74,present
7945,665,75,present
7946,665,76,absent
7947,666,67,present
7948,666,68,present
7949,666,69,present
7950,666,70,present
7951,666,71,present
7952,666,72,present
7953,666,73,present
7954,666,74,present
7955,666,75,present
7956,666,76,present
7957,667,67,present
7958,667,68,present
7959,667,69,present
7960,667,70,present
7961,667,71,absent
7962,667,72,present
7963,667,73,present
7964,667,74,present
7965,667,75,absent
7966,667,76,present
7967,668,67,present
7968,668,68,present
7969,668,69,present
7970,668,70,present
7971,668,71,present
7972,668,72,present
7973,668,73,present
7974,668,74,present
7975,668,75,present
7976,668,76,present
7977,669,67,present
7978,669,68,present
7979,669,69,present
7980,669,70,present
7981,669,71,late
7982,669,72,present
7983,669,73,present
7984,669,74,present
7985,669,75,present
7986,669,76,present
7987,670,67,excused
7988,670,68,present
7989,670,69,absent
7990,670,70,present
7991,670,71,present
7992,670,72,present
7993,670,73,present
7994,670,74,absent
7995,670,75,present
7996,670,76,late
7997,671,67,present
7998,671,68,present
7999,671,69,present
8000,671,70,present
8001,671,71,present
8002,671,72,present
8003,671,73,present
8004,671,74,present
8005,671,75,present
8006,671,76,absent
8007,672,67,present
8008,672,68,present
8009,672,69,present
8010,672,70,present
8011,672,71,present
8012,672,72,present
8013,672,73,present
8014,672,74,present
8015,672,75,present
8016,672,76,present
8017,673,67,present
8018,673,68,present
8019,673,69,present
8020,673,70,present
8021,673,71,present
8022,673,72,present
8023,673,73,present
8024,673,74,present
8025,673,75,present
8026,673,76,absent
8027,674,67,present
8028,674,68,present
8029,674,69,present
8030,674,70,present
8031,674,71,present
8032,674,72,present
8033,674,73,present
8034,674,74,present
8035,674,75,present
8036,674,76,present
8037,675,67,present
8038,675,68,excused
8039,675,69,present
8040,675,70,present
8041,675,71,present
8042,675,72,present
8043,675,73,absent
8044,675,74,late
8045,675,75,absent
8046,675,76,present
8047,676,67,present
8048,676,68,present
8049,676,69,present
8050,676,70,present
8051,676,71,present
8052,676,72,present
8053,676,73,present
8054,676,74,absent
8055,676,75,present
8056,676,76,present
8057,677,67,present
8058,677,68,present
8059,677,69,present
8060,677,70,present
8061,677,71,present
8062,677,72,present
8063,677,73,present
8064,677,74,present
8065,677,75,present
8066,677,76,present
8067,678,67,present
8068,678,68,present
8069,678,69,present
8070,678,70,absent
8071,678,71,present
8072,678,72,present
8073,678,73,present
8074,678,74,present
8075,678,75,present
8076,678,76,present
8077,679,67,present
8078,679,68,present
8079,679,69,present
8080,679,70,present
8081,679,71,present
8082,679,72,present
8083,679,73,present
8084,679,74,present
8085,679,75,present
8086,679,76,present
8087,680,67,present
8088,680,68,present
8089,680,69,present
8090,680,70,present
8091,680,71,present
8092,680,72,present
8093,680,73,present
8094,680,74,present
8095,680,75,present
8096,680,76,present
8097,681,67,present
8098,681,68,present
8099,681,69,present
8100,681,70,present
8101,681,71,absent
8102,681,72,present
8103,681,73,present
8104,681,74,present
8105,681,75,present
8106,681,76,present
8107,682,67,present
8108,682,68,absent
8109,682,69,present
8110,682,70,absent
8111,682,71,present
8112,682,72,present
8113,682,73,present
8114,682,74,present
8115,682,75,present
8116,682,76,present
8117,683,67,present
8118,683,68,present
8119,683,69,present
8120,683,70,present
8121,683,71,present
8122,683,72,present
8123,683,73,present
8124,683,74,present
8125,683,75,present
8126,683,76,present
8127,684,67,present
8128,684,68,present
8129,684,69,present
8130,684,70,absent
8131,684,71,absent
8132,684,72,present
8133,684,73,present
8134,684,74,present
8135,684,75,present
8136,684,76,present
8137,685,67,present
8138,685,68,present
8139,685,69,present
8140,685,70,present
8141,685,71,present
8142,685,72,present
8143,685,73,present
8144,685,74,present
8145,685,75,present
8146,685,76,present
8147,686,67,late
8148,686,68,present
8149,686,69,present
8150,686,70,present
8151,686,71,present
8152,686,72,present
8153,686,73,present
8154,686,74,present
8155,686,75,present
8156,686,76,present
8157,687,67,present
8158,687,68,present
8159,687,69,present
8160,687,70,absent
8161,687,71,present
8162,687,72,present
8163,687,73,present
8164,687,74,late
8165,687,75,present
8166,687,76,present
8167,688,67,present
8168,688,68,present
8169,688,69,present
8170,688,70,present
8171,688,71,present
8172,688,72,present
8173,688,73,present
8174,688,74,present
8175,688,75,present
8176,688,76,present
8177,689,67,absent
8178,689,68,present
8179,689,69,present
8180,689,70,present
8181,689,71,present
8182,689,72,present
8183,689,73,present
8184,689,74,present
8185,689,75,present
8186,689,76,absent
8187,690,67,absent
8188,690,68,present
8189,690,69,present
8190,690,70,present
8191,690,71,present
8192,690,72,present
8193,690,73,present
8194,690,74,present
8195,690,75,present
8196,690,76,present
8197,691,67,present
8198,691,68,present
8199,691,69,present
8200,691,70,present
8201,691,71,present
8202,691,72,present
8203,691,73,present
8204,691,74,present
8205,691,75,present
8206,691,76,present
8207,692,67,present
8208,692,68,present
8209,692,69,present
8210,692,70,present
8211,692,71,present
8212,692,72,present
8213,692,73,present
8214,692,74,absent
8215,692,75,present
8216,692,76,present
8217,693,67,present
8218,693,68,present
8219,693,69,present
8220,693,70,present
8221,693,71,present
8222,693,72,present
8223,693,73,present
8224,693,74,present
8225,693,75,present
8226,693,76,present
8227,694,67,present
8228,694,68,present
8229,694,69,present
8230,694,70,present
8231,694,71,present
8232,694,72,present
8233,694,73,present
8234,694,74,absent
8235,694,75,present
8236,694,76,present
8237,695,67,present
8238,695,68,present
8239,695,69,present
8240,695,70,absent
8241,695,71,present
8242,695,72,absent
8243,695,73,present
8244,695,74,present
8245,695,75,present
8246,695,76,present
8247,696,67,present
8248,696,68,present
8249,696,69,present
8250,696,70,present
8251,696,71,present
8252,696,72,present
8253,696,73,present
8254,696,74,present
8255,696,75,present
8256,696,76,present
8257,697,67,present
8258,697,68,present
8259,697,69,present
8260,697,70,absent
8261,697,71,present
8262,697,72,present
8263,697,73,present
8264,697,74,present
8265,697,75,present
8266,697,76,present
8267,698,67,present
8268,698,68,present
8269,698,69,present
8270,698,70,present
8271,698,71,present
8272,698,72,present
8273,698,73,present
8274,698,74,absent
8275,698,75,present
8276,698,76,present
8277,699,67,present
8278,699,68,present
8279,699,69,present
8280,699,70,present
8281,699,71,present
8282,699,72,present
8283,699,73,absent
8284,699,74,present
8285,699,75,present
8286,699,76,present
8287,700,67,present
8288,700,68,present
8289,700,69,present
8290,700,70,late
8291,700,71,present
8292,700,72,present
8293,700,73,present
8294,700,74,present
8295,700,75,present
8296,700,76,present
8297,701,67,present
8298,701,68,present
8299,701,69,present
8300,701,70,present
8301,701,71,present
8302,701,72,present
8303,701,73,present
8304,701,74,late
8305,701,75,present
8306,701,76,present
8307,702,67,absent
8308,702,68,present
8309,702,69,present
8310,702,70,present
8311,702,71,present
8312,702,72,present
8313,702,73,present
8314,702,74,present
8315,702,75,present
8316,702,76,present
8317,703,67,present
8318,703,68,present
8319,703,69,present
8320,703,70,present
8321,703,71,present
8322,703,72,present
8323,703,73,present
8324,703,74,present
8325,703,75,present
8326,703,76,absent
8327,704,67,present
8328,704,68,present
8329,704,69,present
8330,704,70,present
8331,704,71,present
8332,704,72,present
8333,704,73,present
8334,704,74,present
8335,704,75,present
8336,704,76,present
8337,705,67,present
8338,705,68,present
8339,705,69,present
8340,705,70,present
8341,705,71,present
8342,705,72,present
8343,705,73,present
8344,705,74,present
8345,705,75,present
8346,705,76,present
8347,706,67,present
8348,706,68,present
8349,706,69,present
8350,706,70,absent
8351,706,71,present
8352,706,72,present
8353,706,73,present
8354,706,74,present
8355,706,75,absent
8356,706,76,present
8357,707,67,present
8358,707,68,present
8359,707,69,present
8360,707,70,present
8361,707,71,absent
8362,707,72,present
8363,707,73,present
8364,707,74,present
8365,707,75,present
8366,707,76,present
8367,708,67,present
8368,708,68,absent
8369,708,69,present
8370,708,70,present
8371,708,71,present
8372,708,72,present
8373,708,73,present
8374,708,74,present
8375,708,75,present
8376,708,76,present
8377,709,67,present
8378,709,68,present
8379,709,69,present
8380,709,70,present
8381,709,71,present
8382,709,72,present
8383,709,73,present
8384,709,74,present
8385,709,75,present
8386,709,76,present
8387,710,67,present
8388,710,68,present
8389,710,69,present
8390,710,70,present
8391,710,71,late
8392,710,72,present
8393,710,73,present
8394,710,74,present
8395,710,75,present
8396,710,76,present
8397,711,67,present
8398,711,68,absent
8399,711,69,present
8400,711,70,present
8401,711,71,present
8402,711,72,present
8403,711,73,present
8404,711,74,present
8405,711,75,present
8406,711,76,present
8407,712,67,present
8408,712,68,present
8409,712,69,present
8410,712,70,present
8411,712,71,present
8412,712,72,present
8413,712,73,present
8414,712,74,present
8415,712,75,present
8416,712,76,present
8417,713,67,present
8418,713,68,present
8419,713,69,present
8420,713,70,present
8421,713,71,present
8422,713,72,absent
8423,713,73,present
8424,713,74,present
8425,713,75,present
8426,713,76,present
8427,714,67,present
8428,714,68,present
8429,714,69,present
8430,714,70,present
8431,714,71,present
8432,714,72,absent
8433,714,73,present
8434,714,74,present
8435,714,75,present
8436,714,76,present
8437,715,67,present
8438,715,68,present
8439,715,69,present
8440,715,70,present
8441,715,71,absent
8442,715,72,present
8443,715,73,present
8444,715,74,present
8445,715,75,present
8446,715,76,present
8447,716,67,present
8448,716,68,present
8449,716,69,present
8450,716,70,present
8451,716,71,present
8452,716,72,present
8453,716,73,present
8454,716,74,present
8455,716,75,present
8456,716,76,present
8457,717,67,present
8458,717,68,present
8459,717,69,present
8460,717,70,absent
8461,717,71,present
8462,717,72,absent
8463,717,73,present
8464,717,74,present
8465,717,75,present
8466,717,76,present
8467,718,67,present
8468,718,68,present
8469,718,69,present
8470,718,70,present
8471,718,71,present
8472,718,72,absent
8473,718,73,present
8474,718,74,present
8475,718,75,present
8476,718,76,present
8477,719,67,present
8478,719,68,present
8479,719,69,present
8480,719,70,present
8481,719,71,present
8482,719,72,present
8483,719,73,present
8484,719,74,present
8485,719,75,absent
8486,719,76,present
8487,720,67,present
8488,720,68,present
8489,720,69,present
8490,720,70,present
8491,720,71,absent
8492,720,72,absent
8493,720,73,present
8494,720,74,present
8495,720,75,present
8496,720,76,present
8497,721,67,present
8498,721,68,present
8499,721,69,present
8500,721,70,present
8501,721,71,absent
8502,721,72,present
8503,721,73,absent
8504,721,74,present
8505,721,75,absent
8506,721,76,absent
8507,722,67,present
8508,722,68,present
8509,722,69,present
8510,722,70,present
8511,722,71,present
8512,722,72,present
8513,722,73,present
8514,722,74,present
8515,722,75,absent
8516,722,76,absent
8517,723,67,present
8518,723,68,present
8519,723,69,present
8520,723,70,present
8521,723,71,present
8522,723,72,present
8523,723,73,present
8524,723,74,present
8525,723,75,present
8526,723,76,present
8527,724,67,present
8528,724,68,present
8529,724,69,present
8530,724,70,present
8531,724,71,present
8532,724,72,absent
8533,724,73,present
8534,724,74,present
8535,724,75,absent
8536,724,76,present
8537,725,67,present
8538,725,68,present
8539,725,69,present
8540,725,70,present
8541,725,71,present
8542,725,72,present
8543,725,73,present
8544,725,74,present
8545,725,75,present
8546,725,76,present
8547,726,67,present
8548,726,68,present
8549,726,69,present
8550,726,70,present
8551,726,71,present
8552,726,72,absent
8553,726,73,present
8554,726,74,present
8555,726,75,present
8556,726,76,present
8557,727,67,present
8558,727,68,absent
8559,727,69,present
8560,727,70,present
8561,727,71,present
8562,727,72,absent
8563,727,73,present
8564,727,74,present
8565,727,75,present
8566,727,76,present
8567,728,67,present
8568,728,68,present
8569,728,69,present
8570,728,70,present
8571,728,71,present
8572,728,72,present
8573,728,73,present
8574,728,74,present
8575,728,75,present
8576,728,76,absent
8577,729,67,present
8578,729,68,present
8579,729,69,present
8580,729,70,present
8581,729,71,present
8582,729,72,absent
8583,729,73,absent
8584,729,74,present
8585,729,75,present
8586,729,76,present
8587,730,67,present
8588,730,68,present
8589,730,69,present
8590,730,70,present
8591,730,71,present
8592,730,72,present
8593,730,73,present
8594,730,74,present
8595,730,75,present
8596,730,76,present
8597,731,67,present
8598,731,68,present
8599,731,69,present
8600,731,70,present
8601,731,71,present
8602,731,72,present
8603,731,73,absent
8604,731,74,present
8605,731,75,absent
8606,731,76,present
8607,732,67,late
8608,732,68,present
8609,732,69,present
8610,732,70,present
8611,732,71,present
8612,732,72,absent
8613,732,73,present
8614,732,74,present
8615,732,75,present
8616,732,76,late
8617,733,67,present
8618,733,68,present
8619,733,69,present
8620,733,70,present
8621,733,71,present
8622,733,72,present
8623,733,73,present
8624,733,74,present
8625,733,75,present
8626,733,76,present
8627,734,67,present
8628,734,68,present
8629,734,69,present
8630,734,70,present
8631,734,71,present
8632,734,72,present
8633,734,73,present
8634,734,74,present
8635,734,75,present
8636,734,76,absent
8637,735,67,present
8638,735,68,absent
8639,735,69,present
8640,735,70,absent
8641,735,71,present
8642,735,72,absent
8643,735,73,present
8644,735,74,present
8645,735,75,absent
8646,735,76,present
8647,736,67,present
8648,736,68,present
8649,736,69,present
8650,736,70,present
8651,736,71,present
8652,736,72,present
8653,736,73,present
8654,736,74,present
8655,736,75,present
8656,736,76,present
8657,737,67,present
8658,737,68,present
8659,737,69,excused
8660,737,70,present
8661,737,71,present
8662,737,72,present
8663,737,73,absent
8664,737,74,present
8665,737,75,present
8666,737,76,present
8667,738,67,present
8668,738,68,present
8669,738,69,present
8670,738,70,present
8671,738,71,present
8672,738,72,present
8673,738,73,present
8674,738,74,present
8675,738,75,present
8676,738,76,present
8677,739,67,present
8678,739,68,present
8679,739,69,present
8680,739,70,present
8681,739,71,present
8682,739,72,present
8683,739,73,present
8684,739,74,present
8685,739,75,present
8686,739,76,present
8687,740,67,present
8688,740,68,present
8689,740,69,present
8690,740,70,present
8691,740,71,present
8692,741,67,present
8693,741,68,present
8694,741,69,present
8695,741,70,present
8696,741,71,present
8697,742,67,present
8698,742,68,present
8699,742,69,present
8700,742,70,present
8701,742,71,present
8702,743,67,present
8703,743,68,present
8704,743,69,present
8705,743,70,absent
8706,743,71,present
8707,744,67,present
8708,744,68,present
8709,744,69,present
8710,744,70,present
8711,744,71,present
8712,745,67,present
8713,745,68,present
8714,745,69,present
8715,745,70,present
8716,745,71,present
8717,746,67,present
8718,746,68,present
8719,746,69,present
8720,746,70,present
8721,746,71,present
8722,747,67,present
8723,747,68,present
8724,747,69,present
8725,747,70,present
8726,747,71,present
8727,748,67,present
8728,748,68,present
8729,748,69,present
8730,748,70,present
8731,748,71,present
8732,749,67,present
8733,749,68,present
8734,749,69,present
8735,749,70,present
8736,749,71,present
8737,750,67,present
8738,750,68,present
8739,750,69,present
8740,750,70,present
8741,750,71,present
8742,751,72,present
8743,751,73,present
8744,751,74,present
8745,751,75,present
8746,751,76,present
8747,752,72,present
8748,752,73,present
8749,752,74,present
8750,752,75,present
8751,752,76,present
8752,753,72,absent
8753,753,73,present
8754,753,74,present
8755,753,75,present
8756,753,76,present
8757,754,72,present
8758,754,73,present
8759,754,74,present
8760,754,75,present
8761,754,76,present
8762,755,72,present
8763,755,73,present
8764,755,74,absent
8765,755,75,absent
8766,755,76,present
8767,756,72,present
8768,756,73,present
8769,756,74,present
8770,756,75,present
8771,756,76,present
8772,757,72,present
8773,757,73,present
8774,757,74,late
8775,757,75,present
8776,757,76,present
8777,758,72,present
8778,758,73,present
8779,758,74,present
8780,758,75,present
8781,758,76,present
8782,759,72,present
8783,759,73,present
8784,759,74,present
8785,759,75,present
8786,759,76,present
8787,760,72,present
8788,760,73,present
8789,760,74,present
8790,760,75,present
8791,760,76,present
8792,761,67,absent
8793,761,68,present
8794,761,69,present
8795,761,70,present
8796,761,71,present
8797,761,72,present
8798,761,73,present
8799,761,74,present
8800,761,75,present
8801,761,76,present
8802,762,67,present
8803,762,68,present
8804,762,69,present
8805,762,70,present
8806,762,71,present
8807,762,72,present
8808,762,73,present
8809,762,74,present
8810,762,75,present
8811,762,76,present
8812,763,67,present
8813,763,68,present
8814,763,69,present
8815,763,70,present
8816,763,71,present
8817,763,72,present
8818,763,73,present
8819,763,74,present
8820,763,75,present
8821,763,76,present
8822,764,67,present
8823,764,68,present
8824,764,69,present
8825,764,70,present
8826,764,71,present
8827,764,72,present
8828,764,73,present
8829,764,74,present
8830,764,75,present
8831,764,76,present
8832,765,67,present
8833,765,68,present
8834,765,69,present
8835,765,70,present
8836,765,71,present
8837,765,72,present
8838,765,73,present
8839,765,74,present
8840,765,75,present
8841,765,76,present
8842,766,67,present
8843,766,68,absent
8844,766,69,present
8845,766,70,present
8846,766,71,present
8847,766,72,present
8848,766,73,present
8849,766,74,present
8850,766,75,present
8851,766,76,present
8852,767,67,present
8853,767,68,absent
8854,767,69,present
8855,767,70,late
8856,767,71,present
8857,767,72,present
8858,767,73,present
8859,767,74,present
8860,767,75,present
8861,767,76,absent
8862,768,67,present
8863,768,68,present
8864,768,69,present
8865,768,70,present
8866,768,71,present
8867,768,72,present
8868,768,73,present
8869,768,74,present
8870,768,75,present
8871,768,76,absent
8872,769,67,present
8873,769,68,present
8874,769,69,present
8875,769,70,present
8876,769,71,present
8877,769,72,present
8878,769,73,present
8879,769,74,present
8880,769,75,present
8881,769,76,present
8882,770,67,present
8883,770,68,present
8884,770,69,present
8885,770,70,present
8886,770,71,present
8887,770,72,present
8888,770,73,absent
8889,770,74,present
8890,770,75,present
8891,770,76,present
8892,771,67,absent
8893,771,68,present
8894,771,69,present
8895,771,70,present
8896,771,71,present
8897,771,72,present
8898,771,73,present
8899,771,74,present
8900,771,75,absent
8901,771,76,absent
8902,772,67,present
8903,772,68,absent
8904,772,69,present
8905,772,70,present
8906,772,71,present
8907,772,72,present
8908,772,73,present
8909,772,74,present
8910,772,75,present
8911,772,76,present
8912,773,67,present
8913,773,68,present
8914,773,69,present
8915,773,70,present
8916,773,71,present
8917,773,72,present
8918,773,73,present
8919,773,74,late
8920,773,75,present
8921,773,76,absent
8922,774,67,present
8923,774,68,present
8924,774,69,present
8925,774,70,present
8926,774,71,present
8927,774,72,present
8928,774,73,present
8929,774,74,present
8930,774,75,present
8931,774,76,present
8932,775,67,present
8933,775,68,present
8934,775,69,absent
8935,775,70,present
8936,775,71,present
8937,775,72,present
8938,775,73,present
8939,775,74,present
8940,775,75,present
8941,775,76,late
8942,776,67,late
8943,776,68,present
8944,776,69,present
8945,776,70,present
8946,776,71,present
8947,776,72,present
8948,776,73,present
8949,776,74,present
8950,776,75,present
8951,776,76,present
8952,777,67,present
8953,777,68,absent
8954,777,69,present
8955,777,70,present
8956,777,71,present
8957,777,72,present
8958,777,73,present
8959,777,74,present
8960,777,75,present
8961,777,76,present
8962,778,67,present
8963,778,68,present
8964,778,69,absent
8965,778,70,present
8966,778,71,present
8967,778,72,present
8968,778,73,present
8969,778,74,present
8970,778,75,present
8971,778,76,present
8972,779,67,present
8973,779,68,present
8974,779,69,absent
8975,779,70,present
8976,779,71,present
8977,779,72,present
8978,779,73,present
8979,779,74,present
8980,779,75,present
8981,779,76,absent
8982,780,67,present
8983,780,68,late
8984,780,69,present
8985,780,70,present
8986,780,71,present
8987,780,72,present
8988,780,73,present
8989,780,74,absent
8990,780,75,present
8991,780,76,absent
8992,781,67,present
8993,781,68,present
8994,781,69,present
8995,781,70,present
8996,781,71,present
8997,782,67,present
8998,782,68,present
8999,782,69,present
9000,782,70,present
9001,782,71,present
9002,783,67,present
9003,783,68,present
9004,783,69,present
9005,783,70,present
9006,783,71,present
9007,784,67,present
9008,784,68,present
9009,784,69,present
9010,784,70,present
9011,784,71,present
9012,785,67,present
9013,785,68,present
9014,785,69,present
9015,785,70,present
9016,785,71,present
9017,786,67,present
9018,786,68,present
9019,786,69,present
9020,786,70,present
9021,786,71,present
9022,787,67,present
9023,787,68,present
9024,787,69,present
9025,787,70,present
9026,787,71,present
9027,788,67,present
9028,788,68,present
9029,788,69,present
9030,788,70,present
9031,788,71,late
9032,789,67,present
9033,789,68,present
9034,789,69,present
9035,789,70,present
9036,789,71,present
9037,790,67,late
9038,790,68,present
9039,790,69,present
9040,790,70,present
9041,790,71,present
9042,791,72,present
9043,791,73,present
9044,791,74,present
9045,791,75,present
9046,791,76,present
9047,792,72,present
9048,792,73,present
9049,792,74,present
9050,792,75,present
9051,792,76,present
9052,793,72,present
9053,793,73,present
9054,793,74,present
9055,793,75,present
9056,793,76,late
9057,794,72,present
9058,794,73,present
9059,794,74,present
9060,794,75,present
9061,794,76,present
9062,795,72,present
9063,795,73,present
9064,795,74,present
9065,795,75,present
9066,795,76,present
9067,796,72,present
9068,796,73,present
9069,796,74,present
9070,796,75,present
9071,796,76,present
9072,797,72,present
9073,797,73,absent
9074,797,74,present
9075,797,75,present
9076,797,76,present
9077,798,72,present
9078,798,73,present
9079,798,74,absent
9080,798,75,present
9081,798,76,present
9082,799,72,present
9083,799,73,present
9084,799,74,present
9085,799,75,present
9086,799,76,present
9087,800,72,present
9088,800,73,present
9089,800,74,present
9090,800,75,present
9091,800,76,present
9092,801,72,present
9093,801,73,present
9094,801,74,present
9095,801,75,present
9096,801,76,present
9097,802,67,present
9098,802,68,late
9099,802,69,present
9100,802,70,present
9101,802,71,present
9102,802,72,present
9103,802,73,present
9104,802,74,present
9105,802,75,present
9106,802,76,present
9107,803,67,present
9108,803,68,present
9109,803,69,present
9110,803,70,present
9111,803,71,present
9112,803,72,absent
9113,803,73,present
9114,803,74,present
9115,803,75,present
9116,803,76,present
9117,804,67,absent
9118,804,68,present
9119,804,69,present
9120,804,70,present
9121,804,71,present
9122,804,72,absent
9123,804,73,present
9124,804,74,present
9125,804,75,present
9126,804,76,present
9127,805,67,absent
9128,805,68,present
9129,805,69,present
9130,805,70,present
9131,805,71,present
9132,805,72,absent
9133,805,73,present
9134,805,74,present
9135,805,75,absent
9136,805,76,present
9137,806,67,present
9138,806,68,present
9139,806,69,present
9140,806,70,present
9141,806,71,absent
9142,806,72,present
9143,806,73,present
9144,806,74,present
9145,806,75,present
9146,806,76,present
9147,807,67,present
9148,807,68,late
9149,807,69,present
9150,807,70,present
9151,807,71,present
9152,807,72,present
9153,807,73,present
9154,807,74,present
9155,807,75,present
9156,807,76,present
9157,808,67,present
9158,808,68,present
9159,808,69,present
9160,808,70,present
9161,808,71,present
9162,808,72,present
9163,808,73,present
9164,808,74,present
9165,808,75,present
9166,808,76,present
9167,809,67,present
9168,809,68,present
9169,809,69,present
9170,809,70,present
9171,809,71,present
9172,809,72,present
9173,809,73,present
9174,809,74,present
9175,809,75,present
9176,809,76,absent
9177,810,67,present
9178,810,68,present
9179,810,69,present
9180,810,70,present
9181,810,71,present
9182,810,72,present
9183,810,73,present
9184,810,74,present
9185,810,75,present
9186,810,76,present
9187,811,67,present
9188,811,68,absent
9189,811,69,present
9190,811,70,present
9191,811,71,present
9192,811,72,present
9193,811,73,late
9194,811,74,present
9195,811,75,present
9196,811,76,present
9197,812,67,present
9198,812,68,present
9199,812,69,present
9200,812,70,present
9201,812,71,present
9202,812,72,present
9203,812,73,present
9204,812,74,present
9205,812,75,absent
9206,812,76,present
9207,813,67,present
9208,813,68,present
9209,813,69,present
9210,813,70,present
9211,813,71,present
9212,813,72,present
9213,813,73,present
9214,813,74,present
9215,813,75,present
9216,813,76,absent
9217,814,67,present
9218,814,68,present
9219,814,69,present
9220,814,70,present
9221,814,71,present
9222,814,72,present
9223,814,73,present
9224,814,74,present
9225,814,75,present
9226,814,76,present
9227,815,67,present
9228,815,68,absent
9229,815,69,late
9230,815,70,present
9231,815,71,present
9232,815,72,absent
9233,815,73,present
9234,815,74,absent
9235,815,75,present
9236,815,76,present
9237,816,67,present
9238,816,68,present
9239,816,69,present
9240,816,70,present
9241,816,71,absent
9242,816,72,present
9243,816,73,present
9244,816,74,excused
9245,816,75,present
9246,816,76,present
9247,817,67,present
9248,817,68,present
9249,817,69,present
9250,817,70,present
9251,817,71,present
9252,817,72,present
9253,817,73,present
9254,817,74,present
9255,817,75,present
9256,817,76,present
9257,818,67,present
9258,818,68,present
9259,818,69,present
9260,818,70,present
9261,818,71,present
9262,818,72,present
9263,818,73,present
9264,818,74,present
9265,818,75,present
9266,818,76,present
9267,819,67,present
9268,819,68,present
9269,819,69,present
9270,819,70,present
9271,819,71,present
9272,819,72,present
9273,819,73,present
9274,819,74,present
9275,819,75,present
9276,819,76,present
9277,820,67,present
9278,820,68,present
9279,820,69,present
9280,820,70,present
9281,820,71,present
9282,820,72,absent
9283,820,73,present
9284,820,74,absent
9285,820,75,present
9286,820,76,present
9287,821,67,present
9288,821,68,present
9289,821,69,present
9290,821,70,present
9291,821,71,absent
9292,821,72,present
9293,821,73,present
9294,821,74,present
9295,821,75,present
9296,821,76,present
9297,822,67,present
9298,822,68,present
9299,822,69,present
9300,822,70,present
9301,822,71,present
9302,822,72,present
9303,822,73,present
9304,822,74,present
9305,822,75,present
9306,822,76,present
9307,823,67,present
9308,823,68,present
9309,823,69,present
9310,823,70,absent
9311,823,71,present
9312,823,72,present
9313,823,73,present
9314,823,74,present
9315,823,75,present
9316,823,76,present
9317,824,67,present
9318,824,68,present
9319,824,69,late
9320,824,70,absent
9321,824,71,present
9322,824,72,present
9323,824,73,present
9324,824,74,present
9325,824,75,present
9326,824,76,present
9327,825,67,absent
9328,825,68,present
9329,825,69,absent
9330,825,70,present
9331,825,71,present
9332,825,72,absent
9333,825,73,present
9334,825,74,present
9335,825,75,present
9336,825,76,present
9337,826,67,present
9338,826,68,absent
9339,826,69,present
9340,826,70,absent
9341,826,71,absent
9342,826,72,present
9343,826,73,present
9344,826,74,present
9345,826,75,present
9346,826,76,present
9347,827,67,present
9348,827,68,present
9349,827,69,present
9350,827,70,present
9351,827,71,present
9352,827,72,present
9353,827,73,present
9354,827,74,present
9355,827,75,excused
9356,827,76,present
9357,828,67,present
9358,828,68,absent
9359,828,69,present
9360,828,70,present
9361,828,71,present
9362,828,72,present
9363,828,73,present
9364,828,74,present
9365,828,75,present
9366,828,76,present
9367,829,67,present
9368,829,68,present
9369,829,69,present
9370,829,70,present
9371,829,71,present
9372,829,72,late
9373,829,73,present
9374,829,74,present
9375,829,75,present
9376,829,76,present
9377,830,67,present
9378,830,68,present
9379,830,69,present
9380,830,70,absent
9381,830,71,present
9382,830,72,absent
9383,830,73,present
9384,830,74,present
9385,830,75,absent
9386,830,76,present
9387,831,67,present
9388,831,68,present
9389,831,69,absent
9390,831,70,present
9391,831,71,absent
9392,831,72,present
9393,831,73,present
9394,831,74,present
9395,831,75,present
9396,831,76,present
9397,832,67,present
9398,832,68,present
9399,832,69,late
9400,832,70,present
9401,832,71,present
9402,832,72,present
9403,832,73,present
9404,832,74,present
9405,832,75,present
9406,832,76,present
9407,833,67,present
9408,833,68,present
9409,833,69,present
9410,833,70,present
9411,833,71,present
9412,833,72,absent
9413,833,73,present
9414,833,74,present
9415,833,75,present
9416,833,76,present
9417,834,67,present
9418,834,68,absent
9419,834,69,absent
9420,834,70,present
9421,834,71,present
9422,835,67,absent
9423,835,68,present
9424,835,69,present
9425,835,70,absent
9426,835,71,present
9427,836,67,present
9428,836,68,present
9429,836,69,present
9430,836,70,present
9431,836,71,present
9432,837,67,present
9433,837,68,present
9434,837,69,present
9435,837,70,present
9436,837,71,present
9437,838,67,absent
9438,838,68,present
9439,838,69,present
9440,838,70,absent
9441,838,71,present
9442,839,67,present
9443,839,68,present
9444,839,69,present
9445,839,70,present
9446,839,71,present
9447,840,67,present
9448,840,68,present
9449,840,69,present
9450,840,70,present
9451,840,71,present
9452,841,67,present
9453,841,68,present
9454,841,69,present
9455,841,70,present
9456,841,71,present
9457,842,67,late
9458,842,68,present
9459,842,69,present
9460,842,70,present
9461,842,71,present
9462,843,67,present
9463,843,68,present
9464,843,69,present
9465,843,70,present
9466,843,71,present
9467,844,72,present
9468,844,73,present
9469,844,74,present
9470,844,75,present
9471,844,76,present
9472,845,72,present
9473,845,73,present
9474,845,74,present
9475,845,75,present
9476,845,76,present
9477,846,72,present
9478,846,73,present
9479,846,74,present
9480,846,75,present
9481,846,76,present
9482,847,72,present
9483,847,73,present
9484,847,74,present
9485,847,75,present
9486,847,76,absent
9487,848,72,present
9488,848,73,present
9489,848,74,present
9490,848,75,present
9491,848,76,absent
9492,849,72,present
9493,849,73,present
9494,849,74,present
9495,849,75,present
9496,849,76,present
9497,850,72,present
9498,850,73,present
9499,850,74,present
9500,850,75,present
9501,850,76,present
9502,851,72,present
9503,851,73,present
9504,851,74,present
9505,851,75,excused
9506,851,76,present
9507,852,72,present
9508,852,73,present
9509,852,74,present
9510,852,75,present
9511,852,76,present
9512,853,72,present
9513,853,73,present
9514,853,74,present
9515,853,75,present
9516,853,76,present
9517,854,72,present
9518,854,73,present
9519,854,74,present
9520,854,75,present
9521,854,76,absent
9522,855,67,present
9523,855,68,present
9524,855,69,present
9525,855,70,present
9526,855,71,present
9527,855,72,present
9528,855,73,present
9529,855,74,present
9530,855,75,present
9531,855,76,present
9532,856,67,present
9533,856,68,present
9534,856,69,present
9535,856,70,present
9536,856,71,present
9537,856,72,present
9538,856,73,present
9539,856,74,present
9540,856,75,present
9541,856,76,present
9542,857,67,present
9543,857,68,present
9544,857,69,present
9545,857,70,present
9546,857,71,present
9547,857,72,present
9548,857,73,present
9549,857,74,present
9550,857,75,present
9551,857,76,present
9552,858,67,present
9553,858,68,present
9554,858,69,present
9555,858,70,present
9556,858,71,present
9557,858,72,present
9558,858,73,present
9559,858,74,late
9560,858,75,present
9561,858,76,present
9562,859,67,present
9563,859,68,present
9564,859,69,present
9565,859,70,present
9566,859,71,present
9567,859,72,present
9568,859,73,present
9569,859,74,present
9570,859,75,present
9571,859,76,present
9572,860,67,present
9573,860,68,present
9574,860,69,present
9575,860,70,present
9576,860,71,present
9577,860,72,present
9578,860,73,present
9579,860,74,present
9580,860,75,present
9581,860,76,absent
9582,861,67,present
9583,861,68,present
9584,861,69,present
9585,861,70,present
9586,861,71,present
9587,861,72,present
9588,861,73,present
9589,861,74,present
9590,861,75,present
9591,861,76,present
9592,862,67,absent
9593,862,68,present
9594,862,69,present
9595,862,70,present
9596,862,71,present
9597,862,72,present
9598,862,73,present
9599,862,74,present
9600,862,75,present
9601,862,76,present
9602,863,67,present
9603,863,68,present
9604,863,69,present
9605,863,70,present
9606,863,71,present
9607,863,72,present
9608,863,73,present
9609,863,74,present
9610,863,75,present
9611,863,76,late
9612,864,67,present
9613,864,68,absent
9614,864,69,present
9615,864,70,present
9616,864,71,present
9617,864,72,present
9618,864,73,present
9619,864,74,present
9620,864,75,present
9621,864,76,present
9622,865,67,excused
9623,865,68,present
9624,865,69,present
9625,865,70,present
9626,865,71,absent
9627,865,72,present
9628,865,73,present
9629,865,74,present
9630,865,75,present
9631,865,76,present
9632,866,67,present
9633,866,68,present
9634,866,69,present
9635,866,70,present
9636,866,71,present
9637,866,72,present
9638,866,73,present
9639,866,74,present
9640,866,75,late
9641,866,76,present
9642,867,67,present
9643,867,68,present
9644,867,69,present
9645,867,70,present
9646,867,71,present
9647,867,72,present
9648,867,73,present
9649,867,74,present
9650,867,75,present
9651,867,76,present
9652,868,67,present
9653,868,68,absent
9654,868,69,late
9655,868,70,present
9656,868,71,absent
9657,868,72,present
9658,868,73,present
9659,868,74,present
9660,868,75,present
9661,868,76,present
9662,869,67,present
9663,869,68,present
9664,869,69,present
9665,869,70,present
9666,869,71,present
9667,869,72,present
9668,869,73,present
9669,869,74,present
9670,869,75,present
9671,869,76,absent
9672,870,67,present
9673,870,68,absent
9674,870,69,absent
9675,870,70,present
9676,870,71,present
9677,870,72,present
9678,870,73,present
9679,870,74,present
9680,870,75,present
9681,870,76,late
9682,871,67,present
9683,871,68,present
9684,871,69,present
9685,871,70,present
9686,871,71,present
9687,871,72,present
9688,871,73,present
9689,871,74,present
9690,871,75,present
9691,871,76,present
9692,872,67,present
9693,872,68,present
9694,872,69,present
9695,872,70,present
9696,872,71,present
9697,872,72,present
9698,872,73,present
9699,872,74,present
9700,872,75,absent
9701,872,76,present
9702,873,67,present
9703,873,68,present
9704,873,69,present
9705,873,70,present
9706,873,71,present
9707,873,72,present
9708,873,73,present
9709,873,74,present
9710,873,75,present
9711,873,76,present
9712,874,67,present
9713,874,68,present
9714,874,69,present
9715,874,70,present
9716,874,71,present
9717,874,72,present
9718,874,73,present
9719,874,74,present
9720,874,75,present
9721,874,76,present
9722,875,67,present
9723,875,68,present
9724,875,69,present
9725,875,70,present
9726,875,71,present
9727,875,72,present
9728,875,73,present
9729,875,74,present
9730,875,75,present
9731,875,76,present
9732,876,67,present
9733,876,68,present
9734,876,69,present
9735,876,70,present
9736,876,71,late
9737,876,72,present
9738,876,73,present
9739,876,74,present
9740,876,75,present
9741,876,76,present
9742,877,67,present
9743,877,68,present
9744,877,69,present
9745,877,70,present
9746,877,71,absent
9747,877,72,present
9748,877,73,present
9749,877,74,present
9750,877,75,present
9751,877,76,absent
9752,878,67,present
9753,878,68,present
9754,878,69,present
9755,878,70,absent
9756,878,71,present
9757,878,72,present
9758,878,73,present
9759,878,74,present
9760,878,75,absent
9761,878,76,present
9762,879,67,present
9763,879,68,absent
9764,879,69,late
9765,879,70,present
9766,879,71,present
9767,879,72,present
9768,879,73,present
9769,879,74,present
9770,879,75,absent
9771,879,76,present
9772,880,67,present
9773,880,68,present
9774,880,69,present
9775,880,70,absent
9776,880,71,present
9777,880,72,present
9778,880,73,present
9779,880,74,present
9780,880,75,present
9781,880,76,absent
9782,881,67,present
9783,881,68,present
9784,881,69,present
9785,881,70,absent
9786,881,71,present
9787,881,72,present
9788,881,73,present
9789,881,74,present
9790,881,75,present
9791,881,76,present
9792,882,67,present
9793,882,68,present
9794,882,69,absent
9795,882,70,present
9796,882,71,present
9797,882,72,present
9798,882,73,present
9799,882,74,present
9800,882,75,present
9801,882,76,present
9802,883,67,present
9803,883,68,present
9804,883,69,present
9805,883,70,present
9806,883,71,present
9807,883,72,present
9808,883,73,present
9809,883,74,present
9810,883,75,present
9811,883,76,absent
9812,884,67,present
9813,884,68,present
9814,884,69,present
9815,884,70,present
9816,884,71,absent
9817,884,72,present
9818,884,73,present
9819,884,74,present
9820,884,75,present
9821,884,76,present
9822,885,67,present
9823,885,68,present
9824,885,69,present
9825,885,70,present
9826,885,71,absent
9827,885,72,present
9828,885,73,present
9829,885,74,present
9830,885,75,present
9831,885,76,present
9832,886,67,present
9833,886,68,present
9834,886,69,present
9835,886,70,present
9836,886,71,present
9837,886,72,present
9838,886,73,absent
9839,886,74,present
9840,886,75,present
9841,886,76,present
9842,887,27,present
9843,887,28,present
9844,887,29,present
9845,887,30,absent
9846,887,31,present
9847,887,32,present
9848,888,27,present
9849,888,28,present
9850,888,29,present
9851,888,30,present
9852,888,31,present
9853,888,32,present
9854,889,27,excused
9855,889,28,present
9856,889,29,late
9857,889,30,present
9858,889,31,present
9859,889,32,present
9860,890,27,absent
9861,890,28,present
9862,890,29,present
9863,890,30,present
9864,890,31,present
9865,890,32,present
9866,891,27,present
9867,891,28,present
9868,891,29,present
9869,891,30,present
9870,891,31,present
9871,891,32,present
9872,892,27,present
9873,892,28,present
9874,892,29,present
9875,892,30,absent
9876,892,31,present
9877,892,32,present
9878,893,27,present
9879,893,28,present
9880,893,29,present
9881,893,30,present
9882,893,31,present
9883,893,32,present
9884,894,27,late
9885,894,28,present
9886,894,29,absent
9887,894,30,present
9888,894,31,present
9889,894,32,present
9890,895,27,present
9891,895,28,present
9892,895,29,present
9893,895,30,present
9894,895,31,present
9895,895,32,present
9896,896,27,present
9897,896,28,absent
9898,896,29,late
9899,896,30,present
9900,896,31,present
9901,896,32,present
9902,897,27,absent
9903,897,28,present
9904,897,29,present
9905,897,30,present
9906,897,31,present
9907,897,32,present
9908,898,27,present
9909,898,28,present
9910,898,29,absent
9911,898,30,present
9912,898,31,present
9913,898,32,present
9914,899,27,absent
9915,899,28,present
9916,899,29,present
9917,899,30,present
9918,899,31,present
9919,899,32,present
9920,900,27,present
9921,900,28,present
9922,900,29,present
9923,900,30,present
9924,900,31,present
9925,900,32,present
9926,901,27,present
9927,901,28,present
9928,901,29,present
9929,901,30,present
9930,901,31,present
9931,901,32,present
9932,902,27,absent
9933,902,28,present
9934,902,29,absent
9935,902,30,present
9936,902,31,present
9937,902,32,present
9938,903,27,present
9939,903,28,present
9940,903,29,present
9941,903,30,present
9942,903,31,present
9943,903,32,present
9944,904,27,present
9945,904,28,present
9946,904,29,present
9947,904,30,present
9948,904,31,present
9949,904,32,present
9950,905,27,present
9951,905,28,present
9952,905,29,present
9953,905,30,present
9954,905,31,present
9955,905,32,present
9956,906,27,present
9957,906,28,present
9958,906,29,present
9959,906,30,present
9960,906,31,present
9961,906,32,present
9962,907,27,present
9963,907,28,present
9964,907,29,present
9965,907,30,present
9966,907,31,present
9967,907,32,present
9968,908,27,present
9969,908,28,absent
9970,908,29,present
9971,908,30,present
9972,908,31,present
9973,908,32,present
9974,909,27,present
9975,909,28,present
9976,909,29,present
9977,909,30,present
9978,909,31,present
9979,909,32,present
9980,910,27,present
9981,910,28,present
9982,910,29,present
9983,910,30,present
9984,910,31,absent
9985,910,32,present
9986,911,27,present
9987,911,28,present
9988,911,29,present
9989,911,30,present
9990,911,31,present
9991,911,32,present
9992,912,27,present
9993,912,28,present
9994,912,29,present
9995,912,30,present
9996,912,31,present
9997,912,32,absent
9998,913,27,present
9999,913,28,present
10000,913,29,absent
10001,913,30,present
10002,913,31,present
10003,913,32,present
10004,914,27,present
10005,914,28,present
10006,914,29,present
10007,914,30,present
10008,914,31,present
10009,914,32,present
10010,915,27,present
10011,915,28,present
10012,915,29,present
10013,915,30,present
10014,915,31,absent
10015,915,32,present
10016,916,27,present
10017,916,28,present
10018,916,29,present
10019,916,30,present
10020,916,31,present
10021,916,32,present
10022,917,27,present
10023,917,28,present
10024,917,29,present
10025,917,30,present
10026,917,31,present
10027,917,32,present
10028,918,27,absent
10029,918,28,present
10030,918,29,late
10031,918,30,present
10032,918,31,present
10033,918,32,present
10034,919,27,present
10035,919,28,present
10036,919,29,present
10037,919,30,present
10038,919,31,present
10039,919,32,present
10040,920,27,present
10041,920,28,present
10042,920,29,absent
10043,920,30,excused
10044,920,31,present
10045,920,32,present
10046,921,27,present
10047,921,28,present
10048,921,29,present
10049,921,30,present
10050,921,31,present
10051,921,32,present
10052,922,27,present
10053,922,28,present
10054,922,29,present
10055,922,30,present
10056,922,31,present
10057,922,32,present
10058,923,27,absent
10059,923,28,present
10060,923,29,present
10061,923,30,present
10062,923,31,present
10063,923,32,present
10064,924,27,present
10065,924,28,present
10066,924,29,present
10067,924,30,present
10068,924,31,present
10069,924,32,present
10070,925,27,present
10071,925,28,present
10072,925,29,present
10073,925,30,present
10074,925,31,present
10075,925,32,present
10076,926,27,present
10077,926,28,present
10078,926,29,present
10079,926,30,present
10080,926,31,present
10081,926,32,present
10082,927,27,present
10083,927,28,present
10084,927,29,present
10085,927,30,present
10086,927,31,present
10087,927,32,absent
10088,928,27,present
10089,928,28,present
10090,928,29,present
10091,928,30,absent
10092,928,31,present
10093,928,32,present
10094,929,27,present
10095,929,28,present
10096,929,29,present
10097,929,30,present
10098,929,31,present
10099,929,32,present
10100,930,27,present
10101,930,28,present
10102,930,29,present
10103,930,30,present
10104,930,31,present
10105,930,32,present
10106,931,27,present
10107,931,28,present
10108,931,29,present
10109,931,30,present
10110,931,31,present
10111,931,32,present
10112,932,27,present
10113,932,28,present
10114,932,29,present
10115,932,30,present
10116,932,31,absent
10117,932,32,present
10118,933,27,present
10119,933,28,present
10120,933,29,present
10121,933,30,present
10122,933,31,present
10123,933,32,present
10124,934,27,excused
10125,934,28,present
10126,934,29,present
10127,934,30,present
10128,934,31,present
10129,934,32,absent
10130,935,27,present
10131,935,28,present
10132,935,29,present
10133,935,30,present
10134,935,31,absent
10135,935,32,late
10136,936,27,present
10137,936,28,present
10138,936,29,present
10139,936,30,present
10140,936,31,present
10141,936,32,present
10142,937,27,present
10143,937,28,present
10144,937,29,present
10145,937,30,present
10146,937,31,absent
10147,937,32,present
10148,938,27,present
10149,938,28,present
10150,938,29,present
10151,938,30,present
10152,938,31,present
10153,938,32,present
10154,939,27,present
10155,939,28,present
10156,939,29,present
10157,939,30,present
10158,939,31,present
10159,939,32,present
10160,940,27,present
10161,940,28,present
10162,940,29,present
10163,940,30,present
10164,940,31,present
10165,940,32,present
10166,941,27,present
10167,941,28,present
10168,941,29,present
10169,941,30,present
10170,941,31,present
10171,941,32,present
10172,942,27,present
10173,942,28,present
10174,942,29,present
10175,942,30,present
10176,942,31,present
10177,942,32,present
10178,943,27,present
10179,943,28,present
10180,943,29,present
10181,943,30,absent
10182,943,31,present
10183,943,32,present
10184,944,27,present
10185,944,28,present
10186,944,29,absent
10187,944,30,present
10188,944,31,present
10189,944,32,present
10190,945,27,present
10191,945,28,present
10192,945,29,present
10193,945,30,present
10194,945,31,present
10195,945,32,present
10196,946,27,present
10197,946,28,present
10198,946,29,present
10199,946,30,present
10200,946,31,present
10201,946,32,present
10202,947,27,present
10203,947,28,present
10204,947,29,present
10205,947,30,present
10206,947,31,present
10207,947,32,present
10208,948,27,present
10209,948,28,present
10210,948,29,present
10211,949,27,absent
10212,949,28,present
10213,949,29,absent
10214,950,27,present
10215,950,28,present
10216,950,29,present
10217,951,27,present
10218,951,28,present
10219,951,29,present
10220,952,27,present
10221,952,28,present
10222,952,29,present
10223,953,27,present
10224,953,28,present
10225,953,29,present
10226,954,27,present
10227,954,28,present
10228,954,29,present
10229,955,27,present
10230,955,28,present
10231,955,29,present
10232,956,27,present
10233,956,28,present
10234,956,29,absent
10235,957,27,present
10236,957,28,present
10237,957,29,present
10238,958,27,present
10239,958,28,present
10240,958,29,present
10241,959,30,present
10242,959,31,present
10243,959,32,excused
10244,960,30,absent
10245,960,31,present
10246,960,32,present
10247,961,30,present
10248,961,31,present
10249,961,32,present
10250,962,30,present
10251,962,31,absent
10252,962,32,present
10253,963,30,absent
10254,963,31,present
10255,963,32,present
10256,964,30,present
10257,964,31,present
10258,964,32,present
10259,965,30,absent
10260,965,31,present
10261,965,32,present
10262,966,30,present
10263,966,31,present
10264,966,32,present
10265,967,30,present
10266,967,31,present
10267,967,32,present
10268,968,30,present
10269,968,31,absent
10270,968,32,absent
10271,969,27,present
10272,969,28,present
10273,969,29,present
10274,969,30,present
10275,969,31,absent
10276,969,32,present
10277,970,27,present
10278,970,28,present
10279,970,29,present
10280,970,30,present
10281,970,31,present
10282,970,32,present
10283,971,27,present
10284,971,28,late
10285,971,29,absent
10286,971,30,present
10287,971,31,absent
10288,971,32,present
10289,972,27,present
10290,972,28,present
10291,972,29,present
10292,972,30,present
10293,972,31,absent
10294,972,32,present
10295,973,27,present
10296,973,28,present
10297,973,29,present
10298,973,30,present
10299,973,31,present
10300,973,32,present
10301,974,27,present
10302,974,28,present
10303,974,29,present
10304,974,30,present
10305,974,31,present
10306,974,32,present
10307,975,27,present
10308,975,28,present
10309,975,29,present
10310,975,30,present
10311,975,31,present
10312,975,32,present
10313,976,27,present
10314,976,28,present
10315,976,29,present
10316,976,30,present
10317,976,31,present
10318,976,32,present
10319,977,27,present
10320,977,28,present
10321,977,29,present
10322,977,30,present
10323,977,31,present
10324,977,32,present
10325,978,27,present
10326,978,28,present
10327,978,29,present
10328,978,30,present
10329,978,31,absent
10330,978,32,present
10331,979,27,present
10332,979,28,present
10333,979,29,present
10334,979,30,present
10335,979,31,present
10336,979,32,present
10337,980,27,present
10338,980,28,present
10339,980,29,present
10340,980,30,present
10341,980,31,present
10342,980,32,present
10343,981,27,present
10344,981,28,absent
10345,981,29,present
10346,981,30,present
10347,981,31,present
10348,981,32,present
10349,982,27,present
10350,982,28,present
10351,982,29,present
10352,982,30,present
10353,982,31,present
10354,982,32,present
10355,983,27,present
10356,983,28,present
10357,983,29,present
10358,983,30,present
10359,983,31,present
10360,983,32,present
10361,984,27,present
10362,984,28,present
10363,984,29,present
10364,984,30,absent
10365,984,31,present
10366,984,32,present
10367,985,27,present
10368,985,28,present
10369,985,29,present
10370,985,30,present
10371,985,31,present
10372,985,32,absent
10373,986,27,present
10374,986,28,present
10375,986,29,present
10376,986,30,present
10377,986,31,present
10378,986,32,present
10379,987,27,present
10380,987,28,present
10381,987,29,present
10382,987,30,present
10383,987,31,absent
10384,987,32,present
10385,988,27,present
10386,988,28,present
10387,988,29,present
10388,988,30,present
10389,988,31,present
10390,988,32,present
10391,989,27,present
10392,989,28,present
10393,989,29,present
10394,989,30,present
10395,989,31,present
10396,989,32,present
10397,990,27,present
10398,990,28,present
10399,990,29,absent
10400,990,30,present
10401,990,31,present
10402,990,32,present
10403,991,27,present
10404,991,28,present
10405,991,29,present
10406,991,30,present
10407,991,31,present
10408,991,32,present
10409,992,27,present
10410,992,28,present
10411,992,29,absent
10412,992,30,present
10413,992,31,present
10414,992,32,present
10415,993,27,present
10416,993,28,present
10417,993,29,present
10418,993,30,present
10419,993,31,present
10420,993,32,present
10421,994,27,present
10422,994,28,present
10423,994,29,present
10424,994,30,present
10425,994,31,present
10426,994,32,present
10427,995,27,present
10428,995,28,present
10429,995,29,present
10430,995,30,present
10431,995,31,present
10432,995,32,present
10433,996,27,present
10434,996,28,present
10435,996,29,absent
10436,996,30,present
10437,996,31,present
10438,996,32,present
10439,997,27,present
10440,997,28,present
10441,997,29,present
10442,997,30,present
10443,997,31,present
10444,997,32,present
10445,998,27,present
10446,998,28,present
10447,998,29,present
10448,998,30,present
10449,998,31,present
10450,998,32,present
10451,999,27,present
10452,999,28,present
10453,999,29,present
10454,999,30,present
10455,999,31,present
10456,999,32,present
10457,1000,27,present
10458,1000,28,present
10459,1000,29,present
10460,1001,27,present
10461,1001,28,present
10462,1001,29,present
10463,1002,27,absent
10464,1002,28,present
10465,1002,29,present
10466,1003,27,present
10467,1003,28,present
10468,1003,29,present
10469,1004,27,present
10470,1004,28,present
10471,1004,29,present
10472,1005,27,absent
10473,1005,28,present
10474,1005,29,present
10475,1006,27,present
10476,1006,28,present
10477,1006,29,present
10478,1007,27,present
10479,1007,28,present
10480,1007,29,present
10481,1008,27,absent
10482,1008,28,present
10483,1008,29,present
10484,1009,27,present
10485,1009,28,present
10486,1009,29,present
10487,1010,30,absent
10488,1010,31,present
10489,1010,32,present
10490,1011,30,present
10491,1011,31,present
10492,1011,32,present
10493,1012,30,present
10494,1012,31,present
10495,1012,32,present
10496,1013,30,absent
10497,1013,31,present
10498,1013,32,present
10499,1014,30,present
10500,1014,31,present
10501,1014,32,present
10502,1015,30,present
10503,1015,31,absent
10504,1015,32,present
10505,1016,30,late
10506,1016,31,present
10507,1016,32,present
10508,1017,30,late
10509,1017,31,present
10510,1017,32,absent
10511,1018,30,present
10512,1018,31,present
10513,1018,32,present
10514,1019,30,present
10515,1019,31,excused
10516,1019,32,present
10517,1020,30,absent
10518,1020,31,present
10519,1020,32,present
10520,1021,27,present
10521,1021,28,present
10522,1021,29,present
10523,1021,30,present
10524,1021,31,present
10525,1021,32,present
10526,1022,27,present
10527,1022,28,present
10528,1022,29,present
10529,1022,30,present
10530,1022,31,present
10531,1022,32,present
10532,1023,27,present
10533,1023,28,present
10534,1023,29,absent
10535,1023,30,present
10536,1023,31,present
10537,1023,32,present
10538,1024,27,present
10539,1024,28,present
10540,1024,29,present
10541,1024,30,present
10542,1024,31,present
10543,1024,32,present
10544,1025,27,present
10545,1025,28,present
10546,1025,29,present
10547,1025,30,present
10548,1025,31,present
10549,1025,32,present
10550,1026,27,present
10551,1026,28,present
10552,1026,29,present
10553,1026,30,present
10554,1026,31,present
10555,1026,32,present
10556,1027,27,late
10557,1027,28,present
10558,1027,29,present
10559,1027,30,present
10560,1027,31,present
10561,1027,32,present
10562,1028,27,present
10563,1028,28,present
10564,1028,29,present
10565,1028,30,present
10566,1028,31,present
10567,1028,32,present
10568,1029,27,present
10569,1029,28,present
10570,1029,29,present
10571,1029,30,present
10572,1029,31,present
10573,1029,32,present
10574,1030,27,present
10575,1030,28,present
10576,1030,29,present
10577,1030,30,present
10578,1030,31,present
10579,1030,32,present
10580,1031,27,present
10581,1031,28,present
10582,1031,29,present
10583,1031,30,present
10584,1031,31,present
10585,1031,32,present
10586,1032,27,present
10587,1032,28,present
10588,1032,29,present
10589,1032,30,present
10590,1032,31,present
10591,1032,32,present
10592,1033,27,present
10593,1033,28,present
10594,1033,29,present
10595,1033,30,present
10596,1033,31,present
10597,1033,32,present
10598,1034,27,present
10599,1034,28,present
10600,1034,29,late
10601,1034,30,present
10602,1034,31,present
10603,1034,32,excused
10604,1035,27,present
10605,1035,28,present
10606,1035,29,present
10607,1035,30,present
10608,1035,31,present
10609,1035,32,present
10610,1036,27,present
10611,1036,28,present
10612,1036,29,present
10613,1036,30,present
10614,1036,31,present
10615,1036,32,present
10616,1037,27,present
10617,1037,28,absent
10618,1037,29,present
10619,1037,30,present
10620,1037,31,present
10621,1037,32,present
10622,1038,27,absent
10623,1038,28,present
10624,1038,29,present
10625,1038,30,present
10626,1038,31,absent
10627,1038,32,present
10628,1039,27,present
10629,1039,28,present
10630,1039,29,present
10631,1039,30,present
10632,1039,31,present
10633,1039,32,present
10634,1040,27,present
10635,1040,28,present
10636,1040,29,present
10637,1040,30,present
10638,1040,31,present
10639,1040,32,absent
10640,1041,27,present
10641,1041,28,present
10642,1041,29,present
10643,1041,30,present
10644,1041,31,present
10645,1041,32,present
10646,1042,27,present
10647,1042,28,present
10648,1042,29,present
10649,1042,30,present
10650,1042,31,present
10651,1042,32,absent
10652,1043,27,present
10653,1043,28,present
10654,1043,29,present
10655,1043,30,present
10656,1043,31,present
10657,1043,32,present
10658,1044,27,present
10659,1044,28,present
10660,1044,29,late
10661,1044,30,present
10662,1044,31,present
10663,1044,32,present
10664,1045,27,absent
10665,1045,28,present
10666,1045,29,present
10667,1045,30,present
10668,1045,31,present
10669,1045,32,present
10670,1046,27,present
10671,1046,28,present
10672,1046,29,present
10673,1046,30,present
10674,1046,31,present
10675,1046,32,present
10676,1047,27,present
10677,1047,28,present
10678,1047,29,present
10679,1047,30,present
10680,1047,31,present
10681,1047,32,present
10682,1048,27,present
10683,1048,28,present
10684,1048,29,present
10685,1048,30,present
10686,1048,31,present
10687,1048,32,present
10688,1049,27,present
10689,1049,28,present
10690,1049,29,present
10691,1049,30,present
10692,1049,31,present
10693,1049,32,present
10694,1050,27,present
10695,1050,28,present
10696,1050,29,present
10697,1050,30,present
10698,1050,31,present
10699,1050,32,present
10700,1051,27,present
10701,1051,28,present
10702,1051,29,present
10703,1051,30,present
10704,1051,31,present
10705,1051,32,present
10706,1052,27,present
10707,1052,28,present
10708,1052,29,absent
10709,1052,30,present
10710,1052,31,present
10711,1052,32,present
10712,1053,27,present
10713,1053,28,present
10714,1053,29,present
10715,1053,30,present
10716,1053,31,present
10717,1053,32,present
10718,1054,27,present
10719,1054,28,present
10720,1054,29,present
10721,1054,30,present
10722,1054,31,present
10723,1054,32,present
10724,1055,27,present
10725,1055,28,present
10726,1055,29,present
10727,1055,30,present
10728,1055,31,present
10729,1055,32,present
10730,1056,27,present
10731,1056,28,absent
10732,1056,29,present
10733,1056,30,present
10734,1056,31,absent
10735,1056,32,present
10736,1057,27,present
10737,1057,28,present
10738,1057,29,present
10739,1057,30,present
10740,1057,31,present
10741,1057,32,present
10742,1058,27,present
10743,1058,28,present
10744,1058,29,present
10745,1058,30,present
10746,1058,31,present
10747,1058,32,present
10748,1059,27,present
10749,1059,28,present
10750,1059,29,present
10751,1059,30,present
10752,1059,31,absent
10753,1059,32,present
10754,1060,27,present
10755,1060,28,present
10756,1060,29,present
10757,1060,30,present
10758,1060,31,present
10759,1060,32,present
10760,1061,27,present
10761,1061,28,present
10762,1061,29,present
10763,1061,30,present
10764,1061,31,present
10765,1061,32,present
10766,1062,27,present
10767,1062,28,present
10768,1062,29,present
10769,1062,30,present
10770,1062,31,present
10771,1062,32,present
10772,1063,27,present
10773,1063,28,present
10774,1063,29,present
10775,1063,30,present
10776,1063,31,absent
10777,1063,32,present
10778,1064,27,absent
10779,1064,28,present
10780,1064,29,present
10781,1064,30,present
10782,1064,31,present
10783,1064,32,present
10784,1065,27,absent
10785,1065,28,present
10786,1065,29,present
10787,1065,30,present
10788,1065,31,present
10789,1065,32,present
10790,1066,27,present
10791,1066,28,present
10792,1066,29,present
10793,1066,30,present
10794,1066,31,present
10795,1066,32,present
10796,1067,27,present
10797,1067,28,present
10798,1067,29,present
10799,1067,30,present
10800,1067,31,present
10801,1067,32,present
10802,1068,27,present
10803,1068,28,present
10804,1068,29,present
10805,1068,30,present
10806,1068,31,present
10807,1068,32,absent
10808,1069,27,present
10809,1069,28,present
10810,1069,29,present
10811,1069,30,present
10812,1069,31,present
10813,1069,32,present
10814,1070,27,present
10815,1070,28,present
10816,1070,29,absent
10817,1070,30,present
10818,1070,31,present
10819,1070,32,present
10820,1071,27,present
10821,1071,28,present
10822,1071,29,present
10823,1071,30,present
10824,1071,31,present
10825,1071,32,present
10826,1072,27,absent
10827,1072,28,present
10828,1072,29,present
10829,1072,30,present
10830,1072,31,present
10831,1072,32,present
10832,1073,27,present
10833,1073,28,present
10834,1073,29,present
10835,1073,30,present
10836,1073,31,present
10837,1073,32,present
10838,1074,27,present
10839,1074,28,present
10840,1074,29,present
10841,1074,30,present
10842,1074,31,present
10843,1074,32,present
10844,1075,27,present
10845,1075,28,present
10846,1075,29,present
10847,1075,30,present
10848,1075,31,present
10849,1075,32,present
10850,1076,27,absent
10851,1076,28,present
10852,1076,29,present
10853,1076,30,present
10854,1076,31,present
10855,1076,32,absent
10856,1077,27,present
10857,1077,28,present
10858,1077,29,present
10859,1077,30,present
10860,1077,31,present
10861,1077,32,present
10862,1078,27,present
10863,1078,28,present
10864,1078,29,present
10865,1078,30,present
10866,1078,31,present
10867,1078,32,present
10868,1079,27,present
10869,1079,28,present
10870,1079,29,present
10871,1079,30,present
10872,1079,31,absent
10873,1079,32,absent
10874,1080,27,present
10875,1080,28,present
10876,1080,29,present
10877,1080,30,present
10878,1080,31,absent
10879,1080,32,present
10880,1081,27,present
10881,1081,28,present
10882,1081,29,present
10883,1081,30,present
10884,1081,31,present
10885,1081,32,present
10886,1082,27,absent
10887,1082,28,present
10888,1082,29,present
10889,1082,30,present
10890,1082,31,present
10891,1082,32,present
10892,1083,77,present
10893,1083,78,present
10894,1083,79,present
10895,1083,80,present
10896,1083,81,present
10897,1083,82,present
10898,1084,77,present
10899,1084,78,present
10900,1084,79,absent
10901,1084,80,present
10902,1084,81,present
10903,1084,82,present
10904,1085,77,present
10905,1085,78,present
10906,1085,79,present
10907,1085,80,present
10908,1085,81,present
10909,1085,82,present
10910,1086,77,present
10911,1086,78,present
10912,1086,79,present
10913,1086,80,present
10914,1086,81,present
10915,1086,82,present
10916,1087,77,present
10917,1087,78,present
10918,1087,79,present
10919,1087,80,present
10920,1087,81,present
10921,1087,82,present
10922,1088,77,present
10923,1088,78,present
10924,1088,79,present
10925,1088,80,present
10926,1088,81,present
10927,1088,82,present
10928,1089,77,present
10929,1089,78,present
10930,1089,79,present
10931,1089,80,present
10932,1089,81,present
10933,1089,82,present
10934,1090,77,present
10935,1090,78,present
10936,1090,79,late
10937,1090,80,present
10938,1090,81,present
10939,1090,82,present
10940,1091,77,present
10941,1091,78,present
10942,1091,79,present
10943,1091,80,present
10944,1091,81,present
10945,1091,82,present
10946,1092,77,present
10947,1092,78,present
10948,1092,79,present
10949,1092,80,present
10950,1092,81,present
10951,1092,82,absent
10952,1093,77,present
10953,1093,78,present
10954,1093,79,present
10955,1093,80,present
10956,1093,81,present
10957,1093,82,present
10958,1094,77,present
10959,1094,78,present
10960,1094,79,absent
10961,1094,80,present
10962,1094,81,present
10963,1094,82,present
10964,1095,77,present
10965,1095,78,present
10966,1095,79,present
10967,1095,80,present
10968,1095,81,present
10969,1095,82,present
10970,1096,77,present
10971,1096,78,present
10972,1096,79,present
10973,1096,80,present
10974,1096,81,present
10975,1096,82,present
10976,1097,77,present
10977,1097,78,present
10978,1097,79,present
10979,1097,80,present
10980,1097,81,present
10981,1097,82,present
10982,1098,77,present
10983,1098,78,present
10984,1098,79,present
10985,1098,80,present
10986,1098,81,present
10987,1098,82,present
10988,1099,77,present
10989,1099,78,present
10990,1099,79,present
10991,1099,80,present
10992,1099,81,present
10993,1099,82,absent
10994,1100,77,present
10995,1100,78,present
10996,1100,79,present
10997,1100,80,present
10998,1100,81,present
10999,1100,82,present
11000,1101,77,present
11001,1101,78,present
11002,1101,79,excused
11003,1101,80,present
11004,1101,81,present
11005,1101,82,present
11006,1102,77,present
11007,1102,78,present
11008,1102,79,absent
11009,1102,80,present
11010,1102,81,present
11011,1102,82,present
11012,1103,77,present
11013,1103,78,present
11014,1103,79,present
11015,1103,80,present
11016,1103,81,present
11017,1103,82,present
11018,1104,77,present
11019,1104,78,present
11020,1104,79,present
11021,1104,80,present
11022,1104,81,absent
11023,1104,82,present
11024,1105,77,present
11025,1105,78,present
11026,1105,79,present
11027,1105,80,present
11028,1105,81,present
11029,1105,82,present
11030,1106,77,present
11031,1106,78,present
11032,1106,79,present
11033,1106,80,present
11034,1106,81,late
11035,1106,82,present
11036,1107,77,present
11037,1107,78,absent
11038,1107,79,late
11039,1107,80,present
11040,1107,81,present
11041,1107,82,present
11042,1108,77,present
11043,1108,78,present
11044,1108,79,present
11045,1108,80,present
11046,1108,81,absent
11047,1108,82,present
11048,1109,77,present
11049,1109,78,present
11050,1109,79,present
11051,1109,80,present
11052,1109,81,present
11053,1109,82,present
11054,1110,77,present
11055,1110,78,absent
11056,1110,79,present
11057,1110,80,present
11058,1110,81,present
11059,1110,82,present
11060,1111,77,present
11061,1111,78,present
11062,1111,79,present
11063,1111,80,present
11064,1111,81,present
11065,1111,82,present
11066,1112,77,present
11067,1112,78,present
11068,1112,79,present
11069,1112,80,present
11070,1112,81,present
11071,1112,82,present
11072,1113,77,present
11073,1113,78,absent
11074,1113,79,present
11075,1113,80,present
11076,1113,81,present
11077,1113,82,present
11078,1114,77,present
11079,1114,78,present
11080,1114,79,present
11081,1114,80,present
11082,1114,81,absent
11083,1114,82,present
11084,1115,77,present
11085,1115,78,present
11086,1115,79,present
11087,1115,80,present
11088,1115,81,present
11089,1115,82,absent
11090,1116,77,present
11091,1116,78,present
11092,1116,79,present
11093,1116,80,present
11094,1116,81,present
11095,1116,82,present
11096,1117,77,present
11097,1117,78,absent
11098,1117,79,present
11099,1117,80,present
11100,1117,81,present
11101,1117,82,present
11102,1118,77,present
11103,1118,78,absent
11104,1118,79,present
11105,1118,80,present
11106,1118,81,absent
11107,1118,82,present
11108,1119,77,present
11109,1119,78,present
11110,1119,79,present
11111,1119,80,present
11112,1119,81,present
11113,1119,82,present
11114,1120,77,present
11115,1120,78,present
11116,1120,79,present
11117,1120,80,present
11118,1120,81,absent
11119,1120,82,present
11120,1121,77,present
11121,1121,78,present
11122,1121,79,present
11123,1121,80,present
11124,1121,81,present
11125,1121,82,present
11126,1122,77,present
11127,1122,78,present
11128,1122,79,present
11129,1122,80,present
11130,1122,81,present
11131,1122,82,present
11132,1123,77,present
11133,1123,78,present
11134,1123,79,present
11135,1123,80,present
11136,1123,81,present
11137,1123,82,present
11138,1124,77,present
11139,1124,78,absent
11140,1124,79,present
11141,1124,80,present
11142,1124,81,present
11143,1124,82,present
11144,1125,77,present
11145,1125,78,present
11146,1125,79,present
11147,1125,80,present
11148,1125,81,present
11149,1125,82,present
11150,1126,77,present
11151,1126,78,present
11152,1126,79,absent
11153,1126,80,present
11154,1126,81,present
11155,1126,82,present
11156,1127,77,present
11157,1127,78,present
11158,1127,79,present
11159,1127,80,absent
11160,1127,81,present
11161,1127,82,present
11162,1128,77,present
11163,1128,78,present
11164,1128,79,present
11165,1128,80,present
11166,1128,81,present
11167,1128,82,present
11168,1129,77,present
11169,1129,78,present
11170,1129,79,present
11171,1129,80,present
11172,1129,81,late
11173,1129,82,present
11174,1130,77,present
11175,1130,78,present
11176,1130,79,present
11177,1130,80,present
11178,1130,81,present
11179,1130,82,present
11180,1131,77,present
11181,1131,78,present
11182,1131,79,present
11183,1131,80,present
11184,1131,81,present
11185,1131,82,present
11186,1132,77,present
11187,1132,78,present
11188,1132,79,present
11189,1132,80,present
11190,1132,81,present
11191,1132,82,present
11192,1133,77,present
11193,1133,78,present
11194,1133,79,present
11195,1133,80,present
11196,1133,81,present
11197,1133,82,present
11198,1134,77,present
11199,1134,78,absent
11200,1134,79,present
11201,1134,80,present
11202,1134,81,present
11203,1134,82,present
11204,1135,77,present
11205,1135,78,present
11206,1135,79,present
11207,1135,80,present
11208,1135,81,present
11209,1135,82,present
11210,1136,77,present
11211,1136,78,present
11212,1136,79,present
11213,1136,80,present
11214,1136,81,present
11215,1136,82,present
11216,1137,77,present
11217,1137,78,late
11218,1137,79,present
11219,1137,80,present
11220,1137,81,present
11221,1137,82,present
11222,1138,77,present
11223,1138,78,present
11224,1138,79,absent
11225,1138,80,present
11226,1138,81,present
11227,1138,82,present
11228,1139,77,present
11229,1139,78,present
11230,1139,79,present
11231,1139,80,present
11232,1139,81,present
11233,1139,82,absent
11234,1140,77,present
11235,1140,78,present
11236,1140,79,present
11237,1140,80,present
11238,1140,81,present
11239,1140,82,present
11240,1141,77,present
11241,1141,78,present
11242,1141,79,absent
11243,1141,80,present
11244,1141,81,present
11245,1141,82,present
11246,1142,77,present
11247,1142,78,present
11248,1142,79,present
11249,1142,80,present
11250,1142,81,present
11251,1142,82,present
11252,1143,77,present
11253,1143,78,present
11254,1143,79,present
11255,1143,80,present
11256,1143,81,present
11257,1143,82,present
11258,1144,77,present
11259,1144,78,present
11260,1144,79,present
11261,1144,80,present
11262,1144,81,present
11263,1144,82,present
11264,1145,77,present
11265,1145,78,present
11266,1145,79,present
11267,1145,80,present
11268,1145,81,present
11269,1145,82,present
11270,1146,77,present
11271,1146,78,absent
11272,1146,79,present
11273,1146,80,present
11274,1146,81,present
11275,1146,82,present
11276,1147,77,present
11277,1147,78,late
11278,1147,79,present
11279,1147,80,present
11280,1147,81,present
11281,1147,82,present
11282,1148,77,present
11283,1148,78,present
11284,1148,79,absent
11285,1148,80,present
11286,1148,81,present
11287,1148,82,present
11288,1149,77,present
11289,1149,78,present
11290,1149,79,present
11291,1149,80,present
11292,1149,81,present
11293,1149,82,present
11294,1150,77,present
11295,1150,78,present
11296,1150,79,present
11297,1150,80,present
11298,1150,81,present
11299,1150,82,present
11300,1151,77,present
11301,1151,78,present
11302,1151,79,present
11303,1151,80,present
11304,1151,81,present
11305,1151,82,present
11306,1152,77,present
11307,1152,78,present
11308,1152,79,present
11309,1152,80,present
11310,1152,81,present
11311,1152,82,present
11312,1153,77,present
11313,1153,78,present
11314,1153,79,present
11315,1153,80,present
11316,1153,81,present
11317,1153,82,absent
11318,1154,77,present
11319,1154,78,present
11320,1154,79,present
11321,1154,80,present
11322,1154,81,present
11323,1154,82,present
11324,1155,77,present
11325,1155,78,late
11326,1155,79,absent
11327,1155,80,present
11328,1155,81,present
11329,1155,82,present
11330,1156,77,present
11331,1156,78,present
11332,1156,79,absent
11333,1156,80,present
11334,1156,81,present
11335,1156,82,present
11336,1157,77,present
11337,1157,78,present
11338,1157,79,present
11339,1157,80,present
11340,1157,81,present
11341,1157,82,present
11342,1158,77,present
11343,1158,78,absent
11344,1158,79,present
11345,1158,80,present
11346,1158,81,present
11347,1158,82,present
11348,1159,77,present
11349,1159,78,present
11350,1159,79,present
11351,1159,80,present
11352,1159,81,present
11353,1159,82,present
11354,1160,77,present
11355,1160,78,absent
11356,1160,79,present
11357,1160,80,present
11358,1160,81,present
11359,1160,82,present
11360,1161,77,present
11361,1161,78,absent
11362,1161,79,present
11363,1161,80,absent
11364,1161,81,present
11365,1161,82,present
11366,1162,77,present
11367,1162,78,present
11368,1162,79,present
11369,1162,80,present
11370,1162,81,present
11371,1162,82,present
11372,1163,77,present
11373,1163,78,present
11374,1163,79,present
11375,1163,80,present
11376,1163,81,present
11377,1163,82,present
11378,1164,77,present
11379,1164,78,present
11380,1164,79,present
11381,1164,80,present
11382,1164,81,present
11383,1164,82,present
11384,1165,77,present
11385,1165,78,present
11386,1165,79,present
11387,1165,80,present
11388,1165,81,present
11389,1165,82,present
11390,1166,77,present
11391,1166,78,present
11392,1166,79,present
11393,1166,80,present
11394,1166,81,present
11395,1166,82,present
11396,1167,77,present
11397,1167,78,present
11398,1167,79,present
11399,1168,77,present
11400,1168,78,present
11401,1168,79,present
11402,1169,77,present
11403,1169,78,present
11404,1169,79,present
11405,1170,77,present
11406,1170,78,present
11407,1170,79,present
11408,1171,77,present
11409,1171,78,present
11410,1171,79,present
11411,1172,77,absent
11412,1172,78,present
11413,1172,79,present
11414,1173,77,present
11415,1173,78,late
11416,1173,79,present
11417,1174,77,present
11418,1174,78,present
11419,1174,79,present
11420,1175,77,present
11421,1175,78,present
11422,1175,79,present
11423,1176,77,present
11424,1176,78,present
11425,1176,79,present
11426,1177,77,absent
11427,1177,78,present
11428,1177,79,present
11429,1178,80,present
11430,1178,81,present
11431,1178,82,present
11432,1179,80,present
11433,1179,81,present
11434,1179,82,present
11435,1180,80,present
11436,1180,81,present
11437,1180,82,present
11438,1181,80,present
11439,1181,81,present
11440,1181,82,present
11441,1182,80,absent
11442,1182,81,present
11443,1182,82,absent
11444,1183,80,present
11445,1183,81,present
11446,1183,82,present
11447,1184,80,present
11448,1184,81,present
11449,1184,82,absent
11450,1185,80,present
11451,1185,81,present
11452,1185,82,present
11453,1186,80,present
11454,1186,81,present
11455,1186,82,present
11456,1187,80,present
11457,1187,81,present
11458,1187,82,present
11459,1188,77,present
11460,1188,78,present
11461,1188,79,present
11462,1188,80,present
11463,1188,81,present
11464,1188,82,present
11465,1189,77,absent
11466,1189,78,present
11467,1189,79,present
11468,1189,80,present
11469,1189,81,present
11470,1189,82,present
11471,1190,77,present
11472,1190,78,present
11473,1190,79,present
11474,1190,80,present
11475,1190,81,present
11476,1190,82,present
11477,1191,77,present
11478,1191,78,present
11479,1191,79,present
11480,1191,80,absent
11481,1191,81,absent
11482,1191,82,present
11483,1192,77,present
11484,1192,78,present
11485,1192,79,present
11486,1192,80,present
11487,1192,81,present
11488,1192,82,excused
11489,1193,77,present
11490,1193,78,present
11491,1193,79,present
11492,1193,80,present
11493,1193,81,absent
11494,1193,82,present
11495,1194,77,present
11496,1194,78,present
11497,1194,79,present
11498,1194,80,present
11499,1194,81,present
11500,1194,82,present
11501,1195,77,present
11502,1195,78,present
11503,1195,79,present
11504,1195,80,present
11505,1195,81,present
11506,1195,82,present
11507,1196,77,present
11508,1196,78,absent
11509,1196,79,present
11510,1196,80,present
11511,1196,81,present
11512,1196,82,present
11513,1197,77,present
11514,1197,78,present
11515,1197,79,present
11516,1197,80,present
11517,1197,81,present
11518,1197,82,absent
11519,1198,77,present
11520,1198,78,present
11521,1198,79,present
11522,1198,80,present
11523,1198,81,present
11524,1198,82,present
11525,1199,77,present
11526,1199,78,present
11527,1199,79,present
11528,1199,80,present
11529,1199,81,present
11530,1199,82,present
11531,1200,77,present
11532,1200,78,present
11533,1200,79,present
11534,1200,80,present
11535,1200,81,absent
11536,1200,82,present
11537,1201,77,present
11538,1201,78,present
11539,1201,79,absent
11540,1201,80,present
11541,1201,81,present
11542,1201,82,absent
11543,1202,77,present
11544,1202,78,present
11545,1202,79,present
11546,1202,80,present
11547,1202,81,present
11548,1202,82,present
11549,1203,77,late
11550,1203,78,absent
11551,1203,79,present
11552,1203,80,present
11553,1203,81,present
11554,1203,82,present
11555,1204,77,present
11556,1204,78,present
11557,1204,79,present
11558,1204,80,present
11559,1204,81,present
11560,1204,82,present
11561,1205,77,present
11562,1205,78,present
11563,1205,79,present
11564,1205,80,present
11565,1205,81,present
11566,1205,82,present
11567,1206,77,present
11568,1206,78,present
11569,1206,79,present
11570,1206,80,present
11571,1206,81,absent
11572,1206,82,present
11573,1207,77,present
11574,1207,78,present
11575,1207,79,present
11576,1207,80,present
11577,1207,81,present
11578,1207,82,present
11579,1208,77,present
11580,1208,78,present
11581,1208,79,present
11582,1209,77,present
11583,1209,78,present
11584,1209,79,present
11585,1210,77,present
11586,1210,78,present
11587,1210,79,present
11588,1211,77,present
11589,1211,78,present
11590,1211,79,present
11591,1212,77,present
11592,1212,78,present
11593,1212,79,present
11594,1213,77,present
11595,1213,78,present
11596,1213,79,present
11597,1214,77,present
11598,1214,78,late
11599,1214,79,present
11600,1215,77,present
11601,1215,78,present
11602,1215,79,present
11603,1216,77,present
11604,1216,78,present
11605,1216,79,present
11606,1217,77,present
11607,1217,78,absent
11608,1217,79,present
11609,1218,80,present
11610,1218,81,present
11611,1218,82,present
11612,1219,80,present
11613,1219,81,present
11614,1219,82,present
11615,1220,80,present
11616,1220,81,present
11617,1220,82,present
11618,1221,80,present
11619,1221,81,present
11620,1221,82,present
11621,1222,80,present
11622,1222,81,absent
11623,1222,82,present
11624,1223,80,present
11625,1223,81,present
11626,1223,82,present
11627,1224,80,present
11628,1224,81,absent
11629,1224,82,present
11630,1225,80,present
11631,1225,81,present
11632,1225,82,present
11633,1226,80,present
11634,1226,81,present
11635,1226,82,present
11636,1227,80,present
11637,1227,81,absent
11638,1227,82,present
11639,1228,80,present
11640,1228,81,absent
11641,1228,82,present
11642,1229,77,present
11643,1229,78,late
11644,1229,79,absent
11645,1229,80,present
11646,1229,81,present
11647,1229,82,absent
11648,1230,77,present
11649,1230,78,present
11650,1230,79,present
11651,1230,80,present
11652,1230,81,excused
11653,1230,82,present
11654,1231,77,present
11655,1231,78,present
11656,1231,79,absent
11657,1231,80,present
11658,1231,81,present
11659,1231,82,present
11660,1232,77,present
11661,1232,78,present
11662,1232,79,absent
11663,1232,80,present
11664,1232,81,present
11665,1232,82,present
11666,1233,77,late
11667,1233,78,present
11668,1233,79,present
11669,1233,80,present
11670,1233,81,present
11671,1233,82,absent
11672,1234,77,present
11673,1234,78,present
11674,1234,79,present
11675,1234,80,present
11676,1234,81,present
11677,1234,82,present
11678,1235,77,present
11679,1235,78,present
11680,1235,79,present
11681,1235,80,present
11682,1235,81,absent
11683,1235,82,present
11684,1236,77,present
11685,1236,78,absent
11686,1236,79,present
11687,1236,80,present
11688,1236,81,present
11689,1236,82,present
11690,1237,77,present
11691,1237,78,present
11692,1237,79,present
11693,1237,80,present
11694,1237,81,present
11695,1237,82,present
11696,1238,77,present
11697,1238,78,present
11698,1238,79,present
11699,1238,80,present
11700,1238,81,present
11701,1238,82,present
11702,1239,77,present
11703,1239,78,absent
11704,1239,79,present
11705,1239,80,present
11706,1239,81,present
11707,1239,82,present
11708,1240,77,present
11709,1240,78,absent
11710,1240,79,present
11711,1240,80,present
11712,1240,81,present
11713,1240,82,present
11714,1241,77,present
11715,1241,78,present
11716,1241,79,present
11717,1241,80,present
11718,1241,81,present
11719,1241,82,present
11720,1242,77,present
11721,1242,78,present
11722,1242,79,present
11723,1242,80,present
11724,1242,81,present
11725,1242,82,present
11726,1243,77,present
11727,1243,78,present
11728,1243,79,present
11729,1243,80,present
11730,1243,81,present
11731,1243,82,present
11732,1244,77,present
11733,1244,78,present
11734,1244,79,present
11735,1244,80,present
11736,1244,81,present
11737,1244,82,present
11738,1245,77,absent
11739,1245,78,present
11740,1245,79,present
11741,1245,80,absent
11742,1245,81,present
11743,1245,82,present
11744,1246,77,present
11745,1246,78,present
11746,1246,79,present
11747,1246,80,present
11748,1246,81,absent
11749,1246,82,present
11750,1247,77,present
11751,1247,78,absent
11752,1247,79,present
11753,1247,80,present
11754,1247,81,present
11755,1247,82,present
11756,1248,77,present
11757,1248,78,present
11758,1248,79,present
11759,1248,80,present
11760,1248,81,present
11761,1248,82,present
11762,1249,77,present
11763,1249,78,present
11764,1249,79,present
11765,1249,80,present
11766,1249,81,late
11767,1249,82,present
11768,1250,77,present
11769,1250,78,absent
11770,1250,79,present
11771,1250,80,present
11772,1250,81,present
11773,1250,82,present
11774,1251,77,present
11775,1251,78,absent
11776,1251,79,present
11777,1251,80,present
11778,1251,81,present
11779,1251,82,present
11780,1252,77,present
11781,1252,78,present
11782,1252,79,absent
11783,1252,80,present
11784,1252,81,present
11785,1252,82,present
11786,1253,77,present
11787,1253,78,present
11788,1253,79,late
11789,1253,80,present
11790,1253,81,present
11791,1253,82,present
11792,1254,77,present
11793,1254,78,present
11794,1254,79,present
11795,1254,80,present
11796,1254,81,present
11797,1254,82,present
11798,1255,77,present
11799,1255,78,present
11800,1255,79,present
11801,1255,80,present
11802,1255,81,present
11803,1255,82,present
11804,1256,77,present
11805,1256,78,present
11806,1256,79,present
11807,1256,80,present
11808,1256,81,present
11809,1256,82,present
11810,1257,77,present
11811,1257,78,present
11812,1257,79,present
11813,1257,80,present
11814,1257,81,present
11815,1257,82,present
11816,1258,77,present
11817,1258,78,present
11818,1258,79,present
11819,1258,80,absent
11820,1258,81,present
11821,1258,82,present
11822,1259,77,present
11823,1259,78,present
11824,1259,79,absent
11825,1259,80,absent
11826,1259,81,present
11827,1259,82,present
11828,1260,77,present
11829,1260,78,present
11830,1260,79,present
11831,1260,80,present
11832,1260,81,present
11833,1260,82,present
11834,1261,77,present
11835,1261,78,present
11836,1261,79,late
11837,1262,77,present
11838,1262,78,present
11839,1262,79,present
11840,1263,77,present
11841,1263,78,present
11842,1263,79,present
11843,1264,77,present
11844,1264,78,present
11845,1264,79,present
11846,1265,77,present
11847,1265,78,absent
11848,1265,79,absent
11849,1266,77,present
11850,1266,78,present
11851,1266,79,present
11852,1267,77,present
11853,1267,78,absent
11854,1267,79,present
11855,1268,77,present
11856,1268,78,present
11857,1268,79,absent
11858,1269,77,present
11859,1269,78,present
11860,1269,79,present
11861,1270,77,absent
11862,1270,78,present
11863,1270,79,present
11864,1271,80,present
11865,1271,81,present
11866,1271,82,present
11867,1272,80,present
11868,1272,81,present
11869,1272,82,present
11870,1273,80,present
11871,1273,81,present
11872,1273,82,absent
11873,1274,80,present
11874,1274,81,present
11875,1274,82,present
11876,1275,80,present
11877,1275,81,present
11878,1275,82,present
11879,1276,80,present
11880,1276,81,present
11881,1276,82,present
11882,1277,80,present
11883,1277,81,present
11884,1277,82,present
11885,1278,80,present
11886,1278,81,present
11887,1278,82,present
11888,1279,80,present
11889,1279,81,present
11890,1279,82,present
11891,1280,80,present
11892,1280,81,present
11893,1280,82,present
11894,1281,80,present
11895,1281,81,present
11896,1281,82,absent
11897,1282,77,present
11898,1282,78,present
11899,1282,79,present
11900,1282,80,present
11901,1282,81,present
11902,1282,82,present
11903,1283,77,present
11904,1283,78,present
11905,1283,79,present
11906,1283,80,present
11907,1283,81,present
11908,1283,82,present
11909,1284,77,present
11910,1284,78,present
11911,1284,79,present
11912,1284,80,present
11913,1284,81,absent
11914,1284,82,present
11915,1285,77,present
11916,1285,78,present
11917,1285,79,present
11918,1285,80,present
11919,1285,81,present
11920,1285,82,present
11921,1286,77,present
11922,1286,78,present
11923,1286,79,present
11924,1286,80,present
11925,1286,81,present
11926,1286,82,present
11927,1287,77,present
11928,1287,78,present
11929,1287,79,absent
11930,1287,80,present
11931,1287,81,absent
11932,1287,82,present
11933,1288,77,present
11934,1288,78,present
11935,1288,79,present
11936,1288,80,present
11937,1288,81,present
11938,1288,82,present
11939,1289,77,absent
11940,1289,78,present
11941,1289,79,present
11942,1289,80,absent
11943,1289,81,present
11944,1289,82,present
11945,1290,77,present
11946,1290,78,present
11947,1290,79,present
11948,1290,80,present
11949,1290,81,present
11950,1290,82,present
11951,1291,77,present
11952,1291,78,present
11953,1291,79,present
11954,1291,80,present
11955,1291,81,present
11956,1291,82,present
11957,1292,77,present
11958,1292,78,present
11959,1292,79,present
11960,1292,80,present
11961,1292,81,present
11962,1292,82,absent
11963,1293,77,present
11964,1293,78,present
11965,1293,79,present
11966,1293,80,present
11967,1293,81,present
11968,1293,82,present
11969,1294,77,present
11970,1294,78,present
11971,1294,79,present
11972,1294,80,late
11973,1294,81,present
11974,1294,82,present
11975,1295,77,present
11976,1295,78,present
11977,1295,79,present
11978,1295,80,present
11979,1295,81,absent
11980,1295,82,present
11981,1296,77,present
11982,1296,78,present
11983,1296,79,present
11984,1296,80,present
11985,1296,81,present
11986,1296,82,present
11987,1297,77,present
11988,1297,78,present
11989,1297,79,present
11990,1297,80,present
11991,1297,81,present
11992,1297,82,present
11993,1298,77,present
11994,1298,78,present
11995,1298,79,present
11996,1298,80,present
11997,1298,81,present
11998,1298,82,present
11999,1299,77,present
12000,1299,78,present
12001,1299,79,present
12002,1299,80,present
12003,1299,81,present
12004,1299,82,present
12005,1300,77,present
12006,1300,78,present
12007,1300,79,present
12008,1300,80,present
12009,1300,81,present
12010,1300,82,present
12011,1301,77,present
12012,1301,78,present
12013,1301,79,present
12014,1301,80,present
12015,1301,81,absent
12016,1301,82,present
12017,1302,77,present
12018,1302,78,present
12019,1302,79,present
12020,1302,80,present
12021,1302,81,present
12022,1302,82,present
12023,1303,77,present
12024,1303,78,present
12025,1303,79,absent
12026,1303,80,present
12027,1303,81,present
12028,1303,82,present
12029,1304,77,present
12030,1304,78,present
12031,1304,79,present
12032,1304,80,present
12033,1304,81,absent
12034,1304,82,present
12035,1305,77,present
12036,1305,78,present
12037,1305,79,present
12038,1305,80,present
12039,1305,81,present
12040,1305,82,present
12041,1306,77,present
12042,1306,78,present
12043,1306,79,present
12044,1306,80,present
12045,1306,81,present
12046,1306,82,present
12047,1307,77,late
12048,1307,78,present
12049,1307,79,present
12050,1307,80,present
12051,1307,81,present
12052,1307,82,present
12053,1308,77,absent
12054,1308,78,present
12055,1308,79,present
12056,1308,80,present
12057,1308,81,present
12058,1308,82,present
12059,1309,77,present
12060,1309,78,absent
12061,1309,79,present
12062,1309,80,present
12063,1309,81,present
12064,1309,82,present
12065,1310,77,present
12066,1310,78,present
12067,1310,79,present
12068,1310,80,present
12069,1310,81,present
12070,1310,82,present
12071,1311,77,present
12072,1311,78,present
12073,1311,79,present
12074,1311,80,present
12075,1311,81,present
12076,1311,82,present
12077,1312,77,present
12078,1312,78,late
12079,1312,79,present
12080,1312,80,present
12081,1312,81,present
12082,1312,82,present
12083,1313,77,present
12084,1313,78,present
12085,1313,79,present
12086,1313,80,present
12087,1313,81,present
12088,1313,82,present
12089,1314,33,present
12090,1314,34,present
12091,1314,35,present
12092,1314,36,present
12093,1314,37,present
12094,1314,38,late
12095,1315,33,present
12096,1315,34,present
12097,1315,35,present
12098,1315,36,present
12099,1315,37,present
12100,1315,38,present
12101,1316,33,present
12102,1316,34,absent
12103,1316,35,present
12104,1316,36,present
12105,1316,37,present
12106,1316,38,present
12107,1317,33,present
12108,1317,34,present
12109,1317,35,present
12110,1317,36,present
12111,1317,37,present
12112,1317,38,absent
12113,1318,33,present
12114,1318,34,present
12115,1318,35,present
12116,1318,36,present
12117,1318,37,present
12118,1318,38,present
12119,1319,33,present
12120,1319,34,present
12121,1319,35,present
12122,1319,36,present
12123,1319,37,present
12124,1319,38,late
12125,1320,33,present
12126,1320,34,present
12127,1320,35,present
12128,1320,36,present
12129,1320,37,present
12130,1320,38,present
12131,1321,33,present
12132,1321,34,present
12133,1321,35,present
12134,1321,36,present
12135,1321,37,present
12136,1321,38,late
12137,1322,33,present
12138,1322,34,present
12139,1322,35,present
12140,1322,36,present
12141,1322,37,present
12142,1322,38,present
12143,1323,33,present
12144,1323,34,present
12145,1323,35,present
12146,1323,36,present
12147,1323,37,present
12148,1323,38,present
12149,1324,33,present
12150,1324,34,present
12151,1324,35,present
12152,1324,36,present
12153,1324,37,present
12154,1324,38,present
12155,1325,33,present
12156,1325,34,present
12157,1325,35,present
12158,1325,36,present
12159,1325,37,present
12160,1325,38,present
12161,1326,33,present
12162,1326,34,present
12163,1326,35,present
12164,1326,36,present
12165,1326,37,absent
12166,1326,38,present
12167,1327,33,present
12168,1327,34,present
12169,1327,35,present
12170,1327,36,absent
12171,1327,37,present
12172,1327,38,present
12173,1328,33,present
12174,1328,34,present
12175,1328,35,present
12176,1328,36,present
12177,1328,37,present
12178,1328,38,present
12179,1329,33,present
12180,1329,34,present
12181,1329,35,present
12182,1329,36,present
12183,1329,37,present
12184,1329,38,present
12185,1330,33,present
12186,1330,34,present
12187,1330,35,present
12188,1330,36,present
12189,1330,37,present
12190,1330,38,present
12191,1331,33,present
12192,1331,34,present
12193,1331,35,present
12194,1331,36,present
12195,1331,37,present
12196,1331,38,present
12197,1332,33,present
12198,1332,34,present
12199,1332,35,present
12200,1332,36,absent
12201,1332,37,present
12202,1332,38,present
12203,1333,33,present
12204,1333,34,present
12205,1333,35,present
12206,1333,36,present
12207,1333,37,present
12208,1333,38,present
12209,1334,33,present
12210,1334,34,present
12211,1334,35,present
12212,1334,36,present
12213,1334,37,present
12214,1334,38,absent
12215,1335,33,present
12216,1335,34,present
12217,1335,35,present
12218,1335,36,present
12219,1335,37,present
12220,1335,38,present
12221,1336,33,present
12222,1336,34,present
12223,1336,35,present
12224,1336,36,present
12225,1336,37,present
12226,1336,38,absent
12227,1337,33,present
12228,1337,34,present
12229,1337,35,present
12230,1337,36,present
12231,1337,37,present
12232,1337,38,present
12233,1338,33,present
12234,1338,34,present
12235,1338,35,present
12236,1338,36,present
12237,1338,37,present
12238,1338,38,absent
12239,1339,33,present
12240,1339,34,present
12241,1339,35,present
12242,1339,36,present
12243,1339,37,present
12244,1339,38,present
12245,1340,33,present
12246,1340,34,absent
12247,1340,35,present
12248,1340,36,present
12249,1340,37,present
12250,1340,38,late
12251,1341,33,present
12252,1341,34,present
12253,1341,35,present
12254,1341,36,present
12255,1341,37,present
12256,1341,38,absent
12257,1342,33,present
12258,1342,34,present
12259,1342,35,present
12260,1342,36,present
12261,1342,37,present
12262,1342,38,present
12263,1343,33,present
12264,1343,34,present
12265,1343,35,present
12266,1343,36,late
12267,1343,37,present
12268,1343,38,present
12269,1344,33,present
12270,1344,34,present
12271,1344,35,present
12272,1344,36,present
12273,1344,37,present
12274,1344,38,absent
12275,1345,33,present
12276,1345,34,present
12277,1345,35,present
12278,1345,36,present
12279,1345,37,present
12280,1345,38,present
12281,1346,33,present
12282,1346,34,present
12283,1346,35,present
12284,1346,36,present
12285,1346,37,present
12286,1346,38,present
12287,1347,33,present
12288,1347,34,present
12289,1347,35,absent
12290,1347,36,present
12291,1347,37,present
12292,1347,38,absent
12293,1348,33,present
12294,1348,34,present
12295,1348,35,present
12296,1348,36,present
12297,1348,37,present
12298,1348,38,present
12299,1349,33,present
12300,1349,34,present
12301,1349,35,present
12302,1349,36,present
12303,1349,37,present
12304,1349,38,present
12305,1350,33,present
12306,1350,34,absent
12307,1350,35,present
12308,1350,36,present
12309,1350,37,present
12310,1350,38,present
12311,1351,33,present
12312,1351,34,present
12313,1351,35,present
12314,1351,36,present
12315,1351,37,present
12316,1351,38,present
12317,1352,33,present
12318,1352,34,present
12319,1352,35,absent
12320,1352,36,present
12321,1352,37,present
12322,1352,38,present
12323,1353,33,present
12324,1353,34,present
12325,1353,35,present
12326,1353,36,present
12327,1353,37,present
12328,1353,38,present
12329,1354,33,present
12330,1354,34,present
12331,1354,35,present
12332,1354,36,present
12333,1354,37,present
12334,1354,38,present
12335,1355,33,present
12336,1355,34,present
12337,1355,35,present
12338,1355,36,excused
12339,1355,37,present
12340,1355,38,excused
12341,1356,33,present
12342,1356,34,present
12343,1356,35,present
12344,1356,36,present
12345,1356,37,present
12346,1356,38,present
12347,1357,33,present
12348,1357,34,present
12349,1357,35,present
12350,1357,36,present
12351,1357,37,present
12352,1357,38,present
12353,1358,33,absent
12354,1358,34,present
12355,1358,35,present
12356,1358,36,present
12357,1358,37,present
12358,1358,38,present
12359,1359,33,present
12360,1359,34,present
12361,1359,35,present
12362,1359,36,present
12363,1359,37,present
12364,1359,38,present
12365,1360,33,present
12366,1360,34,present
12367,1360,35,present
12368,1360,36,present
12369,1360,37,present
12370,1360,38,present
12371,1361,33,present
12372,1361,34,present
12373,1361,35,absent
12374,1361,36,late
12375,1361,37,present
12376,1361,38,absent
12377,1362,33,present
12378,1362,34,late
12379,1362,35,present
12380,1362,36,absent
12381,1362,37,present
12382,1362,38,present
12383,1363,33,present
12384,1363,34,present
12385,1363,35,present
12386,1363,36,present
12387,1363,37,present
12388,1363,38,present
12389,1364,33,present
12390,1364,34,present
12391,1364,35,present
12392,1364,36,present
12393,1364,37,present
12394,1364,38,present
12395,1365,33,present
12396,1365,34,present
12397,1365,35,present
12398,1365,36,absent
12399,1365,37,present
12400,1365,38,present
12401,1366,33,present
12402,1366,34,present
12403,1366,35,present
12404,1366,36,present
12405,1366,37,present
12406,1366,38,present
12407,1367,33,present
12408,1367,34,present
12409,1367,35,present
12410,1367,36,present
12411,1367,37,present
12412,1367,38,present
12413,1368,33,present
12414,1368,34,present
12415,1368,35,present
12416,1368,36,present
12417,1368,37,present
12418,1368,38,present
12419,1369,33,present
12420,1369,34,present
12421,1369,35,absent
12422,1369,36,present
12423,1369,37,present
12424,1369,38,present
12425,1370,33,present
12426,1370,34,present
12427,1370,35,present
12428,1370,36,present
12429,1370,37,present
12430,1370,38,absent
12431,1371,33,present
12432,1371,34,present
12433,1371,35,present
12434,1371,36,present
12435,1371,37,present
12436,1371,38,present
12437,1372,33,present
12438,1372,34,present
12439,1372,35,present
12440,1372,36,present
12441,1372,37,present
12442,1372,38,absent
12443,1373,33,present
12444,1373,34,present
12445,1373,35,present
12446,1373,36,present
12447,1373,37,present
12448,1373,38,present
12449,1374,33,present
12450,1374,34,present
12451,1374,35,late
12452,1374,36,present
12453,1374,37,present
12454,1374,38,absent
12455,1375,33,present
12456,1375,34,present
12457,1375,35,present
12458,1375,36,present
12459,1375,37,present
12460,1375,38,present
12461,1376,33,present
12462,1376,34,absent
12463,1376,35,present
12464,1376,36,present
12465,1376,37,present
12466,1376,38,present
12467,1377,33,present
12468,1377,34,absent
12469,1377,35,present
12470,1377,36,present
12471,1377,37,present
12472,1377,38,present
12473,1378,33,present
12474,1378,34,present
12475,1378,35,present
12476,1378,36,present
12477,1378,37,late
12478,1378,38,present
12479,1379,33,present
12480,1379,34,present
12481,1379,35,present
12482,1379,36,present
12483,1379,37,present
12484,1379,38,present
12485,1380,33,present
12486,1380,34,present
12487,1380,35,present
12488,1380,36,present
12489,1380,37,present
12490,1380,38,absent
12491,1381,33,present
12492,1381,34,present
12493,1381,35,present
12494,1381,36,present
12495,1381,37,present
12496,1381,38,present
12497,1382,33,present
12498,1382,34,present
12499,1382,35,absent
12500,1382,36,present
12501,1382,37,present
12502,1382,38,present
12503,1383,33,present
12504,1383,34,present
12505,1383,35,present
12506,1383,36,present
12507,1383,37,present
12508,1383,38,present
12509,1384,33,present
12510,1384,34,present
12511,1384,35,present
12512,1384,36,present
12513,1384,37,present
12514,1384,38,present
12515,1385,33,present
12516,1385,34,present
12517,1385,35,present
12518,1385,36,present
12519,1385,37,present
12520,1385,38,present
12521,1386,33,present
12522,1386,34,present
12523,1386,35,present
12524,1386,36,present
12525,1386,37,present
12526,1386,38,present
12527,1387,33,present
12528,1387,34,present
12529,1387,35,present
12530,1387,36,present
12531,1387,37,present
12532,1387,38,present
12533,1388,33,present
12534,1388,34,present
12535,1388,35,present
12536,1388,36,present
12537,1388,37,present
12538,1388,38,present
12539,1389,33,present
12540,1389,34,present
12541,1389,35,present
12542,1389,36,absent
12543,1389,37,present
12544,1389,38,present
12545,1390,33,present
12546,1390,34,present
12547,1390,35,absent
12548,1390,36,present
12549,1390,37,present
12550,1390,38,present
12551,1391,33,present
12552,1391,34,present
12553,1391,35,present
12554,1391,36,present
12555,1391,37,present
12556,1391,38,present
12557,1392,33,present
12558,1392,34,present
12559,1392,35,present
12560,1392,36,late
12561,1392,37,present
12562,1392,38,present
12563,1393,33,present
12564,1393,34,present
12565,1393,35,present
12566,1393,36,present
12567,1393,37,present
12568,1393,38,present
12569,1394,33,present
12570,1394,34,present
12571,1394,35,present
12572,1394,36,present
12573,1394,37,present
12574,1394,38,present
12575,1395,33,present
12576,1395,34,present
12577,1395,35,present
12578,1395,36,present
12579,1395,37,present
12580,1395,38,present
12581,1396,33,present
12582,1396,34,absent
12583,1396,35,present
12584,1396,36,present
12585,1396,37,present
12586,1396,38,present
12587,1397,33,present
12588,1397,34,present
12589,1397,35,present
12590,1397,36,present
12591,1397,37,absent
12592,1397,38,present
12593,1398,33,present
12594,1398,34,present
12595,1398,35,present
12596,1398,36,present
12597,1398,37,present
12598,1398,38,present
12599,1399,33,present
12600,1399,34,absent
12601,1399,35,present
12602,1399,36,present
12603,1399,37,present
12604,1399,38,present
12605,1400,33,present
12606,1400,34,present
12607,1400,35,present
12608,1400,36,present
12609,1400,37,present
12610,1400,38,present
12611,1401,33,present
12612,1401,34,absent
12613,1401,35,present
12614,1401,36,present
12615,1401,37,present
12616,1401,38,excused
12617,1402,33,present
12618,1402,34,present
12619,1402,35,present
12620,1402,36,present
12621,1402,37,present
12622,1402,38,present
12623,1403,33,present
12624,1403,34,absent
12625,1403,35,present
12626,1403,36,present
12627,1403,37,present
12628,1403,38,present
12629,1404,33,present
12630,1404,34,present
12631,1404,35,present
12632,1404,36,present
12633,1404,37,present
12634,1404,38,present
12635,1405,33,present
12636,1405,34,present
12637,1405,35,present
12638,1405,36,present
12639,1405,37,present
12640,1405,38,present
12641,1406,33,present
12642,1406,34,present
12643,1406,35,present
12644,1406,36,present
12645,1406,37,present
12646,1406,38,present
12647,1407,33,present
12648,1407,34,present
12649,1407,35,present
12650,1407,36,present
12651,1407,37,present
12652,1407,38,present
12653,1408,33,present
12654,1408,34,present
12655,1408,35,present
12656,1408,36,excused
12657,1408,37,present
12658,1408,38,present
12659,1409,33,present
12660,1409,34,present
12661,1409,35,present
12662,1409,36,absent
12663,1409,37,present
12664,1409,38,present
12665,1410,33,present
12666,1410,34,present
12667,1410,35,present
12668,1410,36,present
12669,1410,37,present
12670,1410,38,present
12671,1411,33,present
12672,1411,34,present
12673,1411,35,present
12674,1411,36,present
12675,1411,37,present
12676,1411,38,present
12677,1412,33,present
12678,1412,34,present
12679,1412,35,present
12680,1412,36,absent
12681,1412,37,late
12682,1412,38,present
12683,1413,33,present
12684,1413,34,present
12685,1413,35,present
12686,1413,36,present
12687,1413,37,present
12688,1413,38,late
12689,1414,33,present
12690,1414,34,present
12691,1414,35,present
12692,1414,36,present
12693,1414,37,present
12694,1414,38,present
12695,1415,33,present
12696,1415,34,present
12697,1415,35,present
12698,1415,36,present
12699,1415,37,present
12700,1415,38,absent
12701,1416,33,present
12702,1416,34,present
12703,1416,35,present
12704,1416,36,present
12705,1416,37,present
12706,1416,38,present
12707,1417,33,present
12708,1417,34,present
12709,1417,35,absent
12710,1417,36,present
12711,1417,37,excused
12712,1417,38,present
12713,1418,33,present
12714,1418,34,present
12715,1418,35,present
12716,1418,36,present
12717,1418,37,present
12718,1418,38,present
12719,1419,33,present
12720,1419,34,present
12721,1419,35,present
12722,1419,36,present
12723,1419,37,present
12724,1419,38,present
12725,1420,33,present
12726,1420,34,present
12727,1420,35,absent
12728,1420,36,present
12729,1420,37,present
12730,1420,38,present
12731,1421,33,present
12732,1421,34,present
12733,1421,35,present
12734,1421,36,present
12735,1421,37,present
12736,1421,38,present
12737,1422,33,present
12738,1422,34,present
12739,1422,35,present
12740,1422,36,present
12741,1422,37,present
12742,1422,38,present
12743,1423,33,present
12744,1423,34,present
12745,1423,35,present
12746,1423,36,present
12747,1423,37,present
12748,1423,38,present
12749,1424,33,late
12750,1424,34,present
12751,1424,35,absent
12752,1424,36,present
12753,1424,37,present
12754,1424,38,present
12755,1425,33,present
12756,1425,34,present
12757,1425,35,present
12758,1425,36,present
12759,1425,37,present
12760,1425,38,present
12761,1426,33,present
12762,1426,34,present
12763,1426,35,present
12764,1426,36,present
12765,1426,37,present
12766,1426,38,absent
12767,1427,33,present
12768,1427,34,present
12769,1427,35,present
12770,1427,36,absent
12771,1427,37,present
12772,1427,38,present
12773,1428,33,present
12774,1428,34,present
12775,1428,35,present
12776,1428,36,present
12777,1428,37,present
12778,1428,38,present
12779,1429,33,present
12780,1429,34,present
12781,1429,35,absent
12782,1429,36,present
12783,1429,37,late
12784,1429,38,present
12785,1430,33,present
12786,1430,34,present
12787,1430,35,present
12788,1430,36,present
12789,1430,37,present
12790,1430,38,present
12791,1431,33,present
12792,1431,34,absent
12793,1431,35,present
12794,1431,36,present
12795,1431,37,present
12796,1431,38,present
12797,1432,33,present
12798,1432,34,present
12799,1432,35,present
12800,1432,36,present
12801,1432,37,present
12802,1432,38,present
12803,1433,33,absent
12804,1433,34,present
12805,1433,35,present
12806,1433,36,present
12807,1433,37,present
12808,1433,38,present
12809,1434,33,present
12810,1434,34,present
12811,1434,35,present
12812,1434,36,present
12813,1434,37,present
12814,1434,38,present
12815,1435,33,present
12816,1435,34,present
12817,1435,35,present
12818,1435,36,present
12819,1435,37,present
12820,1435,38,present
12821,1436,33,present
12822,1436,34,present
12823,1436,35,present
12824,1436,36,present
12825,1436,37,excused
12826,1436,38,absent
12827,1437,33,absent
12828,1437,34,absent
12829,1437,35,present
12830,1438,33,present
12831,1438,34,present
12832,1438,35,present
12833,1439,33,present
12834,1439,34,present
12835,1439,35,present
12836,1440,33,absent
12837,1440,34,present
12838,1440,35,present
12839,1441,33,present
12840,1441,34,present
12841,1441,35,present
12842,1442,33,present
12843,1442,34,present
12844,1442,35,present
12845,1443,33,late
12846,1443,34,present
12847,1443,35,present
12848,1444,33,present
12849,1444,34,present
12850,1444,35,present
12851,1445,33,present
12852,1445,34,present
12853,1445,35,present
12854,1446,33,present
12855,1446,34,present
12856,1446,35,present
12857,1447,33,present
12858,1447,34,absent
12859,1447,35,present
12860,1448,36,present
12861,1448,37,present
12862,1448,38,present
12863,1449,36,present
12864,1449,37,absent
12865,1449,38,absent
12866,1450,36,present
12867,1450,37,present
12868,1450,38,present
12869,1451,36,present
12870,1451,37,present
12871,1451,38,present
12872,1452,36,present
12873,1452,37,present
12874,1452,38,present
12875,1453,36,present
12876,1453,37,present
12877,1453,38,present
12878,1454,36,absent
12879,1454,37,present
12880,1454,38,present
12881,1455,36,absent
12882,1455,37,present
12883,1455,38,present
12884,1456,36,present
12885,1456,37,present
12886,1456,38,present
12887,1457,36,present
12888,1457,37,present
12889,1457,38,present
12890,1458,33,present
12891,1458,34,present
12892,1458,35,present
12893,1458,36,present
12894,1458,37,present
12895,1458,38,present
12896,1459,33,present
12897,1459,34,present
12898,1459,35,present
12899,1459,36,absent
12900,1459,37,present
12901,1459,38,present
12902,1460,33,present
12903,1460,34,present
12904,1460,35,absent
12905,1460,36,present
12906,1460,37,present
12907,1460,38,present
12908,1461,33,present
12909,1461,34,present
12910,1461,35,present
12911,1461,36,present
12912,1461,37,present
12913,1461,38,absent
12914,1462,33,present
12915,1462,34,present
12916,1462,35,present
12917,1462,36,present
12918,1462,37,present
12919,1462,38,present
12920,1463,33,present
12921,1463,34,present
12922,1463,35,present
12923,1463,36,present
12924,1463,37,present
12925,1463,38,present
12926,1464,33,present
12927,1464,34,present
12928,1464,35,present
12929,1464,36,absent
12930,1464,37,present
12931,1464,38,present
12932,1465,33,present
12933,1465,34,present
12934,1465,35,present
12935,1465,36,present
12936,1465,37,present
12937,1465,38,present
12938,1466,33,present
12939,1466,34,present
12940,1466,35,present
12941,1466,36,present
12942,1466,37,present
12943,1466,38,present
12944,1467,33,present
12945,1467,34,present
12946,1467,35,present
12947,1467,36,present
12948,1467,37,present
12949,1467,38,present
12950,1468,33,present
12951,1468,34,present
12952,1468,35,present
12953,1468,36,present
12954,1468,37,late
12955,1468,38,present
12956,1469,33,present
12957,1469,34,present
12958,1469,35,present
12959,1469,36,absent
12960,1469,37,present
12961,1469,38,present
12962,1470,33,present
12963,1470,34,present
12964,1470,35,present
12965,1470,36,present
12966,1470,37,present
12967,1470,38,present
12968,1471,33,present
12969,1471,34,present
12970,1471,35,present
12971,1471,36,present
12972,1471,37,present
12973,1471,38,present
12974,1472,33,present
12975,1472,34,present
12976,1472,35,present
12977,1472,36,absent
12978,1472,37,present
12979,1472,38,present
12980,1473,33,present
12981,1473,34,present
12982,1473,35,present
12983,1473,36,present
12984,1473,37,present
12985,1473,38,present
12986,1474,33,present
12987,1474,34,present
12988,1474,35,present
12989,1474,36,absent
12990,1474,37,present
12991,1474,38,absent
12992,1475,33,present
12993,1475,34,present
12994,1475,35,late
12995,1475,36,present
12996,1475,37,present
12997,1475,38,late
12998,1476,33,present
12999,1476,34,absent
13000,1476,35,present
13001,1476,36,present
13002,1476,37,present
13003,1476,38,present
13004,1477,33,present
13005,1477,34,present
13006,1477,35,present
13007,1477,36,present
13008,1477,37,present
13009,1477,38,present
13010,1478,33,present
13011,1478,34,present
13012,1478,35,present
13013,1478,36,present
13014,1478,37,present
13015,1478,38,present
13016,1479,33,present
13017,1479,34,present
13018,1479,35,present
13019,1479,36,present
13020,1479,37,present
13021,1479,38,present
13022,1480,33,present
13023,1480,34,present
13024,1480,35,present
13025,1480,36,present
13026,1480,37,present
13027,1480,38,present
13028,1481,33,present
13029,1481,34,present
13030,1481,35,present
13031,1481,36,late
13032,1481,37,present
13033,1481,38,present
13034,1482,33,present
13035,1482,34,present
13036,1482,35,present
13037,1482,36,present
13038,1482,37,absent
13039,1482,38,present
13040,1483,33,present
13041,1483,34,present
13042,1483,35,present
13043,1483,36,present
13044,1483,37,present
13045,1483,38,present
13046,1484,33,present
13047,1484,34,late
13048,1484,35,present
13049,1484,36,present
13050,1484,37,present
13051,1484,38,present
13052,1485,33,present
13053,1485,34,present
13054,1485,35,present
13055,1485,36,present
13056,1485,37,present
13057,1485,38,late
13058,1486,33,present
13059,1486,34,absent
13060,1486,35,present
13061,1486,36,present
13062,1486,37,present
13063,1486,38,present
13064,1487,33,present
13065,1487,34,present
13066,1487,35,present
13067,1487,36,present
13068,1487,37,present
13069,1487,38,absent
13070,1488,33,present
13071,1488,34,present
13072,1488,35,present
13073,1489,33,present
13074,1489,34,present
13075,1489,35,present
13076,1490,33,present
13077,1490,34,present
13078,1490,35,present
13079,1491,33,present
13080,1491,34,present
13081,1491,35,present
13082,1492,33,present
13083,1492,34,present
13084,1492,35,present
13085,1493,33,present
13086,1493,34,present
13087,1493,35,present
13088,1494,33,present
13089,1494,34,present
13090,1494,35,present
13091,1495,33,present
13092,1495,34,present
13093,1495,35,present
13094,1496,33,present
13095,1496,34,present
13096,1496,35,present
13097,1497,33,present
13098,1497,34,present
13099,1497,35,present
13100,1498,36,present
13101,1498,37,present
13102,1498,38,present
13103,1499,36,present
13104,1499,37,present
13105,1499,38,present
13106,1500,36,present
13107,1500,37,present
13108,1500,38,present
13109,1501,36,present
13110,1501,37,present
13111,1501,38,present
13112,1502,36,present
13113,1502,37,present
13114,1502,38,present
13115,1503,36,present
13116,1503,37,excused
13117,1503,38,present
13118,1504,36,present
13119,1504,37,present
13120,1504,38,present
13121,1505,36,present
13122,1505,37,present
13123,1505,38,present
13124,1506,36,present
13125,1506,37,present
13126,1506,38,present
13127,1507,36,present
13128,1507,37,present
13129,1507,38,present
13130,1508,36,present
13131,1508,37,present
13132,1508,38,present
13133,1509,33,present
13134,1509,34,present
13135,1509,35,present
13136,1510,33,present
13137,1510,34,present
13138,1510,35,present
13139,1511,33,present
13140,1511,34,present
13141,1511,35,present
13142,1512,33,present
13143,1512,34,present
13144,1512,35,present
13145,1513,33,present
13146,1513,34,present
13147,1513,35,present
13148,1514,33,present
13149,1514,34,absent
13150,1514,35,present
13151,1515,33,present
13152,1515,34,present
13153,1515,35,present
13154,1516,33,present
13155,1516,34,present
13156,1516,35,present
13157,1517,33,present
13158,1517,34,present
13159,1517,35,present
13160,1518,33,present
13161,1518,34,excused
13162,1518,35,absent
13163,1519,36,absent
13164,1519,37,present
13165,1519,38,present
13166,1520,36,late
13167,1520,37,present
13168,1520,38,present
13169,1521,36,present
13170,1521,37,present
13171,1521,38,present
13172,1522,36,absent
13173,1522,37,present
13174,1522,38,present
13175,1523,36,present
13176,1523,37,present
13177,1523,38,absent
13178,1524,36,absent
13179,1524,37,present
13180,1524,38,absent
13181,1525,36,present
13182,1525,37,present
13183,1525,38,present
13184,1526,36,present
13185,1526,37,present
13186,1526,38,present
13187,1527,36,present
13188,1527,37,absent
13189,1527,38,present
13190,1528,36,present
13191,1528,37,present
13192,1528,38,present
13193,1529,36,present
13194,1529,37,present
13195,1529,38,present
13196,1530,83,absent
13197,1530,84,present
13198,1530,85,present
13199,1530,86,present
13200,1530,87,present
13201,1530,88,present
13202,1531,83,present
13203,1531,84,present
13204,1531,85,present
13205,1531,86,present
13206,1531,87,present
13207,1531,88,present
13208,1532,83,present
13209,1532,84,present
13210,1532,85,present
13211,1532,86,present
13212,1532,87,present
13213,1532,88,present
13214,1533,83,absent
13215,1533,84,present
13216,1533,85,present
13217,1533,86,present
13218,1533,87,present
13219,1533,88,present
13220,1534,83,present
13221,1534,84,present
13222,1534,85,present
13223,1534,86,present
13224,1534,87,present
13225,1534,88,present
13226,1535,83,present
13227,1535,84,present
13228,1535,85,present
13229,1535,86,present
13230,1535,87,present
13231,1535,88,present
13232,1536,83,present
13233,1536,84,present
13234,1536,85,present
13235,1536,86,present
13236,1536,87,present
13237,1536,88,present
13238,1537,83,present
13239,1537,84,present
13240,1537,85,present
13241,1537,86,absent
13242,1537,87,present
13243,1537,88,present
13244,1538,83,present
13245,1538,84,present
13246,1538,85,present
13247,1538,86,present
13248,1538,87,present
13249,1538,88,absent
13250,1539,83,present
13251,1539,84,present
13252,1539,85,present
13253,1539,86,present
13254,1539,87,present
13255,1539,88,present
13256,1540,83,present
13257,1540,84,present
13258,1540,85,present
13259,1540,86,present
13260,1540,87,present
13261,1540,88,present
13262,1541,83,present
13263,1541,84,present
13264,1541,85,excused
13265,1541,86,present
13266,1541,87,present
13267,1541,88,absent
13268,1542,83,present
13269,1542,84,present
13270,1542,85,present
13271,1542,86,present
13272,1542,87,present
13273,1542,88,present
13274,1543,83,present
13275,1543,84,present
13276,1543,85,present
13277,1543,86,present
13278,1543,87,present
13279,1543,88,present
13280,1544,83,present
13281,1544,84,absent
13282,1544,85,present
13283,1544,86,absent
13284,1544,87,present
13285,1544,88,present
13286,1545,83,present
13287,1545,84,present
13288,1545,85,present
13289,1545,86,absent
13290,1545,87,present
13291,1545,88,excused
13292,1546,83,present
13293,1546,84,present
13294,1546,85,present
13295,1546,86,present
13296,1546,87,present
13297,1546,88,present
13298,1547,83,present
13299,1547,84,present
13300,1547,85,present
13301,1547,86,present
13302,1547,87,present
13303,1547,88,present
13304,1548,83,present
13305,1548,84,present
13306,1548,85,present
13307,1548,86,present
13308,1548,87,present
13309,1548,88,present
13310,1549,83,present
13311,1549,84,present
13312,1549,85,present
13313,1549,86,absent
13314,1549,87,present
13315,1549,88,present
13316,1550,83,present
13317,1550,84,present
13318,1550,85,present
13319,1550,86,present
13320,1550,87,present
13321,1550,88,present
13322,1551,83,present
13323,1551,84,present
13324,1551,85,present
13325,1551,86,present
13326,1551,87,present
13327,1551,88,absent
13328,1552,83,present
13329,1552,84,present
13330,1552,85,absent
13331,1552,86,present
13332,1552,87,present
13333,1552,88,present
13334,1553,83,present
13335,1553,84,present
13336,1553,85,present
13337,1553,86,absent
13338,1553,87,present
13339,1553,88,absent
13340,1554,83,present
13341,1554,84,present
13342,1554,85,present
13343,1554,86,present
13344,1554,87,present
13345,1554,88,present
13346,1555,83,present
13347,1555,84,present
13348,1555,85,present
13349,1555,86,present
13350,1555,87,present
13351,1555,88,present
13352,1556,83,present
13353,1556,84,present
13354,1556,85,present
13355,1556,86,present
13356,1556,87,present
13357,1556,88,present
13358,1557,83,present
13359,1557,84,present
13360,1557,85,present
13361,1557,86,present
13362,1557,87,present
13363,1557,88,present
13364,1558,83,present
13365,1558,84,present
13366,1558,85,present
13367,1558,86,absent
13368,1558,87,present
13369,1558,88,present
13370,1559,83,present
13371,1559,84,present
13372,1559,85,present
13373,1559,86,present
13374,1559,87,present
13375,1559,88,present
13376,1560,83,present
13377,1560,84,present
13378,1560,85,present
13379,1560,86,present
13380,1560,87,present
13381,1560,88,present
13382,1561,83,present
13383,1561,84,present
13384,1561,85,present
13385,1561,86,present
13386,1561,87,present
13387,1561,88,present
13388,1562,83,present
13389,1562,84,present
13390,1562,85,present
13391,1562,86,present
13392,1562,87,present
13393,1562,88,absent
13394,1563,83,present
13395,1563,84,present
13396,1563,85,present
13397,1563,86,present
13398,1563,87,present
13399,1563,88,present
13400,1564,83,present
13401,1564,84,present
13402,1564,85,present
13403,1564,86,absent
13404,1564,87,present
13405,1564,88,present
13406,1565,83,present
13407,1565,84,absent
13408,1565,85,present
13409,1565,86,present
13410,1565,87,present
13411,1565,88,present
13412,1566,83,present
13413,1566,84,present
13414,1566,85,present
13415,1566,86,excused
13416,1566,87,present
13417,1566,88,absent
13418,1567,83,present
13419,1567,84,present
13420,1567,85,present
13421,1567,86,present
13422,1567,87,present
13423,1567,88,present
13424,1568,83,present
13425,1568,84,present
13426,1568,85,present
13427,1568,86,absent
13428,1568,87,present
13429,1568,88,present
13430,1569,83,present
13431,1569,84,present
13432,1569,85,present
13433,1569,86,present
13434,1569,87,present
13435,1569,88,present
13436,1570,83,present
13437,1570,84,present
13438,1570,85,present
13439,1570,86,present
13440,1570,87,present
13441,1570,88,present
13442,1571,83,present
13443,1571,84,present
13444,1571,85,present
13445,1571,86,present
13446,1571,87,present
13447,1571,88,present
13448,1572,83,present
13449,1572,84,present
13450,1572,85,present
13451,1572,86,present
13452,1572,87,present
13453,1572,88,present
13454,1573,83,present
13455,1573,84,present
13456,1573,85,present
13457,1573,86,present
13458,1573,87,absent
13459,1573,88,present
13460,1574,83,present
13461,1574,84,present
13462,1574,85,present
13463,1574,86,late
13464,1574,87,present
13465,1574,88,present
13466,1575,83,present
13467,1575,84,present
13468,1575,85,present
13469,1575,86,absent
13470,1575,87,present
13471,1575,88,late
13472,1576,83,present
13473,1576,84,present
13474,1576,85,present
13475,1576,86,present
13476,1576,87,present
13477,1576,88,present
13478,1577,83,present
13479,1577,84,present
13480,1577,85,present
13481,1577,86,present
13482,1577,87,present
13483,1577,88,present
13484,1578,83,present
13485,1578,84,present
13486,1578,85,present
13487,1578,86,present
13488,1578,87,present
13489,1578,88,present
13490,1579,83,present
13491,1579,84,present
13492,1579,85,present
13493,1579,86,present
13494,1579,87,present
13495,1579,88,absent
13496,1580,83,excused
13497,1580,84,present
13498,1580,85,present
13499,1580,86,present
13500,1580,87,present
13501,1580,88,present
13502,1581,83,present
13503,1581,84,present
13504,1581,85,present
13505,1581,86,present
13506,1581,87,present
13507,1581,88,absent
13508,1582,83,present
13509,1582,84,present
13510,1582,85,present
13511,1582,86,absent
13512,1582,87,present
13513,1582,88,absent
13514,1583,83,present
13515,1583,84,late
13516,1583,85,present
13517,1583,86,present
13518,1583,87,present
13519,1583,88,present
13520,1584,83,present
13521,1584,84,present
13522,1584,85,present
13523,1584,86,present
13524,1584,87,present
13525,1584,88,present
13526,1585,83,present
13527,1585,84,present
13528,1585,85,present
13529,1585,86,late
13530,1585,87,present
13531,1585,88,present
13532,1586,83,present
13533,1586,84,present
13534,1586,85,present
13535,1586,86,present
13536,1586,87,present
13537,1586,88,present
13538,1587,83,present
13539,1587,84,present
13540,1587,85,present
13541,1587,86,present
13542,1587,87,present
13543,1587,88,present
13544,1588,83,present
13545,1588,84,present
13546,1588,85,present
13547,1588,86,present
13548,1588,87,present
13549,1588,88,present
13550,1589,83,present
13551,1589,84,present
13552,1589,85,present
13553,1589,86,present
13554,1589,87,present
13555,1589,88,present
13556,1590,83,present
13557,1590,84,present
13558,1590,85,present
13559,1590,86,present
13560,1590,87,present
13561,1590,88,absent
13562,1591,83,present
13563,1591,84,present
13564,1591,85,present
13565,1591,86,present
13566,1591,87,present
13567,1591,88,absent
13568,1592,83,present
13569,1592,84,present
13570,1592,85,present
13571,1593,83,present
13572,1593,84,present
13573,1593,85,present
13574,1594,83,present
13575,1594,84,present
13576,1594,85,present
13577,1595,83,present
13578,1595,84,present
13579,1595,85,absent
13580,1596,83,present
13581,1596,84,present
13582,1596,85,absent
13583,1597,83,late
13584,1597,84,present
13585,1597,85,present
13586,1598,83,present
13587,1598,84,present
13588,1598,85,present
13589,1599,83,absent
13590,1599,84,present
13591,1599,85,present
13592,1600,83,present
13593,1600,84,present
13594,1600,85,present
13595,1601,83,present
13596,1601,84,absent
13597,1601,85,present
13598,1602,86,present
13599,1602,87,present
13600,1602,88,present
13601,1603,86,present
13602,1603,87,present
13603,1603,88,present
13604,1604,86,present
13605,1604,87,present
13606,1604,88,present
13607,1605,86,present
13608,1605,87,present
13609,1605,88,present
13610,1606,86,present
13611,1606,87,present
13612,1606,88,present
13613,1607,86,present
13614,1607,87,present
13615,1607,88,absent
13616,1608,86,present
13617,1608,87,present
13618,1608,88,present
13619,1609,86,absent
13620,1609,87,present
13621,1609,88,present
13622,1610,86,present
13623,1610,87,present
13624,1610,88,present
13625,1611,86,present
13626,1611,87,present
13627,1611,88,present
13628,1612,86,present
13629,1612,87,absent
13630,1612,88,late
13631,1613,83,present
13632,1613,84,present
13633,1613,85,present
13634,1613,86,present
13635,1613,87,present
13636,1613,88,absent
13637,1614,83,present
13638,1614,84,present
13639,1614,85,present
13640,1614,86,present
13641,1614,87,present
13642,1614,88,present
13643,1615,83,present
13644,1615,84,present
13645,1615,85,present
13646,1615,86,present
13647,1615,87,present
13648,1615,88,present
13649,1616,83,present
13650,1616,84,present
13651,1616,85,present
13652,1616,86,present
13653,1616,87,present
13654,1616,88,present
13655,1617,83,present
13656,1617,84,present
13657,1617,85,late
13658,1617,86,absent
13659,1617,87,present
13660,1617,88,late
13661,1618,83,present
13662,1618,84,absent
13663,1618,85,present
13664,1618,86,present
13665,1618,87,present
13666,1618,88,present
13667,1619,83,late
13668,1619,84,present
13669,1619,85,present
13670,1619,86,present
13671,1619,87,present
13672,1619,88,absent
13673,1620,83,present
13674,1620,84,present
13675,1620,85,present
13676,1620,86,absent
13677,1620,87,present
13678,1620,88,present
13679,1621,83,present
13680,1621,84,present
13681,1621,85,present
13682,1621,86,present
13683,1621,87,present
13684,1621,88,present
13685,1622,83,present
13686,1622,84,present
13687,1622,85,present
13688,1622,86,present
13689,1622,87,present
13690,1622,88,present
13691,1623,83,present
13692,1623,84,present
13693,1623,85,present
13694,1623,86,present
13695,1623,87,present
13696,1623,88,present
13697,1624,83,present
13698,1624,84,present
13699,1624,85,present
13700,1624,86,present
13701,1624,87,present
13702,1624,88,absent
13703,1625,83,absent
13704,1625,84,present
13705,1625,85,present
13706,1625,86,present
13707,1625,87,present
13708,1625,88,absent
13709,1626,83,present
13710,1626,84,present
13711,1626,85,present
13712,1626,86,present
13713,1626,87,present
13714,1626,88,present
13715,1627,83,present
13716,1627,84,present
13717,1627,85,present
13718,1627,86,present
13719,1627,87,present
13720,1627,88,present
13721,1628,83,late
13722,1628,84,present
13723,1628,85,present
13724,1628,86,present
13725,1628,87,present
13726,1628,88,present
13727,1629,83,present
13728,1629,84,present
13729,1629,85,present
13730,1629,86,present
13731,1629,87,present
13732,1629,88,present
13733,1630,83,present
13734,1630,84,late
13735,1630,85,present
13736,1630,86,present
13737,1630,87,present
13738,1630,88,absent
13739,1631,83,present
13740,1631,84,present
13741,1631,85,present
13742,1631,86,absent
13743,1631,87,present
13744,1631,88,present
13745,1632,83,present
13746,1632,84,absent
13747,1632,85,present
13748,1632,86,present
13749,1632,87,present
13750,1632,88,present
13751,1633,83,present
13752,1633,84,absent
13753,1633,85,present
13754,1633,86,present
13755,1633,87,absent
13756,1633,88,present
13757,1634,83,absent
13758,1634,84,present
13759,1634,85,present
13760,1634,86,present
13761,1634,87,present
13762,1634,88,present
13763,1635,83,present
13764,1635,84,absent
13765,1635,85,present
13766,1635,86,absent
13767,1635,87,present
13768,1635,88,present
13769,1636,83,present
13770,1636,84,present
13771,1636,85,present
13772,1636,86,present
13773,1636,87,present
13774,1636,88,present
13775,1637,83,absent
13776,1637,84,present
13777,1637,85,present
13778,1637,86,absent
13779,1637,87,present
13780,1637,88,present
13781,1638,83,present
13782,1638,84,present
13783,1638,85,present
13784,1638,86,present
13785,1638,87,present
13786,1638,88,present
13787,1639,83,present
13788,1639,84,present
13789,1639,85,present
13790,1639,86,present
13791,1639,87,present
13792,1639,88,present
13793,1640,83,present
13794,1640,84,present
13795,1640,85,present
13796,1640,86,present
13797,1640,87,present
13798,1640,88,present
13799,1641,83,absent
13800,1641,84,present
13801,1641,85,present
13802,1641,86,present
13803,1641,87,present
13804,1641,88,present
13805,1642,83,present
13806,1642,84,present
13807,1642,85,present
13808,1642,86,present
13809,1642,87,present
13810,1642,88,present
13811,1643,83,present
13812,1643,84,present
13813,1643,85,present
13814,1643,86,present
13815,1643,87,present
13816,1643,88,present
13817,1644,83,present
13818,1644,84,present
13819,1644,85,absent
13820,1644,86,present
13821,1644,87,present
13822,1644,88,absent
13823,1645,83,present
13824,1645,84,present
13825,1645,85,present
13826,1645,86,present
13827,1645,87,present
13828,1645,88,present
13829,1646,83,present
13830,1646,84,present
13831,1646,85,late
13832,1646,86,present
13833,1646,87,absent
13834,1646,88,present
13835,1647,83,present
13836,1647,84,present
13837,1647,85,present
13838,1647,86,present
13839,1647,87,present
13840,1647,88,absent
13841,1648,83,present
13842,1648,84,present
13843,1648,85,present
13844,1648,86,present
13845,1648,87,present
13846,1648,88,present
13847,1649,83,absent
13848,1649,84,present
13849,1649,85,present
13850,1649,86,present
13851,1649,87,present
13852,1649,88,present
13853,1650,83,absent
13854,1650,84,present
13855,1650,85,present
13856,1650,86,present
13857,1650,87,present
13858,1650,88,present
13859,1651,83,present
13860,1651,84,present
13861,1651,85,present
13862,1651,86,present
13863,1651,87,present
13864,1651,88,present
13865,1652,83,present
13866,1652,84,present
13867,1652,85,present
13868,1652,86,late
13869,1652,87,late
13870,1652,88,present
13871,1653,83,present
13872,1653,84,present
13873,1653,85,present
13874,1653,86,present
13875,1653,87,present
13876,1653,88,present
13877,1654,83,present
13878,1654,84,present
13879,1654,85,absent
13880,1654,86,present
13881,1654,87,present
13882,1654,88,present
13883,1655,83,present
13884,1655,84,present
13885,1655,85,present
13886,1655,86,present
13887,1655,87,present
13888,1655,88,present
13889,1656,83,present
13890,1656,84,present
13891,1656,85,present
13892,1656,86,present
13893,1656,87,present
13894,1656,88,present
13895,1657,83,present
13896,1657,84,present
13897,1657,85,present
13898,1657,86,present
13899,1657,87,present
13900,1657,88,present
13901,1658,83,present
13902,1658,84,present
13903,1658,85,present
13904,1658,86,absent
13905,1658,87,present
13906,1658,88,present
13907,1659,83,present
13908,1659,84,absent
13909,1659,85,present
13910,1659,86,present
13911,1659,87,present
13912,1659,88,present
13913,1660,83,present
13914,1660,84,present
13915,1660,85,present
13916,1660,86,present
13917,1660,87,present
13918,1660,88,present
13919,1661,83,present
13920,1661,84,present
13921,1661,85,present
13922,1661,86,present
13923,1661,87,present
13924,1661,88,present
13925,1662,83,present
13926,1662,84,present
13927,1662,85,present
13928,1662,86,late
13929,1662,87,present
13930,1662,88,absent
13931,1663,83,present
13932,1663,84,present
13933,1663,85,present
13934,1663,86,present
13935,1663,87,present
13936,1663,88,present
13937,1664,83,present
13938,1664,84,present
13939,1664,85,present
13940,1664,86,present
13941,1664,87,present
13942,1664,88,present
13943,1665,83,present
13944,1665,84,present
13945,1665,85,present
13946,1665,86,present
13947,1665,87,present
13948,1665,88,present
13949,1666,83,present
13950,1666,84,excused
13951,1666,85,present
13952,1667,83,present
13953,1667,84,present
13954,1667,85,present
13955,1668,83,present
13956,1668,84,present
13957,1668,85,present
13958,1669,83,absent
13959,1669,84,present
13960,1669,85,present
13961,1670,83,present
13962,1670,84,absent
13963,1670,85,present
13964,1671,83,present
13965,1671,84,present
13966,1671,85,present
13967,1672,83,present
13968,1672,84,present
13969,1672,85,present
13970,1673,83,present
13971,1673,84,present
13972,1673,85,present
13973,1674,83,present
13974,1674,84,present
13975,1674,85,present
13976,1675,83,present
13977,1675,84,present
13978,1675,85,present
13979,1676,83,present
13980,1676,84,present
13981,1676,85,present
13982,1677,86,absent
13983,1677,87,present
13984,1677,88,present
13985,1678,86,absent
13986,1678,87,excused
13987,1678,88,present
13988,1679,86,present
13989,1679,87,present
13990,1679,88,present
13991,1680,86,present
13992,1680,87,present
13993,1680,88,present
13994,1681,86,present
13995,1681,87,present
13996,1681,88,present
13997,1682,86,present
13998,1682,87,present
13999,1682,88,present
14000,1683,86,present
14001,1683,87,present
14002,1683,88,present
14003,1684,86,absent
14004,1684,87,present
14005,1684,88,present
14006,1685,86,present
14007,1685,87,present
14008,1685,88,present
14009,1686,86,absent
14010,1686,87,present
14011,1686,88,late
14012,1687,83,present
14013,1687,84,present
14014,1687,85,absent
14015,1688,83,present
14016,1688,84,present
14017,1688,85,present
14018,1689,83,present
14019,1689,84,present
14020,1689,85,present
14021,1690,83,present
14022,1690,84,absent
14023,1690,85,present
14024,1691,83,present
14025,1691,84,present
14026,1691,85,absent
14027,1692,83,present
14028,1692,84,present
14029,1692,85,present
14030,1693,83,present
14031,1693,84,present
14032,1693,85,present
14033,1694,83,present
14034,1694,84,present
14035,1694,85,present
14036,1695,83,present
14037,1695,84,absent
14038,1695,85,present
14039,1696,83,present
14040,1696,84,present
14041,1696,85,present
14042,1697,83,present
14043,1697,84,present
14044,1697,85,present
14045,1698,86,late
14046,1698,87,present
14047,1698,88,present
14048,1699,86,absent
14049,1699,87,present
14050,1699,88,present
14051,1700,86,present
14052,1700,87,present
14053,1700,88,present
14054,1701,86,present
14055,1701,87,present
14056,1701,88,present
14057,1702,86,present
14058,1702,87,present
14059,1702,88,present
14060,1703,86,present
14061,1703,87,present
14062,1703,88,absent
14063,1704,86,present
14064,1704,87,present
14065,1704,88,present
14066,1705,86,absent
14067,1705,87,present
14068,1705,88,absent
14069,1706,86,present
14070,1706,87,present
14071,1706,88,present
14072,1707,86,present
14073,1707,87,present
14074,1707,88,absent
14075,1708,83,present
14076,1708,84,present
14077,1708,85,late
14078,1709,83,present
14079,1709,84,present
14080,1709,85,present
14081,1710,83,present
14082,1710,84,present
14083,1710,85,present
14084,1711,83,present
14085,1711,84,present
14086,1711,85,present
14087,1712,83,absent
14088,1712,84,absent
14089,1712,85,present
14090,1713,83,present
14091,1713,84,present
14092,1713,85,present
14093,1714,83,present
14094,1714,84,present
14095,1714,85,absent
14096,1715,83,present
14097,1715,84,present
14098,1715,85,present
14099,1716,83,present
14100,1716,84,present
14101,1716,85,present
14102,1717,83,present
14103,1717,84,present
14104,1717,85,present
14105,1718,83,present
14106,1718,84,present
14107,1718,85,present
14108,1719,86,present
14109,1719,87,present
14110,1719,88,present
14111,1720,86,present
14112,1720,87,present
14113,1720,88,present
14114,1721,86,late
14115,1721,87,present
14116,1721,88,present
14117,1722,86,present
14118,1722,87,present
14119,1722,88,present
14120,1723,86,present
14121,1723,87,present
14122,1723,88,present
14123,1724,86,absent
14124,1724,87,present
14125,1724,88,present
14126,1725,86,late
14127,1725,87,present
14128,1725,88,present
14129,1726,86,present
14130,1726,87,absent
14131,1726,88,present
14132,1727,86,present
14133,1727,87,present
14134,1727,88,present
14135,1728,86,present
14136,1728,87,present
14137,1728,88,present
14138,1729,83,present
14139,1729,84,present
14140,1729,85,present
14141,1729,86,present
14142,1729,87,present
14143,1729,88,absent
14144,1730,83,present
14145,1730,84,present
14146,1730,85,present
14147,1730,86,present
14148,1730,87,absent
14149,1730,88,present
14150,1731,83,present
14151,1731,84,present
14152,1731,85,present
14153,1731,86,late
14154,1731,87,absent
14155,1731,88,present
14156,1732,83,present
14157,1732,84,present
14158,1732,85,present
14159,1732,86,present
14160,1732,87,present
14161,1732,88,present
14162,1733,83,present
14163,1733,84,absent
14164,1733,85,present
14165,1733,86,present
14166,1733,87,present
14167,1733,88,present
14168,1734,83,present
14169,1734,84,absent
14170,1734,85,absent
14171,1734,86,present
14172,1734,87,present
14173,1734,88,present
14174,1735,83,present
14175,1735,84,present
14176,1735,85,present
14177,1735,86,present
14178,1735,87,present
14179,1735,88,present
14180,1736,83,present
14181,1736,84,present
14182,1736,85,present
14183,1736,86,present
14184,1736,87,present
14185,1736,88,present
14186,1737,83,present
14187,1737,84,present
14188,1737,85,present
14189,1737,86,present
14190,1737,87,present
14191,1737,88,present
14192,1738,83,present
14193,1738,84,present
14194,1738,85,present
14195,1738,86,present
14196,1738,87,present
14197,1738,88,present
14198,1739,83,present
14199,1739,84,present
14200,1739,85,present
14201,1739,86,present
14202,1739,87,present
14203,1739,88,present
14204,1740,83,present
14205,1740,84,present
14206,1740,85,present
14207,1740,86,present
14208,1740,87,present
14209,1740,88,present
14210,1741,83,present
14211,1741,84,present
14212,1741,85,present
14213,1741,86,present
14214,1741,87,present
14215,1741,88,present
14216,1742,83,present
14217,1742,84,present
14218,1742,85,present
14219,1742,86,absent
14220,1742,87,present
14221,1742,88,present
14222,1743,83,present
14223,1743,84,present
14224,1743,85,absent
14225,1743,86,present
14226,1743,87,present
14227,1743,88,present
14228,1744,83,present
14229,1744,84,absent
14230,1744,85,present
14231,1744,86,present
14232,1744,87,present
14233,1744,88,present
14234,1745,83,present
14235,1745,84,present
14236,1745,85,present
14237,1745,86,present
14238,1745,87,present
14239,1745,88,present
14240,1746,83,present
14241,1746,84,present
14242,1746,85,present
14243,1746,86,present
14244,1746,87,present
14245,1746,88,present
14246,1747,83,present
14247,1747,84,present
14248,1747,85,present
14249,1747,86,present
14250,1747,87,present
14251,1747,88,present
14252,1748,83,present
14253,1748,84,present
14254,1748,85,present
14255,1748,86,present
14256,1748,87,present
14257,1748,88,present
14258,1749,83,present
14259,1749,84,present
14260,1749,85,present
14261,1749,86,present
14262,1749,87,present
14263,1749,88,present
14264,1750,83,present
14265,1750,84,present
14266,1750,85,present
14267,1750,86,present
14268,1750,87,present
14269,1750,88,late
14270,1751,83,present
14271,1751,84,present
14272,1751,85,present
14273,1751,86,present
14274,1751,87,present
14275,1751,88,present
14276,1752,83,present
14277,1752,84,present
14278,1752,85,present
14279,1752,86,present
14280,1752,87,present
14281,1752,88,present
14282,1753,83,absent
14283,1753,84,present
14284,1753,85,present
14285,1753,86,present
14286,1753,87,present
14287,1753,88,present
14288,1754,83,present
14289,1754,84,present
14290,1754,85,present
14291,1754,86,present
14292,1754,87,present
14293,1754,88,late
14294,1755,83,present
14295,1755,84,present
14296,1755,85,present
14297,1755,86,present
14298,1755,87,present
14299,1755,88,present
14300,1756,83,present
14301,1756,84,present
14302,1756,85,present
14303,1756,86,late
14304,1756,87,present
14305,1756,88,present
14306,1757,83,present
14307,1757,84,present
14308,1757,85,present
14309,1757,86,present
14310,1757,87,present
14311,1757,88,present
14312,1758,83,present
14313,1758,84,absent
14314,1758,85,present
14315,1758,86,present
14316,1758,87,present
14317,1758,88,present
14318,1759,83,present
14319,1759,84,present
14320,1759,85,present
14321,1759,86,present
14322,1759,87,present
14323,1759,88,present
14324,1760,39,present
14325,1760,40,present
14326,1760,41,present
14327,1760,42,present
14328,1760,43,present
14329,1760,44,present
14330,1761,39,absent
14331,1761,40,present
14332,1761,41,present
14333,1761,42,present
14334,1761,43,present
14335,1761,44,present
14336,1762,39,present
14337,1762,40,present
14338,1762,41,present
14339,1762,42,present
14340,1762,43,present
14341,1762,44,present
14342,1763,39,present
14343,1763,40,present
14344,1763,41,present
14345,1763,42,present
14346,1763,43,present
14347,1763,44,present
14348,1764,39,present
14349,1764,40,present
14350,1764,41,present
14351,1764,42,present
14352,1764,43,present
14353,1764,44,present
14354,1765,39,present
14355,1765,40,absent
14356,1765,41,present
14357,1765,42,present
14358,1765,43,present
14359,1765,44,present
14360,1766,39,present
14361,1766,40,absent
14362,1766,41,present
14363,1766,42,present
14364,1766,43,present
14365,1766,44,present
14366,1767,39,present
14367,1767,40,present
14368,1767,41,present
14369,1767,42,present
14370,1767,43,present
14371,1767,44,present
14372,1768,39,present
14373,1768,40,present
14374,1768,41,present
14375,1768,42,absent
14376,1768,43,present
14377,1768,44,present
14378,1769,39,present
14379,1769,40,present
14380,1769,41,present
14381,1769,42,present
14382,1769,43,present
14383,1769,44,present
14384,1770,39,present
14385,1770,40,present
14386,1770,41,present
14387,1770,42,present
14388,1770,43,late
14389,1770,44,present
14390,1771,39,present
14391,1771,40,present
14392,1771,41,present
14393,1771,42,present
14394,1771,43,present
14395,1771,44,present
14396,1772,39,absent
14397,1772,40,absent
14398,1772,41,present
14399,1772,42,present
14400,1772,43,present
14401,1772,44,absent
14402,1773,39,present
14403,1773,40,present
14404,1773,41,absent
14405,1773,42,present
14406,1773,43,present
14407,1773,44,absent
14408,1774,39,present
14409,1774,40,present
14410,1774,41,present
14411,1774,42,present
14412,1774,43,present
14413,1774,44,present
14414,1775,39,absent
14415,1775,40,present
14416,1775,41,present
14417,1775,42,present
14418,1775,43,present
14419,1775,44,present
14420,1776,39,present
14421,1776,40,present
14422,1776,41,present
14423,1776,42,present
14424,1776,43,excused
14425,1776,44,late
14426,1777,39,present
14427,1777,40,present
14428,1777,41,present
14429,1777,42,present
14430,1777,43,present
14431,1777,44,present
14432,1778,39,present
14433,1778,40,present
14434,1778,41,present
14435,1778,42,present
14436,1778,43,present
14437,1778,44,present
14438,1779,39,absent
14439,1779,40,present
14440,1779,41,present
14441,1779,42,present
14442,1779,43,present
14443,1779,44,present
14444,1780,39,present
14445,1780,40,absent
14446,1780,41,present
14447,1780,42,present
14448,1780,43,present
14449,1780,44,present
14450,1781,39,present
14451,1781,40,absent
14452,1781,41,present
14453,1781,42,present
14454,1781,43,absent
14455,1781,44,present
14456,1782,39,present
14457,1782,40,present
14458,1782,41,present
14459,1782,42,excused
14460,1782,43,present
14461,1782,44,present
14462,1783,39,present
14463,1783,40,present
14464,1783,41,present
14465,1783,42,present
14466,1783,43,present
14467,1783,44,present
14468,1784,39,present
14469,1784,40,late
14470,1784,41,present
14471,1784,42,present
14472,1784,43,present
14473,1784,44,present
14474,1785,39,present
14475,1785,40,present
14476,1785,41,present
14477,1785,42,absent
14478,1785,43,present
14479,1785,44,present
14480,1786,39,present
14481,1786,40,late
14482,1786,41,present
14483,1786,42,present
14484,1786,43,present
14485,1786,44,present
14486,1787,39,late
14487,1787,40,present
14488,1787,41,present
14489,1787,42,absent
14490,1787,43,present
14491,1787,44,absent
14492,1788,39,present
14493,1788,40,present
14494,1788,41,present
14495,1788,42,present
14496,1788,43,present
14497,1788,44,present
14498,1789,39,present
14499,1789,40,present
14500,1789,41,present
14501,1789,42,present
14502,1789,43,present
14503,1789,44,present
14504,1790,39,present
14505,1790,40,present
14506,1790,41,present
14507,1790,42,present
14508,1790,43,present
14509,1790,44,present
14510,1791,39,present
14511,1791,40,present
14512,1791,41,present
14513,1791,42,present
14514,1791,43,present
14515,1791,44,absent
14516,1792,39,present
14517,1792,40,present
14518,1792,41,present
14519,1792,42,present
14520,1792,43,present
14521,1792,44,present
14522,1793,39,absent
14523,1793,40,present
14524,1793,41,absent
14525,1793,42,present
14526,1793,43,absent
14527,1793,44,absent
14528,1794,39,present
14529,1794,40,present
14530,1794,41,present
14531,1794,42,present
14532,1794,43,absent
14533,1794,44,present
14534,1795,39,present
14535,1795,40,present
14536,1795,41,present
14537,1795,42,present
14538,1795,43,present
14539,1795,44,present
14540,1796,39,present
14541,1796,40,absent
14542,1796,41,present
14543,1796,42,present
14544,1796,43,present
14545,1796,44,present
14546,1797,39,present
14547,1797,40,absent
14548,1797,41,present
14549,1797,42,present
14550,1797,43,present
14551,1797,44,absent
14552,1798,39,excused
14553,1798,40,present
14554,1798,41,present
14555,1798,42,present
14556,1798,43,present
14557,1798,44,present
14558,1799,39,present
14559,1799,40,present
14560,1799,41,present
14561,1799,42,present
14562,1799,43,present
14563,1799,44,present
14564,1800,39,present
14565,1800,40,absent
14566,1800,41,present
14567,1800,42,present
14568,1800,43,absent
14569,1800,44,present
14570,1801,39,present
14571,1801,40,present
14572,1801,41,present
14573,1801,42,present
14574,1801,43,present
14575,1801,44,present
14576,1802,39,present
14577,1802,40,present
14578,1802,41,present
14579,1802,42,present
14580,1802,43,present
14581,1802,44,present
14582,1803,39,absent
14583,1803,40,present
14584,1803,41,absent
14585,1803,42,present
14586,1803,43,present
14587,1803,44,present
14588,1804,39,present
14589,1804,40,present
14590,1804,41,present
14591,1804,42,absent
14592,1804,43,present
14593,1804,44,present
14594,1805,39,present
14595,1805,40,present
14596,1805,41,present
14597,1805,42,present
14598,1805,43,present
14599,1805,44,present
14600,1806,39,absent
14601,1806,40,present
14602,1806,41,present
14603,1806,42,present
14604,1806,43,present
14605,1806,44,present
14606,1807,39,present
14607,1807,40,present
14608,1807,41,present
14609,1807,42,present
14610,1807,43,present
14611,1807,44,present
14612,1808,39,present
14613,1808,40,present
14614,1808,41,present
14615,1808,42,present
14616,1808,43,present
14617,1808,44,present
14618,1809,39,present
14619,1809,40,present
14620,1809,41,present
14621,1809,42,present
14622,1809,43,present
14623,1809,44,present
14624,1810,39,absent
14625,1810,40,present
14626,1810,41,absent
14627,1810,42,present
14628,1810,43,present
14629,1810,44,absent
14630,1811,39,present
14631,1811,40,absent
14632,1811,41,present
14633,1811,42,present
14634,1811,43,absent
14635,1811,44,present
14636,1812,39,late
14637,1812,40,present
14638,1812,41,absent
14639,1812,42,present
14640,1812,43,present
14641,1812,44,present
14642,1813,39,present
14643,1813,40,present
14644,1813,41,present
14645,1813,42,present
14646,1813,43,present
14647,1813,44,present
14648,1814,39,present
14649,1814,40,present
14650,1814,41,present
14651,1814,42,present
14652,1814,43,present
14653,1814,44,absent
14654,1815,39,late
14655,1815,40,present
14656,1815,41,present
14657,1815,42,present
14658,1815,43,absent
14659,1815,44,present
14660,1816,39,present
14661,1816,40,present
14662,1816,41,present
14663,1816,42,present
14664,1816,43,present
14665,1816,44,present
14666,1817,39,present
14667,1817,40,absent
14668,1817,41,present
14669,1817,42,present
14670,1817,43,present
14671,1817,44,present
14672,1818,39,present
14673,1818,40,present
14674,1818,41,present
14675,1818,42,present
14676,1818,43,present
14677,1818,44,present
14678,1819,39,present
14679,1819,40,present
14680,1819,41,present
14681,1819,42,present
14682,1819,43,present
14683,1819,44,present
14684,1820,39,present
14685,1820,40,present
14686,1820,41,absent
14687,1820,42,present
14688,1820,43,present
14689,1820,44,present
14690,1821,39,present
14691,1821,40,present
14692,1821,41,present
14693,1821,42,present
14694,1821,43,present
14695,1821,44,present
14696,1822,39,present
14697,1822,40,present
14698,1822,41,present
14699,1822,42,present
14700,1822,43,present
14701,1822,44,present
14702,1823,39,present
14703,1823,40,present
14704,1823,41,present
14705,1823,42,present
14706,1823,43,present
14707,1823,44,absent
14708,1824,39,present
14709,1824,40,present
14710,1824,41,present
14711,1824,42,present
14712,1824,43,present
14713,1824,44,present
14714,1825,39,present
14715,1825,40,present
14716,1825,41,present
14717,1825,42,present
14718,1825,43,present
14719,1825,44,present
14720,1826,39,present
14721,1826,40,present
14722,1826,41,present
14723,1826,42,present
14724,1826,43,present
14725,1826,44,present
14726,1827,39,absent
14727,1827,40,present
14728,1827,41,present
14729,1827,42,present
14730,1827,43,present
14731,1827,44,present
14732,1828,39,absent
14733,1828,40,absent
14734,1828,41,present
14735,1828,42,present
14736,1828,43,present
14737,1828,44,present
14738,1829,39,absent
14739,1829,40,present
14740,1829,41,present
14741,1829,42,present
14742,1829,43,present
14743,1829,44,present
14744,1830,39,present
14745,1830,40,present
14746,1830,41,present
14747,1830,42,absent
14748,1830,43,present
14749,1830,44,present
14750,1831,39,present
14751,1831,40,present
14752,1831,41,present
14753,1831,42,present
14754,1831,43,present
14755,1831,44,present
14756,1832,39,present
14757,1832,40,present
14758,1832,41,present
14759,1832,42,absent
14760,1832,43,present
14761,1832,44,present
14762,1833,39,present
14763,1833,40,present
14764,1833,41,present
14765,1833,42,present
14766,1833,43,present
14767,1833,44,present
14768,1834,39,present
14769,1834,40,present
14770,1834,41,present
14771,1834,42,present
14772,1834,43,present
14773,1834,44,present
14774,1835,39,present
14775,1835,40,present
14776,1835,41,present
14777,1835,42,present
14778,1835,43,present
14779,1835,44,present
14780,1836,39,absent
14781,1836,40,present
14782,1836,41,present
14783,1836,42,present
14784,1836,43,present
14785,1836,44,present
14786,1837,39,absent
14787,1837,40,present
14788,1837,41,present
14789,1837,42,present
14790,1837,43,present
14791,1837,44,present
14792,1838,39,present
14793,1838,40,present
14794,1838,41,present
14795,1838,42,present
14796,1838,43,present
14797,1838,44,present
14798,1839,39,present
14799,1839,40,present
14800,1839,41,present
14801,1839,42,present
14802,1839,43,present
14803,1839,44,present
14804,1840,39,present
14805,1840,40,present
14806,1840,41,present
14807,1840,42,present
14808,1840,43,present
14809,1840,44,present
14810,1841,39,absent
14811,1841,40,present
14812,1841,41,present
14813,1841,42,present
14814,1841,43,present
14815,1841,44,present
14816,1842,39,present
14817,1842,40,present
14818,1842,41,present
14819,1842,42,present
14820,1842,43,present
14821,1842,44,present
14822,1843,39,present
14823,1843,40,absent
14824,1843,41,present
14825,1843,42,present
14826,1843,43,present
14827,1843,44,present
14828,1844,39,present
14829,1844,40,present
14830,1844,41,present
14831,1844,42,present
14832,1844,43,present
14833,1844,44,present
14834,1845,39,present
14835,1845,40,present
14836,1845,41,present
14837,1845,42,present
14838,1845,43,present
14839,1845,44,present
14840,1846,39,present
14841,1846,40,present
14842,1846,41,present
14843,1846,42,present
14844,1846,43,present
14845,1846,44,present
14846,1847,39,present
14847,1847,40,present
14848,1847,41,present
14849,1847,42,present
14850,1847,43,present
14851,1847,44,present
14852,1848,39,present
14853,1848,40,present
14854,1848,41,present
14855,1848,42,present
14856,1848,43,present
14857,1848,44,present
14858,1849,39,present
14859,1849,40,present
14860,1849,41,present
14861,1849,42,present
14862,1849,43,present
14863,1849,44,present
14864,1850,39,late
14865,1850,40,present
14866,1850,41,present
14867,1850,42,present
14868,1850,43,present
14869,1850,44,present
14870,1851,39,present
14871,1851,40,present
14872,1851,41,present
14873,1851,42,present
14874,1851,43,present
14875,1851,44,present
14876,1852,39,present
14877,1852,40,present
14878,1852,41,present
14879,1852,42,present
14880,1852,43,present
14881,1852,44,present
14882,1853,39,present
14883,1853,40,present
14884,1853,41,present
14885,1853,42,present
14886,1853,43,present
14887,1853,44,present
14888,1854,39,present
14889,1854,40,present
14890,1854,41,present
14891,1854,42,present
14892,1854,43,present
14893,1854,44,present
14894,1855,39,present
14895,1855,40,present
14896,1855,41,present
14897,1855,42,present
14898,1855,43,present
14899,1855,44,present
14900,1856,39,present
14901,1856,40,present
14902,1856,41,present
14903,1856,42,absent
14904,1856,43,present
14905,1856,44,present
14906,1857,39,present
14907,1857,40,present
14908,1857,41,present
14909,1857,42,present
14910,1857,43,present
14911,1857,44,present
14912,1858,39,present
14913,1858,40,present
14914,1858,41,present
14915,1858,42,present
14916,1858,43,present
14917,1858,44,present
14918,1859,39,present
14919,1859,40,present
14920,1859,41,present
14921,1859,42,present
14922,1859,43,present
14923,1859,44,present
14924,1860,39,present
14925,1860,40,present
14926,1860,41,present
14927,1860,42,present
14928,1860,43,present
14929,1860,44,present
14930,1861,39,present
14931,1861,40,present
14932,1861,41,present
14933,1861,42,present
14934,1861,43,present
14935,1861,44,present
14936,1862,39,present
14937,1862,40,present
14938,1862,41,present
14939,1862,42,present
14940,1862,43,present
14941,1862,44,present
14942,1863,39,present
14943,1863,40,present
14944,1863,41,present
14945,1863,42,present
14946,1863,43,present
14947,1863,44,present
14948,1864,39,present
14949,1864,40,present
14950,1864,41,present
14951,1864,42,present
14952,1864,43,present
14953,1864,44,present
14954,1865,39,present
14955,1865,40,present
14956,1865,41,present
14957,1865,42,present
14958,1865,43,present
14959,1865,44,present
14960,1866,39,present
14961,1866,40,present
14962,1866,41,present
14963,1866,42,present
14964,1866,43,present
14965,1866,44,present
14966,1867,39,present
14967,1867,40,present
14968,1867,41,present
14969,1867,42,present
14970,1867,43,present
14971,1867,44,present
14972,1868,39,present
14973,1868,40,present
14974,1868,41,present
14975,1868,42,present
14976,1868,43,present
14977,1868,44,present
14978,1869,39,present
14979,1869,40,present
14980,1869,41,present
14981,1869,42,absent
14982,1869,43,present
14983,1869,44,present
14984,1870,39,present
14985,1870,40,present
14986,1870,41,present
14987,1870,42,present
14988,1870,43,present
14989,1870,44,present
14990,1871,39,present
14991,1871,40,present
14992,1871,41,present
14993,1871,42,present
14994,1871,43,present
14995,1871,44,present
14996,1872,39,present
14997,1872,40,present
14998,1872,41,present
14999,1872,42,present
15000,1872,43,present
15001,1872,44,present
15002,1873,39,present
15003,1873,40,absent
15004,1873,41,present
15005,1873,42,present
15006,1873,43,present
15007,1873,44,present
15008,1874,39,present
15009,1874,40,present
15010,1874,41,present
15011,1874,42,absent
15012,1874,43,present
15013,1874,44,present
15014,1875,39,present
15015,1875,40,present
15016,1875,41,present
15017,1875,42,present
15018,1875,43,present
15019,1875,44,present
15020,1876,39,present
15021,1876,40,present
15022,1876,41,present
15023,1876,42,present
15024,1876,43,present
15025,1876,44,present
15026,1877,39,present
15027,1877,40,present
15028,1877,41,present
15029,1877,42,present
15030,1877,43,late
15031,1877,44,present
15032,1878,39,present
15033,1878,40,absent
15034,1878,41,present
15035,1878,42,present
15036,1878,43,present
15037,1878,44,present
15038,1879,39,present
15039,1879,40,absent
15040,1879,41,present
15041,1879,42,present
15042,1879,43,present
15043,1879,44,absent
15044,1880,39,present
15045,1880,40,present
15046,1880,41,present
15047,1880,42,present
15048,1880,43,present
15049,1880,44,absent
15050,1881,39,present
15051,1881,40,absent
15052,1881,41,present
15053,1881,42,present
15054,1881,43,present
15055,1881,44,present
15056,1882,39,present
15057,1882,40,present
15058,1882,41,present
15059,1882,42,present
15060,1882,43,present
15061,1882,44,present
15062,1883,39,present
15063,1883,40,present
15064,1883,41,present
15065,1883,42,absent
15066,1883,43,present
15067,1883,44,present
15068,1884,39,present
15069,1884,40,present
15070,1884,41,present
15071,1884,42,present
15072,1884,43,present
15073,1884,44,present
15074,1885,39,present
15075,1885,40,present
15076,1885,41,present
15077,1885,42,absent
15078,1885,43,present
15079,1885,44,present
15080,1886,39,present
15081,1886,40,present
15082,1886,41,present
15083,1886,42,present
15084,1886,43,present
15085,1886,44,present
15086,1887,39,present
15087,1887,40,late
15088,1887,41,present
15089,1887,42,present
15090,1887,43,present
15091,1887,44,present
15092,1888,39,present
15093,1888,40,present
15094,1888,41,present
15095,1888,42,absent
15096,1888,43,present
15097,1888,44,present
15098,1889,39,present
15099,1889,40,present
15100,1889,41,present
15101,1889,42,present
15102,1889,43,absent
15103,1889,44,present
15104,1890,39,present
15105,1890,40,present
15106,1890,41,present
15107,1890,42,present
15108,1890,43,present
15109,1890,44,present
15110,1891,39,present
15111,1891,40,present
15112,1891,41,present
15113,1891,42,present
15114,1891,43,present
15115,1891,44,absent
15116,1892,39,present
15117,1892,40,excused
15118,1892,41,present
15119,1892,42,present
15120,1892,43,present
15121,1892,44,present
15122,1893,39,present
15123,1893,40,present
15124,1893,41,present
15125,1893,42,present
15126,1893,43,absent
15127,1893,44,present
15128,1894,39,present
15129,1894,40,present
15130,1894,41,present
15131,1894,42,present
15132,1894,43,present
15133,1894,44,absent
15134,1895,39,present
15135,1895,40,present
15136,1895,41,present
15137,1895,42,present
15138,1895,43,present
15139,1895,44,present
15140,1896,39,present
15141,1896,40,present
15142,1896,41,present
15143,1896,42,present
15144,1896,43,present
15145,1896,44,present
15146,1897,39,absent
15147,1897,40,present
15148,1897,41,present
15149,1897,42,present
15150,1897,43,present
15151,1897,44,present
15152,1898,39,present
15153,1898,40,present
15154,1898,41,present
15155,1898,42,present
15156,1898,43,present
15157,1898,44,present
15158,1899,39,present
15159,1899,40,absent
15160,1899,41,late
15161,1899,42,present
15162,1899,43,present
15163,1899,44,present
15164,1900,39,present
15165,1900,40,present
15166,1900,41,present
15167,1900,42,absent
15168,1900,43,present
15169,1900,44,present
15170,1901,39,absent
15171,1901,40,present
15172,1901,41,present
15173,1901,42,present
15174,1901,43,present
15175,1901,44,present
15176,1902,39,present
15177,1902,40,present
15178,1902,41,present
15179,1902,42,present
15180,1902,43,present
15181,1902,44,present
15182,1903,39,present
15183,1903,40,present
15184,1903,41,present
15185,1903,42,present
15186,1903,43,present
15187,1903,44,present
15188,1904,39,present
15189,1904,40,present
15190,1904,41,present
15191,1904,42,present
15192,1904,43,present
15193,1904,44,present
15194,1905,39,present
15195,1905,40,present
15196,1905,41,present
15197,1905,42,present
15198,1905,43,present
15199,1905,44,present
15200,1906,39,present
15201,1906,40,present
15202,1906,41,present
15203,1906,42,present
15204,1906,43,present
15205,1906,44,present
15206,1907,39,present
15207,1907,40,present
15208,1907,41,present
15209,1907,42,present
15210,1907,43,absent
15211,1907,44,present
15212,1908,39,present
15213,1908,40,present
15214,1908,41,present
15215,1908,42,present
15216,1908,43,present
15217,1908,44,present
15218,1909,39,present
15219,1909,40,present
15220,1909,41,present
15221,1909,42,present
15222,1909,43,present
15223,1909,44,present
15224,1910,39,present
15225,1910,40,present
15226,1910,41,present
15227,1910,42,present
15228,1910,43,present
15229,1910,44,present
15230,1911,39,present
15231,1911,40,present
15232,1911,41,present
15233,1911,42,present
15234,1911,43,present
15235,1911,44,present
15236,1912,39,present
15237,1912,40,present
15238,1912,41,present
15239,1912,42,present
15240,1912,43,present
15241,1912,44,present
15242,1913,39,present
15243,1913,40,present
15244,1913,41,present
15245,1913,42,present
15246,1913,43,present
15247,1913,44,present
15248,1914,39,present
15249,1914,40,present
15250,1914,41,present
15251,1914,42,present
15252,1914,43,present
15253,1914,44,present
15254,1915,39,present
15255,1915,40,present
15256,1915,41,present
15257,1916,39,present
15258,1916,40,present
15259,1916,41,present
15260,1917,39,present
15261,1917,40,present
15262,1917,41,present
15263,1918,39,present
15264,1918,40,absent
15265,1918,41,present
15266,1919,39,present
15267,1919,40,absent
15268,1919,41,present
15269,1920,39,present
15270,1920,40,present
15271,1920,41,absent
15272,1921,39,present
15273,1921,40,present
15274,1921,41,present
15275,1922,39,absent
15276,1922,40,present
15277,1922,41,present
15278,1923,39,present
15279,1923,40,present
15280,1923,41,present
15281,1924,39,present
15282,1924,40,absent
15283,1924,41,present
15284,1925,42,present
15285,1925,43,present
15286,1925,44,present
15287,1926,42,present
15288,1926,43,present
15289,1926,44,present
15290,1927,42,present
15291,1927,43,present
15292,1927,44,present
15293,1928,42,present
15294,1928,43,present
15295,1928,44,present
15296,1929,42,present
15297,1929,43,present
15298,1929,44,present
15299,1930,42,present
15300,1930,43,present
15301,1930,44,present
15302,1931,42,absent
15303,1931,43,present
15304,1931,44,present
15305,1932,42,present
15306,1932,43,present
15307,1932,44,present
15308,1933,42,present
15309,1933,43,present
15310,1933,44,present
15311,1934,42,present
15312,1934,43,present
15313,1934,44,present
15314,1935,42,present
15315,1935,43,present
15316,1935,44,present
15317,1936,89,present
15318,1936,90,present
15319,1936,91,present
15320,1936,92,present
15321,1936,93,present
15322,1936,94,present
15323,1937,89,present
15324,1937,90,absent
15325,1937,91,present
15326,1937,92,present
15327,1937,93,present
15328,1937,94,present
15329,1938,89,present
15330,1938,90,present
15331,1938,91,present
15332,1938,92,present
15333,1938,93,present
15334,1938,94,present
15335,1939,89,present
15336,1939,90,present
15337,1939,91,present
15338,1939,92,present
15339,1939,93,present
15340,1939,94,present
15341,1940,89,present
15342,1940,90,excused
15343,1940,91,present
15344,1940,92,present
15345,1940,93,present
15346,1940,94,present
15347,1941,89,present
15348,1941,90,present
15349,1941,91,present
15350,1941,92,absent
15351,1941,93,present
15352,1941,94,absent
15353,1942,89,present
15354,1942,90,present
15355,1942,91,present
15356,1942,92,present
15357,1942,93,present
15358,1942,94,present
15359,1943,89,absent
15360,1943,90,present
15361,1943,91,present
15362,1943,92,present
15363,1943,93,present
15364,1943,94,present
15365,1944,89,present
15366,1944,90,present
15367,1944,91,present
15368,1944,92,present
15369,1944,93,present
15370,1944,94,present
15371,1945,89,absent
15372,1945,90,absent
15373,1945,91,absent
15374,1945,92,present
15375,1945,93,present
15376,1945,94,present
15377,1946,89,absent
15378,1946,90,present
15379,1946,91,present
15380,1946,92,present
15381,1946,93,present
15382,1946,94,present
15383,1947,89,present
15384,1947,90,present
15385,1947,91,present
15386,1947,92,present
15387,1947,93,present
15388,1947,94,present
15389,1948,89,present
15390,1948,90,present
15391,1948,91,present
15392,1948,92,present
15393,1948,93,present
15394,1948,94,present
15395,1949,89,present
15396,1949,90,present
15397,1949,91,present
15398,1949,92,present
15399,1949,93,present
15400,1949,94,present
15401,1950,89,present
15402,1950,90,present
15403,1950,91,present
15404,1950,92,present
15405,1950,93,present
15406,1950,94,present
15407,1951,89,present
15408,1951,90,absent
15409,1951,91,present
15410,1951,92,absent
15411,1951,93,present
15412,1951,94,present
15413,1952,89,present
15414,1952,90,absent
15415,1952,91,present
15416,1952,92,absent
15417,1952,93,present
15418,1952,94,present
15419,1953,89,present
15420,1953,90,absent
15421,1953,91,present
15422,1953,92,present
15423,1953,93,present
15424,1953,94,present
15425,1954,89,present
15426,1954,90,present
15427,1954,91,present
15428,1954,92,present
15429,1954,93,absent
15430,1954,94,absent
15431,1955,89,present
15432,1955,90,present
15433,1955,91,present
15434,1955,92,present
15435,1955,93,present
15436,1955,94,present
15437,1956,89,present
15438,1956,90,present
15439,1956,91,present
15440,1956,92,present
15441,1956,93,present
15442,1956,94,present
15443,1957,89,present
15444,1957,90,present
15445,1957,91,present
15446,1957,92,present
15447,1957,93,present
15448,1957,94,present
15449,1958,89,present
15450,1958,90,present
15451,1958,91,present
15452,1958,92,present
15453,1958,93,present
15454,1958,94,present
15455,1959,89,present
15456,1959,90,present
15457,1959,91,present
15458,1959,92,present
15459,1959,93,present
15460,1959,94,present
15461,1960,89,present
15462,1960,90,present
15463,1960,91,present
15464,1960,92,present
15465,1960,93,present
15466,1960,94,present
15467,1961,89,present
15468,1961,90,present
15469,1961,91,present
15470,1961,92,present
15471,1961,93,present
15472,1961,94,present
15473,1962,89,present
15474,1962,90,present
15475,1962,91,present
15476,1962,92,present
15477,1962,93,present
15478,1962,94,present
15479,1963,89,present
15480,1963,90,present
15481,1963,91,present
15482,1963,92,present
15483,1963,93,present
15484,1963,94,absent
15485,1964,89,present
15486,1964,90,present
15487,1964,91,present
15488,1964,92,present
15489,1964,93,present
15490,1964,94,present
15491,1965,89,present
15492,1965,90,present
15493,1965,91,present
15494,1965,92,present
15495,1965,93,present
15496,1965,94,present
15497,1966,89,present
15498,1966,90,present
15499,1966,91,present
15500,1966,92,present
15501,1966,93,present
15502,1966,94,present
15503,1967,89,present
15504,1967,90,present
15505,1967,91,present
15506,1967,92,present
15507,1967,93,present
15508,1967,94,present
15509,1968,89,present
15510,1968,90,absent
15511,1968,91,present
15512,1968,92,present
15513,1968,93,present
15514,1968,94,present
15515,1969,89,present
15516,1969,90,present
15517,1969,91,present
15518,1969,92,present
15519,1969,93,present
15520,1969,94,present
15521,1970,89,present
15522,1970,90,present
15523,1970,91,present
15524,1970,92,present
15525,1970,93,present
15526,1970,94,present
15527,1971,89,present
15528,1971,90,present
15529,1971,91,present
15530,1971,92,present
15531,1971,93,present
15532,1971,94,present
15533,1972,89,present
15534,1972,90,present
15535,1972,91,present
15536,1972,92,present
15537,1972,93,present
15538,1972,94,absent
15539,1973,89,present
15540,1973,90,present
15541,1973,91,present
15542,1973,92,present
15543,1973,93,present
15544,1973,94,present
15545,1974,89,present
15546,1974,90,present
15547,1974,91,present
15548,1974,92,present
15549,1974,93,present
15550,1974,94,present
15551,1975,89,present
15552,1975,90,present
15553,1975,91,present
15554,1975,92,present
15555,1975,93,present
15556,1975,94,present
15557,1976,89,present
15558,1976,90,present
15559,1976,91,present
15560,1976,92,present
15561,1976,93,present
15562,1976,94,present
15563,1977,89,present
15564,1977,90,present
15565,1977,91,present
15566,1977,92,present
15567,1977,93,present
15568,1977,94,present
15569,1978,89,present
15570,1978,90,present
15571,1978,91,present
15572,1978,92,present
15573,1978,93,present
15574,1978,94,present
15575,1979,89,present
15576,1979,90,present
15577,1979,91,present
15578,1979,92,present
15579,1979,93,present
15580,1979,94,present
15581,1980,89,present
15582,1980,90,late
15583,1980,91,present
15584,1980,92,present
15585,1980,93,present
15586,1980,94,present
15587,1981,89,present
15588,1981,90,absent
15589,1981,91,present
15590,1981,92,present
15591,1981,93,present
15592,1981,94,present
15593,1982,89,present
15594,1982,90,present
15595,1982,91,present
15596,1982,92,present
15597,1982,93,present
15598,1982,94,present
15599,1983,89,present
15600,1983,90,present
15601,1983,91,present
15602,1983,92,present
15603,1983,93,present
15604,1983,94,present
15605,1984,89,present
15606,1984,90,present
15607,1984,91,present
15608,1984,92,late
15609,1984,93,present
15610,1984,94,present
15611,1985,89,present
15612,1985,90,present
15613,1985,91,present
15614,1985,92,present
15615,1985,93,present
15616,1985,94,absent
15617,1986,89,present
15618,1986,90,present
15619,1986,91,present
15620,1986,92,present
15621,1986,93,present
15622,1986,94,present
15623,1987,89,present
15624,1987,90,present
15625,1987,91,present
15626,1987,92,present
15627,1987,93,present
15628,1987,94,present
15629,1988,89,present
15630,1988,90,present
15631,1988,91,present
15632,1988,92,present
15633,1988,93,present
15634,1988,94,present
15635,1989,89,absent
15636,1989,90,present
15637,1989,91,absent
15638,1989,92,present
15639,1989,93,present
15640,1989,94,present
15641,1990,89,present
15642,1990,90,present
15643,1990,91,absent
15644,1990,92,present
15645,1990,93,present
15646,1990,94,present
15647,1991,89,absent
15648,1991,90,present
15649,1991,91,present
15650,1991,92,present
15651,1991,93,present
15652,1991,94,absent
15653,1992,89,present
15654,1992,90,present
15655,1992,91,present
15656,1992,92,present
15657,1992,93,absent
15658,1992,94,present
15659,1993,89,present
15660,1993,90,present
15661,1993,91,absent
15662,1993,92,present
15663,1993,93,present
15664,1993,94,present
15665,1994,89,present
15666,1994,90,present
15667,1994,91,present
15668,1994,92,absent
15669,1994,93,present
15670,1994,94,present
15671,1995,89,absent
15672,1995,90,present
15673,1995,91,present
15674,1995,92,present
15675,1995,93,present
15676,1995,94,present
15677,1996,89,present
15678,1996,90,present
15679,1996,91,present
15680,1996,92,present
15681,1996,93,present
15682,1996,94,present
15683,1997,89,present
15684,1997,90,present
15685,1997,91,present
15686,1997,92,present
15687,1997,93,absent
15688,1997,94,present
15689,1998,89,present
15690,1998,90,present
15691,1998,91,present
15692,1998,92,present
15693,1998,93,present
15694,1998,94,present
15695,1999,89,present
15696,1999,90,present
15697,1999,91,present
15698,1999,92,absent
15699,1999,93,present
15700,1999,94,present
15701,2000,89,present
15702,2000,90,present
15703,2000,91,present
15704,2000,92,present
15705,2000,93,present
15706,2000,94,present
15707,2001,89,late
15708,2001,90,present
15709,2001,91,present
15710,2001,92,absent
15711,2001,93,present
15712,2001,94,present
15713,2002,89,present
15714,2002,90,present
15715,2002,91,present
15716,2002,92,absent
15717,2002,93,present
15718,2002,94,present
15719,2003,89,absent
15720,2003,90,present
15721,2003,91,present
15722,2003,92,absent
15723,2003,93,late
15724,2003,94,absent
15725,2004,89,present
15726,2004,90,present
15727,2004,91,late
15728,2004,92,present
15729,2004,93,present
15730,2004,94,absent
15731,2005,89,present
15732,2005,90,present
15733,2005,91,present
15734,2005,92,present
15735,2005,93,present
15736,2005,94,present
15737,2006,89,present
15738,2006,90,present
15739,2006,91,present
15740,2006,92,present
15741,2006,93,present
15742,2006,94,present
15743,2007,89,present
15744,2007,90,present
15745,2007,91,present
15746,2007,92,present
15747,2007,93,present
15748,2007,94,present
15749,2008,89,present
15750,2008,90,present
15751,2008,91,present
15752,2008,92,present
15753,2008,93,present
15754,2008,94,present
15755,2009,89,absent
15756,2009,90,present
15757,2009,91,present
15758,2009,92,present
15759,2009,93,present
15760,2009,94,present
15761,2010,89,excused
15762,2010,90,present
15763,2010,91,present
15764,2010,92,present
15765,2010,93,present
15766,2010,94,present
15767,2011,89,present
15768,2011,90,present
15769,2011,91,present
15770,2011,92,present
15771,2011,93,present
15772,2011,94,late
15773,2012,89,present
15774,2012,90,present
15775,2012,91,present
15776,2012,92,present
15777,2012,93,absent
15778,2012,94,present
15779,2013,89,present
15780,2013,90,present
15781,2013,91,present
15782,2013,92,present
15783,2013,93,present
15784,2013,94,present
15785,2014,89,present
15786,2014,90,present
15787,2014,91,absent
15788,2014,92,present
15789,2014,93,present
15790,2014,94,present
15791,2015,89,absent
15792,2015,90,present
15793,2015,91,present
15794,2015,92,present
15795,2015,93,present
15796,2015,94,present
15797,2016,89,present
15798,2016,90,present
15799,2016,91,present
15800,2016,92,present
15801,2016,93,present
15802,2016,94,present
15803,2017,89,present
15804,2017,90,present
15805,2017,91,present
15806,2017,92,present
15807,2017,93,absent
15808,2017,94,present
15809,2018,89,present
15810,2018,90,present
15811,2018,91,present
15812,2018,92,present
15813,2018,93,present
15814,2018,94,present
15815,2019,89,absent
15816,2019,90,present
15817,2019,91,absent
15818,2020,89,present
15819,2020,90,present
15820,2020,91,present
15821,2021,89,present
15822,2021,90,present
15823,2021,91,present
15824,2022,89,present
15825,2022,90,present
15826,2022,91,present
15827,2023,89,absent
15828,2023,90,present
15829,2023,91,present
15830,2024,89,present
15831,2024,90,present
15832,2024,91,present
15833,2025,89,present
15834,2025,90,present
15835,2025,91,present
15836,2026,89,present
15837,2026,90,present
15838,2026,91,present
15839,2027,89,absent
15840,2027,90,present
15841,2027,91,late
15842,2028,89,present
15843,2028,90,present
15844,2028,91,present
15845,2029,89,present
15846,2029,90,present
15847,2029,91,present
15848,2030,92,absent
15849,2030,93,present
15850,2030,94,present
15851,2031,92,present
15852,2031,93,present
15853,2031,94,present
15854,2032,92,present
15855,2032,93,present
15856,2032,94,present
15857,2033,92,present
15858,2033,93,present
15859,2033,94,present
15860,2034,92,present
15861,2034,93,present
15862,2034,94,absent
15863,2035,92,present
15864,2035,93,present
15865,2035,94,present
15866,2036,92,absent
15867,2036,93,present
15868,2036,94,present
15869,2037,92,absent
15870,2037,93,present
15871,2037,94,present
15872,2038,92,present
15873,2038,93,present
15874,2038,94,absent
15875,2039,92,present
15876,2039,93,present
15877,2039,94,present
15878,2040,89,present
15879,2040,90,present
15880,2040,91,excused
15881,2040,92,absent
15882,2040,93,present
15883,2040,94,present
15884,2041,89,present
15885,2041,90,present
15886,2041,91,absent
15887,2041,92,present
15888,2041,93,present
15889,2041,94,present
15890,2042,89,present
15891,2042,90,present
15892,2042,91,present
15893,2042,92,present
15894,2042,93,present
15895,2042,94,present
15896,2043,89,present
15897,2043,90,present
15898,2043,91,present
15899,2043,92,late
15900,2043,93,present
15901,2043,94,present
15902,2044,89,present
15903,2044,90,present
15904,2044,91,absent
15905,2044,92,absent
15906,2044,93,present
15907,2044,94,present
15908,2045,89,present
15909,2045,90,present
15910,2045,91,present
15911,2045,92,present
15912,2045,93,absent
15913,2045,94,present
15914,2046,89,present
15915,2046,90,absent
15916,2046,91,present
15917,2046,92,present
15918,2046,93,present
15919,2046,94,present
15920,2047,89,present
15921,2047,90,present
15922,2047,91,present
15923,2047,92,absent
15924,2047,93,present
15925,2047,94,present
15926,2048,89,present
15927,2048,90,present
15928,2048,91,present
15929,2048,92,absent
15930,2048,93,present
15931,2048,94,present
15932,2049,89,present
15933,2049,90,present
15934,2049,91,present
15935,2049,92,present
15936,2049,93,present
15937,2049,94,present
15938,2050,89,present
15939,2050,90,present
15940,2050,91,present
15941,2050,92,absent
15942,2050,93,present
15943,2050,94,present
15944,2051,89,present
15945,2051,90,present
15946,2051,91,absent
15947,2051,92,present
15948,2051,93,present
15949,2051,94,present
15950,2052,89,present
15951,2052,90,present
15952,2052,91,present
15953,2052,92,present
15954,2052,93,present
15955,2052,94,present
15956,2053,89,present
15957,2053,90,present
15958,2053,91,absent
15959,2053,92,present
15960,2053,93,present
15961,2053,94,present
15962,2054,89,present
15963,2054,90,present
15964,2054,91,present
15965,2054,92,present
15966,2054,93,present
15967,2054,94,present
15968,2055,89,present
15969,2055,90,present
15970,2055,91,present
15971,2055,92,present
15972,2055,93,absent
15973,2055,94,absent
15974,2056,89,present
15975,2056,90,present
15976,2056,91,present
15977,2056,92,present
15978,2056,93,present
15979,2056,94,absent
15980,2057,89,present
15981,2057,90,present
15982,2057,91,present
15983,2057,92,present
15984,2057,93,present
15985,2057,94,present
15986,2058,89,present
15987,2058,90,present
15988,2058,91,absent
15989,2058,92,absent
15990,2058,93,present
15991,2058,94,present
15992,2059,89,present
15993,2059,90,present
15994,2059,91,present
15995,2059,92,present
15996,2059,93,present
15997,2059,94,present
15998,2060,89,present
15999,2060,90,absent
16000,2060,91,present
16001,2060,92,present
16002,2060,93,present
16003,2060,94,present
16004,2061,89,present
16005,2061,90,present
16006,2061,91,present
16007,2062,89,present
16008,2062,90,present
16009,2062,91,present
16010,2063,89,present
16011,2063,90,present
16012,2063,91,present
16013,2064,89,present
16014,2064,90,present
16015,2064,91,present
16016,2065,89,present
16017,2065,90,present
16018,2065,91,present
16019,2066,89,present
16020,2066,90,present
16021,2066,91,excused
16022,2067,89,present
16023,2067,90,present
16024,2067,91,present
16025,2068,89,present
16026,2068,90,present
16027,2068,91,present
16028,2069,89,present
16029,2069,90,present
16030,2069,91,present
16031,2070,89,present
16032,2070,90,present
16033,2070,91,present
16034,2071,92,present
16035,2071,93,present
16036,2071,94,present
16037,2072,92,present
16038,2072,93,present
16039,2072,94,present
16040,2073,92,present
16041,2073,93,present
16042,2073,94,late
16043,2074,92,present
16044,2074,93,present
16045,2074,94,present
16046,2075,92,present
16047,2075,93,present
16048,2075,94,present
16049,2076,92,present
16050,2076,93,present
16051,2076,94,present
16052,2077,92,absent
16053,2077,93,late
16054,2077,94,present
16055,2078,92,present
16056,2078,93,present
16057,2078,94,present
16058,2079,92,present
16059,2079,93,absent
16060,2079,94,absent
16061,2080,92,absent
16062,2080,93,present
16063,2080,94,absent
16064,2081,92,present
16065,2081,93,absent
16066,2081,94,present
16067,2082,89,present
16068,2082,90,present
16069,2082,91,present
16070,2082,92,absent
16071,2082,93,present
16072,2082,94,present
16073,2083,89,present
16074,2083,90,present
16075,2083,91,present
16076,2083,92,present
16077,2083,93,present
16078,2083,94,present
16079,2084,89,present
16080,2084,90,present
16081,2084,91,present
16082,2084,92,present
16083,2084,93,present
16084,2084,94,present
16085,2085,89,present
16086,2085,90,present
16087,2085,91,present
16088,2085,92,present
16089,2085,93,present
16090,2085,94,present
16091,2086,89,present
16092,2086,90,present
16093,2086,91,present
16094,2086,92,present
16095,2086,93,present
16096,2086,94,present
16097,2087,89,present
16098,2087,90,present
16099,2087,91,present
16100,2087,92,present
16101,2087,93,present
16102,2087,94,absent
16103,2088,89,present
16104,2088,90,present
16105,2088,91,present
16106,2088,92,absent
16107,2088,93,present
16108,2088,94,present
16109,2089,89,present
16110,2089,90,present
16111,2089,91,present
16112,2089,92,present
16113,2089,93,present
16114,2089,94,present
16115,2090,89,present
16116,2090,90,present
16117,2090,91,absent
16118,2090,92,present
16119,2090,93,present
16120,2090,94,present
16121,2091,89,present
16122,2091,90,present
16123,2091,91,present
16124,2091,92,present
16125,2091,93,present
16126,2091,94,present
16127,2092,89,present
16128,2092,90,present
16129,2092,91,absent
16130,2092,92,excused
16131,2092,93,present
16132,2092,94,present
16133,2093,89,present
16134,2093,90,present
16135,2093,91,present
16136,2093,92,present
16137,2093,93,present
16138,2093,94,present
16139,2094,89,present
16140,2094,90,present
16141,2094,91,absent
16142,2094,92,present
16143,2094,93,present
16144,2094,94,present
16145,2095,89,present
16146,2095,90,present
16147,2095,91,present
16148,2095,92,present
16149,2095,93,present
16150,2095,94,present
16151,2096,89,present
16152,2096,90,present
16153,2096,91,present
16154,2096,92,absent
16155,2096,93,present
16156,2096,94,present
16157,2097,89,present
16158,2097,90,present
16159,2097,91,present
16160,2097,92,absent
16161,2097,93,present
16162,2097,94,present
16163,2098,89,present
16164,2098,90,present
16165,2098,91,present
16166,2098,92,present
16167,2098,93,present
16168,2098,94,present
16169,2099,89,present
16170,2099,90,present
16171,2099,91,present
16172,2099,92,present
16173,2099,93,present
16174,2099,94,present
16175,2100,89,present
16176,2100,90,present
16177,2100,91,present
16178,2100,92,present
16179,2100,93,present
16180,2100,94,present
16181,2101,89,present
16182,2101,90,present
16183,2101,91,present
16184,2101,92,absent
16185,2101,93,present
16186,2101,94,absent
16187,2102,89,present
16188,2102,90,present
16189,2102,91,absent
16190,2102,92,present
16191,2102,93,present
16192,2102,94,present
16193,2103,89,present
16194,2103,90,present
16195,2103,91,present
16196,2103,92,absent
16197,2103,93,present
16198,2103,94,present
16199,2104,89,present
16200,2104,90,present
16201,2104,91,present
16202,2104,92,present
16203,2104,93,present
16204,2104,94,present
16205,2105,89,present
16206,2105,90,present
16207,2105,91,present
16208,2105,92,present
16209,2105,93,present
16210,2105,94,present
16211,2106,89,present
16212,2106,90,present
16213,2106,91,present
16214,2106,92,present
16215,2106,93,present
16216,2106,94,present
16217,2107,89,present
16218,2107,90,present
16219,2107,91,absent
16220,2107,92,present
16221,2107,93,present
16222,2107,94,absent
16223,2108,89,present
16224,2108,90,present
16225,2108,91,present
16226,2108,92,present
16227,2108,93,present
16228,2108,94,present
16229,2109,89,present
16230,2109,90,present
16231,2109,91,present
16232,2109,92,present
16233,2109,93,present
16234,2109,94,present
16235,2110,89,present
16236,2110,90,present
16237,2110,91,present
16238,2110,92,present
16239,2110,93,present
16240,2110,94,present
16241,2111,89,present
16242,2111,90,present
16243,2111,91,late
16244,2111,92,present
16245,2111,93,present
16246,2111,94,present
16247,2112,89,present
16248,2112,90,present
16249,2112,91,present
16250,2112,92,present
16251,2112,93,present
16252,2112,94,present
16253,2113,89,present
16254,2113,90,present
16255,2113,91,present
16256,2113,92,present
16257,2113,93,present
16258,2113,94,present
16259,2114,89,present
16260,2114,90,present
16261,2114,91,present
16262,2115,89,excused
16263,2115,90,present
16264,2115,91,present
16265,2116,89,present
16266,2116,90,present
16267,2116,91,present
16268,2117,89,present
16269,2117,90,present
16270,2117,91,present
16271,2118,89,present
16272,2118,90,present
16273,2118,91,present
16274,2119,89,absent
16275,2119,90,present
16276,2119,91,present
16277,2120,89,present
16278,2120,90,present
16279,2120,91,absent
16280,2121,89,present
16281,2121,90,present
16282,2121,91,absent
16283,2122,89,present
16284,2122,90,present
16285,2122,91,present
16286,2123,89,absent
16287,2123,90,present
16288,2123,91,present
16289,2124,92,present
16290,2124,93,present
16291,2124,94,absent
16292,2125,92,present
16293,2125,93,present
16294,2125,94,present
16295,2126,92,present
16296,2126,93,present
16297,2126,94,present
16298,2127,92,present
16299,2127,93,present
16300,2127,94,present
16301,2128,92,present
16302,2128,93,present
16303,2128,94,present
16304,2129,92,present
16305,2129,93,present
16306,2129,94,present
16307,2130,92,present
16308,2130,93,present
16309,2130,94,present
16310,2131,92,present
16311,2131,93,present
16312,2131,94,present
16313,2132,92,present
16314,2132,93,present
16315,2132,94,present
16316,2133,92,present
16317,2133,93,present
16318,2133,94,absent
16319,2134,92,present
16320,2134,93,present
16321,2134,94,present
16322,2135,89,present
16323,2135,90,present
16324,2135,91,present
16325,2135,92,present
16326,2135,93,present
16327,2135,94,present
16328,2136,89,present
16329,2136,90,present
16330,2136,91,present
16331,2136,92,present
16332,2136,93,present
16333,2136,94,present
16334,2137,89,present
16335,2137,90,present
16336,2137,91,absent
16337,2137,92,absent
16338,2137,93,present
16339,2137,94,present
16340,2138,89,present
16341,2138,90,present
16342,2138,91,present
16343,2138,92,present
16344,2138,93,absent
16345,2138,94,present
16346,2139,89,present
16347,2139,90,present
16348,2139,91,present
16349,2139,92,present
16350,2139,93,present
16351,2139,94,present
16352,2140,89,present
16353,2140,90,present
16354,2140,91,present
16355,2140,92,absent
16356,2140,93,present
16357,2140,94,present
16358,2141,89,present
16359,2141,90,present
16360,2141,91,present
16361,2141,92,present
16362,2141,93,present
16363,2141,94,present
16364,2142,89,present
16365,2142,90,present
16366,2142,91,present
16367,2142,92,present
16368,2142,93,present
16369,2142,94,present
16370,2143,89,present
16371,2143,90,present
16372,2143,91,present
16373,2143,92,present
16374,2143,93,present
16375,2143,94,present
16376,2144,89,present
16377,2144,90,present
16378,2144,91,absent
16379,2144,92,present
16380,2144,93,present
16381,2144,94,present
16382,2145,89,present
16383,2145,90,present
16384,2145,91,present
16385,2145,92,present
16386,2145,93,present
16387,2145,94,present
16388,2146,89,present
16389,2146,90,present
16390,2146,91,present
16391,2146,92,present
16392,2146,93,present
16393,2146,94,present
16394,2147,89,present
16395,2147,90,present
16396,2147,91,late
16397,2147,92,absent
16398,2147,93,present
16399,2147,94,present
16400,2148,89,present
16401,2148,90,late
16402,2148,91,present
16403,2148,92,present
16404,2148,93,present
16405,2148,94,present
16406,2149,89,present
16407,2149,90,present
16408,2149,91,present
16409,2149,92,absent
16410,2149,93,present
16411,2149,94,present
16412,2150,89,present
16413,2150,90,present
16414,2150,91,present
16415,2150,92,present
16416,2150,93,present
16417,2150,94,present
16418,2151,89,present
16419,2151,90,absent
16420,2151,91,present
16421,2151,92,present
16422,2151,93,present
16423,2151,94,present
16424,2152,89,present
16425,2152,90,present
16426,2152,91,present
16427,2152,92,present
16428,2152,93,present
16429,2152,94,present
16430,2153,89,present
16431,2153,90,present
16432,2153,91,present
16433,2153,92,absent
16434,2153,93,present
16435,2153,94,present
16436,2154,89,present
16437,2154,90,absent
16438,2154,91,absent
16439,2154,92,present
16440,2154,93,present
16441,2154,94,present
16442,2155,89,present
16443,2155,90,present
16444,2155,91,present
16445,2155,92,present
16446,2155,93,present
16447,2155,94,present
16448,2156,89,present
16449,2156,90,late
16450,2156,91,present
16451,2156,92,present
16452,2156,93,present
16453,2156,94,present
16454,2157,89,present
16455,2157,90,present
16456,2157,91,present
16457,2157,92,present
16458,2157,93,present
16459,2157,94,present
16460,2158,89,present
16461,2158,90,present
16462,2158,91,present
16463,2158,92,present
16464,2158,93,present
16465,2158,94,present
16466,2159,89,present
16467,2159,90,present
16468,2159,91,present
16469,2159,92,present
16470,2159,93,present
16471,2159,94,present
16472,2160,89,present
16473,2160,90,present
16474,2160,91,present
16475,2160,92,late
16476,2160,93,present
16477,2160,94,present
16478,2161,89,present
16479,2161,90,present
16480,2161,91,present
16481,2161,92,absent
16482,2161,93,present
16483,2161,94,present
16484,2162,89,present
16485,2162,90,present
16486,2162,91,present
16487,2162,92,present
16488,2162,93,present
16489,2162,94,present
16490,2163,89,present
16491,2163,90,present
16492,2163,91,present
16493,2163,92,present
16494,2163,93,present
16495,2163,94,present
16496,2164,89,present
16497,2164,90,present
16498,2164,91,present
16499,2164,92,present
16500,2164,93,present
16501,2164,94,present
16502,2165,89,present
16503,2165,90,present
16504,2165,91,present
16505,2165,92,present
16506,2165,93,present
16507,2165,94,present
16508,2166,45,present
16509,2166,46,present
16510,2166,47,late
16511,2166,48,absent
16512,2166,49,present
16513,2166,50,present
16514,2167,45,present
16515,2167,46,present
16516,2167,47,present
16517,2167,48,present
16518,2167,49,present
16519,2167,50,present
16520,2168,45,present
16521,2168,46,present
16522,2168,47,present
16523,2168,48,present
16524,2168,49,present
16525,2168,50,present
16526,2169,45,present
16527,2169,46,present
16528,2169,47,present
16529,2169,48,present
16530,2169,49,present
16531,2169,50,absent
16532,2170,45,present
16533,2170,46,present
16534,2170,47,present
16535,2170,48,present
16536,2170,49,present
16537,2170,50,present
16538,2171,45,present
16539,2171,46,present
16540,2171,47,present
16541,2171,48,present
16542,2171,49,present
16543,2171,50,present
16544,2172,45,present
16545,2172,46,present
16546,2172,47,present
16547,2172,48,present
16548,2172,49,present
16549,2172,50,present
16550,2173,45,absent
16551,2173,46,present
16552,2173,47,present
16553,2173,48,present
16554,2173,49,present
16555,2173,50,present
16556,2174,45,present
16557,2174,46,present
16558,2174,47,present
16559,2174,48,present
16560,2174,49,present
16561,2174,50,present
16562,2175,45,present
16563,2175,46,present
16564,2175,47,present
16565,2175,48,present
16566,2175,49,absent
16567,2175,50,present
16568,2176,45,present
16569,2176,46,present
16570,2176,47,present
16571,2176,48,present
16572,2176,49,absent
16573,2176,50,present
16574,2177,45,present
16575,2177,46,present
16576,2177,47,present
16577,2177,48,present
16578,2177,49,present
16579,2177,50,present
16580,2178,45,present
16581,2178,46,present
16582,2178,47,present
16583,2178,48,present
16584,2178,49,present
16585,2178,50,present
16586,2179,45,present
16587,2179,46,present
16588,2179,47,present
16589,2179,48,present
16590,2179,49,late
16591,2179,50,absent
16592,2180,45,present
16593,2180,46,absent
16594,2180,47,present
16595,2180,48,present
16596,2180,49,present
16597,2180,50,present
16598,2181,45,present
16599,2181,46,present
16600,2181,47,present
16601,2181,48,present
16602,2181,49,absent
16603,2181,50,present
16604,2182,45,present
16605,2182,46,present
16606,2182,47,present
16607,2182,48,excused
16608,2182,49,late
16609,2182,50,present
16610,2183,45,present
16611,2183,46,excused
16612,2183,47,present
16613,2183,48,present
16614,2183,49,present
16615,2183,50,present
16616,2184,45,present
16617,2184,46,present
16618,2184,47,present
16619,2184,48,present
16620,2184,49,present
16621,2184,50,present
16622,2185,45,present
16623,2185,46,present
16624,2185,47,present
16625,2185,48,absent
16626,2185,49,present
16627,2185,50,present
16628,2186,45,absent
16629,2186,46,present
16630,2186,47,present
16631,2186,48,present
16632,2186,49,present
16633,2186,50,absent
16634,2187,45,present
16635,2187,46,present
16636,2187,47,present
16637,2187,48,present
16638,2187,49,present
16639,2187,50,present
16640,2188,45,present
16641,2188,46,late
16642,2188,47,present
16643,2188,48,present
16644,2188,49,present
16645,2188,50,present
16646,2189,45,present
16647,2189,46,present
16648,2189,47,present
16649,2189,48,present
16650,2189,49,absent
16651,2189,50,present
16652,2190,45,absent
16653,2190,46,present
16654,2190,47,present
16655,2190,48,absent
16656,2190,49,present
16657,2190,50,present
16658,2191,45,present
16659,2191,46,present
16660,2191,47,present
16661,2191,48,present
16662,2191,49,present
16663,2191,50,present
16664,2192,45,present
16665,2192,46,present
16666,2192,47,present
16667,2192,48,present
16668,2192,49,present
16669,2192,50,present
16670,2193,45,present
16671,2193,46,absent
16672,2193,47,present
16673,2193,48,present
16674,2193,49,present
16675,2193,50,present
16676,2194,45,present
16677,2194,46,absent
16678,2194,47,present
16679,2194,48,present
16680,2194,49,present
16681,2194,50,present
16682,2195,45,present
16683,2195,46,absent
16684,2195,47,present
16685,2195,48,present
16686,2195,49,present
16687,2195,50,present
16688,2196,45,present
16689,2196,46,present
16690,2196,47,present
16691,2196,48,present
16692,2196,49,present
16693,2196,50,present
16694,2197,45,present
16695,2197,46,present
16696,2197,47,present
16697,2197,48,present
16698,2197,49,present
16699,2197,50,present
16700,2198,45,present
16701,2198,46,absent
16702,2198,47,present
16703,2198,48,present
16704,2198,49,present
16705,2198,50,present
16706,2199,45,present
16707,2199,46,present
16708,2199,47,present
16709,2199,48,present
16710,2199,49,absent
16711,2199,50,present
16712,2200,45,present
16713,2200,46,present
16714,2200,47,present
16715,2200,48,present
16716,2200,49,present
16717,2200,50,absent
16718,2201,45,present
16719,2201,46,present
16720,2201,47,present
16721,2201,48,present
16722,2201,49,present
16723,2201,50,present
16724,2202,45,present
16725,2202,46,present
16726,2202,47,present
16727,2202,48,present
16728,2202,49,present
16729,2202,50,present
16730,2203,45,present
16731,2203,46,excused
16732,2203,47,present
16733,2203,48,present
16734,2203,49,present
16735,2203,50,present
16736,2204,45,present
16737,2204,46,present
16738,2204,47,present
16739,2204,48,present
16740,2204,49,present
16741,2204,50,present
16742,2205,45,present
16743,2205,46,present
16744,2205,47,present
16745,2205,48,present
16746,2205,49,present
16747,2205,50,present
16748,2206,45,present
16749,2206,46,present
16750,2206,47,present
16751,2206,48,present
16752,2206,49,present
16753,2206,50,present
16754,2207,45,present
16755,2207,46,late
16756,2207,47,present
16757,2207,48,present
16758,2207,49,present
16759,2207,50,present
16760,2208,45,present
16761,2208,46,present
16762,2208,47,present
16763,2208,48,present
16764,2208,49,absent
16765,2208,50,present
16766,2209,45,present
16767,2209,46,present
16768,2209,47,late
16769,2209,48,present
16770,2209,49,present
16771,2209,50,present
16772,2210,45,present
16773,2210,46,present
16774,2210,47,present
16775,2210,48,present
16776,2210,49,present
16777,2210,50,present
16778,2211,45,present
16779,2211,46,present
16780,2211,47,present
16781,2211,48,present
16782,2211,49,present
16783,2211,50,present
16784,2212,45,present
16785,2212,46,present
16786,2212,47,present
16787,2212,48,present
16788,2212,49,present
16789,2212,50,excused
16790,2213,45,present
16791,2213,46,present
16792,2213,47,present
16793,2213,48,present
16794,2213,49,present
16795,2213,50,absent
16796,2214,45,present
16797,2214,46,present
16798,2214,47,present
16799,2214,48,present
16800,2214,49,present
16801,2214,50,present
16802,2215,45,present
16803,2215,46,present
16804,2215,47,present
16805,2215,48,present
16806,2215,49,present
16807,2215,50,present
16808,2216,45,present
16809,2216,46,present
16810,2216,47,present
16811,2216,48,present
16812,2216,49,absent
16813,2216,50,present
16814,2217,45,present
16815,2217,46,present
16816,2217,47,present
16817,2217,48,present
16818,2217,49,present
16819,2217,50,present
16820,2218,45,present
16821,2218,46,present
16822,2218,47,present
16823,2218,48,present
16824,2218,49,present
16825,2218,50,present
16826,2219,45,present
16827,2219,46,present
16828,2219,47,present
16829,2219,48,present
16830,2219,49,present
16831,2219,50,absent
16832,2220,45,present
16833,2220,46,present
16834,2220,47,present
16835,2220,48,present
16836,2220,49,present
16837,2220,50,present
16838,2221,45,present
16839,2221,46,present
16840,2221,47,present
16841,2221,48,present
16842,2221,49,absent
16843,2221,50,present
16844,2222,45,absent
16845,2222,46,present
16846,2222,47,present
16847,2222,48,present
16848,2222,49,present
16849,2222,50,present
16850,2223,45,present
16851,2223,46,present
16852,2223,47,present
16853,2223,48,present
16854,2223,49,present
16855,2223,50,present
16856,2224,45,present
16857,2224,46,present
16858,2224,47,present
16859,2224,48,present
16860,2224,49,present
16861,2224,50,present
16862,2225,45,excused
16863,2225,46,absent
16864,2225,47,present
16865,2225,48,present
16866,2225,49,present
16867,2225,50,present
16868,2226,45,present
16869,2226,46,present
16870,2226,47,present
16871,2226,48,late
16872,2226,49,absent
16873,2226,50,present
16874,2227,45,present
16875,2227,46,present
16876,2227,47,present
16877,2227,48,present
16878,2227,49,absent
16879,2227,50,present
16880,2228,45,present
16881,2228,46,present
16882,2228,47,present
16883,2228,48,present
16884,2228,49,absent
16885,2228,50,absent
16886,2229,45,present
16887,2229,46,present
16888,2229,47,present
16889,2229,48,present
16890,2229,49,absent
16891,2229,50,present
16892,2230,45,present
16893,2230,46,present
16894,2230,47,present
16895,2230,48,present
16896,2230,49,absent
16897,2230,50,absent
16898,2231,45,present
16899,2231,46,present
16900,2231,47,present
16901,2231,48,present
16902,2231,49,present
16903,2231,50,absent
16904,2232,45,present
16905,2232,46,present
16906,2232,47,present
16907,2232,48,present
16908,2232,49,present
16909,2232,50,present
16910,2233,45,present
16911,2233,46,present
16912,2233,47,present
16913,2233,48,present
16914,2233,49,present
16915,2233,50,present
16916,2234,45,present
16917,2234,46,present
16918,2234,47,present
16919,2234,48,present
16920,2234,49,absent
16921,2234,50,present
16922,2235,45,present
16923,2235,46,present
16924,2235,47,present
16925,2235,48,present
16926,2235,49,present
16927,2235,50,present
16928,2236,45,present
16929,2236,46,present
16930,2236,47,present
16931,2236,48,absent
16932,2236,49,absent
16933,2236,50,present
16934,2237,45,present
16935,2237,46,present
16936,2237,47,present
16937,2237,48,present
16938,2237,49,present
16939,2237,50,present
16940,2238,45,present
16941,2238,46,present
16942,2238,47,present
16943,2238,48,present
16944,2238,49,present
16945,2238,50,present
16946,2239,45,present
16947,2239,46,present
16948,2239,47,present
16949,2239,48,present
16950,2239,49,absent
16951,2239,50,absent
16952,2240,45,present
16953,2240,46,present
16954,2240,47,present
16955,2240,48,present
16956,2240,49,present
16957,2240,50,absent
16958,2241,45,present
16959,2241,46,present
16960,2241,47,present
16961,2241,48,present
16962,2241,49,present
16963,2241,50,excused
16964,2242,45,present
16965,2242,46,present
16966,2242,47,present
16967,2242,48,late
16968,2242,49,present
16969,2242,50,present
16970,2243,45,present
16971,2243,46,present
16972,2243,47,present
16973,2243,48,present
16974,2243,49,absent
16975,2243,50,present
16976,2244,45,present
16977,2244,46,present
16978,2244,47,present
16979,2244,48,absent
16980,2244,49,present
16981,2244,50,present
16982,2245,45,present
16983,2245,46,present
16984,2245,47,present
16985,2245,48,present
16986,2245,49,present
16987,2245,50,late
16988,2246,45,present
16989,2246,46,present
16990,2246,47,present
16991,2246,48,present
16992,2246,49,present
16993,2246,50,present
16994,2247,45,present
16995,2247,46,present
16996,2247,47,present
16997,2247,48,present
16998,2247,49,present
16999,2247,50,present
17000,2248,45,present
17001,2248,46,present
17002,2248,47,present
17003,2248,48,present
17004,2248,49,present
17005,2248,50,absent
17006,2249,45,present
17007,2249,46,present
17008,2249,47,present
17009,2249,48,present
17010,2249,49,excused
17011,2249,50,present
17012,2250,45,present
17013,2250,46,present
17014,2250,47,present
17015,2250,48,present
17016,2250,49,present
17017,2250,50,present
17018,2251,45,present
17019,2251,46,present
17020,2251,47,present
17021,2251,48,absent
17022,2251,49,present
17023,2251,50,present
17024,2252,45,present
17025,2252,46,present
17026,2252,47,present
17027,2252,48,present
17028,2252,49,present
17029,2252,50,excused
17030,2253,45,present
17031,2253,46,present
17032,2253,47,present
17033,2253,48,present
17034,2253,49,absent
17035,2253,50,present
17036,2254,45,present
17037,2254,46,present
17038,2254,47,present
17039,2254,48,present
17040,2254,49,present
17041,2254,50,present
17042,2255,45,present
17043,2255,46,present
17044,2255,47,present
17045,2255,48,present
17046,2255,49,present
17047,2255,50,present
17048,2256,45,present
17049,2256,46,present
17050,2256,47,present
17051,2256,48,present
17052,2256,49,absent
17053,2256,50,absent
17054,2257,45,present
17055,2257,46,present
17056,2257,47,present
17057,2257,48,present
17058,2257,49,present
17059,2257,50,present
17060,2258,45,present
17061,2258,46,present
17062,2258,47,present
17063,2258,48,present
17064,2258,49,present
17065,2258,50,present
17066,2259,45,absent
17067,2259,46,present
17068,2259,47,present
17069,2259,48,present
17070,2259,49,present
17071,2259,50,present
17072,2260,45,present
17073,2260,46,present
17074,2260,47,present
17075,2260,48,present
17076,2260,49,present
17077,2260,50,present
17078,2261,45,absent
17079,2261,46,present
17080,2261,47,present
17081,2261,48,present
17082,2261,49,present
17083,2261,50,present
17084,2262,45,present
17085,2262,46,present
17086,2262,47,absent
17087,2262,48,present
17088,2262,49,present
17089,2262,50,present
17090,2263,45,present
17091,2263,46,present
17092,2263,47,present
17093,2263,48,present
17094,2263,49,present
17095,2263,50,present
17096,2264,45,present
17097,2264,46,present
17098,2264,47,present
17099,2264,48,present
17100,2264,49,present
17101,2264,50,present
17102,2265,45,present
17103,2265,46,present
17104,2265,47,present
17105,2265,48,present
17106,2265,49,present
17107,2265,50,present
17108,2266,45,present
17109,2266,46,present
17110,2266,47,present
17111,2266,48,present
17112,2266,49,present
17113,2266,50,present
17114,2267,45,absent
17115,2267,46,absent
17116,2267,47,present
17117,2267,48,present
17118,2267,49,present
17119,2267,50,present
17120,2268,45,present
17121,2268,46,present
17122,2268,47,present
17123,2268,48,present
17124,2268,49,present
17125,2268,50,present
17126,2269,45,present
17127,2269,46,present
17128,2269,47,present
17129,2269,48,present
17130,2269,49,present
17131,2269,50,present
17132,2270,45,present
17133,2270,46,absent
17134,2270,47,present
17135,2270,48,present
17136,2270,49,present
17137,2270,50,present
17138,2271,45,present
17139,2271,46,present
17140,2271,47,present
17141,2271,48,present
17142,2271,49,present
17143,2271,50,present
17144,2272,45,present
17145,2272,46,present
17146,2272,47,present
17147,2272,48,present
17148,2272,49,present
17149,2272,50,present
17150,2273,45,present
17151,2273,46,present
17152,2273,47,present
17153,2273,48,present
17154,2273,49,present
17155,2273,50,present
17156,2274,45,present
17157,2274,46,present
17158,2274,47,present
17159,2274,48,present
17160,2274,49,absent
17161,2274,50,present
17162,2275,45,present
17163,2275,46,absent
17164,2275,47,present
17165,2275,48,present
17166,2275,49,present
17167,2275,50,present
17168,2276,45,present
17169,2276,46,present
17170,2276,47,present
17171,2276,48,present
17172,2276,49,present
17173,2276,50,present
17174,2277,45,present
17175,2277,46,present
17176,2277,47,present
17177,2277,48,present
17178,2277,49,late
17179,2277,50,present
17180,2278,45,present
17181,2278,46,absent
17182,2278,47,present
17183,2278,48,present
17184,2278,49,present
17185,2278,50,present
17186,2279,45,present
17187,2279,46,present
17188,2279,47,present
17189,2279,48,present
17190,2279,49,present
17191,2279,50,present
17192,2280,45,present
17193,2280,46,present
17194,2280,47,present
17195,2280,48,present
17196,2280,49,present
17197,2280,50,present
17198,2281,45,present
17199,2281,46,late
17200,2281,47,present
17201,2281,48,present
17202,2281,49,present
17203,2281,50,present
17204,2282,45,present
17205,2282,46,present
17206,2282,47,present
17207,2282,48,present
17208,2282,49,present
17209,2282,50,present
17210,2283,45,present
17211,2283,46,present
17212,2283,47,absent
17213,2283,48,present
17214,2283,49,present
17215,2283,50,present
17216,2284,45,present
17217,2284,46,present
17218,2284,47,present
17219,2284,48,present
17220,2284,49,present
17221,2284,50,absent
17222,2285,45,present
17223,2285,46,present
17224,2285,47,present
17225,2285,48,present
17226,2285,49,present
17227,2285,50,present
17228,2286,45,present
17229,2286,46,present
17230,2286,47,present
17231,2286,48,present
17232,2286,49,present
17233,2286,50,present
17234,2287,45,present
17235,2287,46,present
17236,2287,47,present
17237,2287,48,present
17238,2287,49,present
17239,2287,50,present
17240,2288,45,present
17241,2288,46,present
17242,2288,47,present
17243,2288,48,present
17244,2288,49,present
17245,2288,50,present
17246,2289,45,present
17247,2289,46,late
17248,2289,47,present
17249,2289,48,present
17250,2289,49,present
17251,2289,50,present
17252,2290,45,present
17253,2290,46,present
17254,2290,47,present
17255,2290,48,present
17256,2290,49,present
17257,2290,50,present
17258,2291,45,present
17259,2291,46,present
17260,2291,47,present
17261,2292,45,present
17262,2292,46,present
17263,2292,47,present
17264,2293,45,present
17265,2293,46,absent
17266,2293,47,present
17267,2294,45,present
17268,2294,46,absent
17269,2294,47,present
17270,2295,45,present
17271,2295,46,present
17272,2295,47,present
17273,2296,45,present
17274,2296,46,absent
17275,2296,47,present
17276,2297,45,present
17277,2297,46,present
17278,2297,47,present
17279,2298,45,present
17280,2298,46,absent
17281,2298,47,present
17282,2299,45,present
17283,2299,46,present
17284,2299,47,present
17285,2300,45,present
17286,2300,46,present
17287,2300,47,present
17288,2301,45,present
17289,2301,46,present
17290,2301,47,present
17291,2302,48,present
17292,2302,49,present
17293,2302,50,absent
17294,2303,48,present
17295,2303,49,present
17296,2303,50,present
17297,2304,48,present
17298,2304,49,present
17299,2304,50,present
17300,2305,48,present
17301,2305,49,present
17302,2305,50,excused
17303,2306,48,present
17304,2306,49,present
17305,2306,50,present
17306,2307,48,present
17307,2307,49,present
17308,2307,50,present
17309,2308,48,present
17310,2308,49,late
17311,2308,50,absent
17312,2309,48,present
17313,2309,49,present
17314,2309,50,present
17315,2310,48,present
17316,2310,49,present
17317,2310,50,present
17318,2311,48,present
17319,2311,49,present
17320,2311,50,present
17321,2312,45,absent
17322,2312,46,present
17323,2312,47,present
17324,2312,48,present
17325,2312,49,present
17326,2312,50,late
17327,2313,45,present
17328,2313,46,present
17329,2313,47,present
17330,2313,48,present
17331,2313,49,present
17332,2313,50,present
17333,2314,45,present
17334,2314,46,present
17335,2314,47,present
17336,2314,48,present
17337,2314,49,present
17338,2314,50,present
17339,2315,45,present
17340,2315,46,present
17341,2315,47,present
17342,2315,48,present
17343,2315,49,present
17344,2315,50,present
17345,2316,45,present
17346,2316,46,present
17347,2316,47,late
17348,2316,48,absent
17349,2316,49,present
17350,2316,50,present
17351,2317,45,present
17352,2317,46,present
17353,2317,47,present
17354,2317,48,present
17355,2317,49,present
17356,2317,50,present
17357,2318,45,present
17358,2318,46,present
17359,2318,47,present
17360,2318,48,present
17361,2318,49,present
17362,2318,50,present
17363,2319,45,present
17364,2319,46,present
17365,2319,47,present
17366,2319,48,present
17367,2319,49,present
17368,2319,50,present
17369,2320,45,late
17370,2320,46,present
17371,2320,47,present
17372,2320,48,present
17373,2320,49,present
17374,2320,50,present
17375,2321,45,absent
17376,2321,46,present
17377,2321,47,present
17378,2321,48,present
17379,2321,49,present
17380,2321,50,present
17381,2322,45,present
17382,2322,46,present
17383,2322,47,present
17384,2322,48,present
17385,2322,49,present
17386,2322,50,absent
17387,2323,45,present
17388,2323,46,present
17389,2323,47,present
17390,2323,48,present
17391,2323,49,present
17392,2323,50,present
17393,2324,45,present
17394,2324,46,present
17395,2324,47,absent
17396,2324,48,present
17397,2324,49,present
17398,2324,50,absent
17399,2325,45,present
17400,2325,46,present
17401,2325,47,present
17402,2325,48,present
17403,2325,49,present
17404,2325,50,present
17405,2326,45,present
17406,2326,46,present
17407,2326,47,present
17408,2326,48,present
17409,2326,49,present
17410,2326,50,present
17411,2327,45,absent
17412,2327,46,present
17413,2327,47,absent
17414,2327,48,present
17415,2327,49,present
17416,2327,50,present
17417,2328,45,present
17418,2328,46,present
17419,2328,47,present
17420,2328,48,present
17421,2328,49,present
17422,2328,50,present
17423,2329,45,present
17424,2329,46,present
17425,2329,47,absent
17426,2329,48,present
17427,2329,49,present
17428,2329,50,present
17429,2330,45,absent
17430,2330,46,present
17431,2330,47,present
17432,2330,48,present
17433,2330,49,present
17434,2330,50,present
17435,2331,45,present
17436,2331,46,present
17437,2331,47,present
17438,2331,48,present
17439,2331,49,present
17440,2331,50,present
17441,2332,45,present
17442,2332,46,present
17443,2332,47,present
17444,2332,48,absent
17445,2332,49,present
17446,2332,50,present
17447,2333,45,present
17448,2333,46,present
17449,2333,47,present
17450,2333,48,present
17451,2333,49,present
17452,2333,50,present
17453,2334,45,present
17454,2334,46,present
17455,2334,47,present
17456,2334,48,present
17457,2334,49,present
17458,2334,50,present
17459,2335,45,present
17460,2335,46,present
17461,2335,47,present
17462,2335,48,excused
17463,2335,49,present
17464,2335,50,present
17465,2336,45,present
17466,2336,46,present
17467,2336,47,present
17468,2336,48,present
17469,2336,49,present
17470,2336,50,present
17471,2337,45,present
17472,2337,46,present
17473,2337,47,present
17474,2337,48,absent
17475,2337,49,present
17476,2337,50,present
17477,2338,45,absent
17478,2338,46,present
17479,2338,47,present
17480,2338,48,present
17481,2338,49,present
17482,2338,50,present
17483,2339,45,present
17484,2339,46,present
17485,2339,47,present
17486,2339,48,present
17487,2339,49,present
17488,2339,50,present
17489,2340,45,absent
17490,2340,46,present
17491,2340,47,present
17492,2340,48,present
17493,2340,49,present
17494,2340,50,present
17495,2341,45,present
17496,2341,46,present
17497,2341,47,present
17498,2341,48,present
17499,2341,49,present
17500,2341,50,present
17501,2342,45,present
17502,2342,46,present
17503,2342,47,present
17504,2342,48,present
17505,2342,49,present
17506,2342,50,present
17507,2343,45,present
17508,2343,46,present
17509,2343,47,present
17510,2344,45,present
17511,2344,46,present
17512,2344,47,present
17513,2345,45,present
17514,2345,46,present
17515,2345,47,present
17516,2346,45,present
17517,2346,46,present
17518,2346,47,present
17519,2347,45,present
17520,2347,46,present
17521,2347,47,present
17522,2348,45,present
17523,2348,46,present
17524,2348,47,present
17525,2349,45,present
17526,2349,46,present
17527,2349,47,present
17528,2350,45,present
17529,2350,46,present
17530,2350,47,present
17531,2351,45,present
17532,2351,46,present
17533,2351,47,present
17534,2352,45,present
17535,2352,46,present
17536,2352,47,present
17537,2353,48,excused
17538,2353,49,present
17539,2353,50,present
17540,2354,48,present
17541,2354,49,present
17542,2354,50,present
17543,2355,48,present
17544,2355,49,present
17545,2355,50,present
17546,2356,48,absent
17547,2356,49,present
17548,2356,50,present
17549,2357,48,present
17550,2357,49,present
17551,2357,50,present
17552,2358,48,present
17553,2358,49,present
17554,2358,50,present
17555,2359,48,present
17556,2359,49,present
17557,2359,50,present
17558,2360,48,present
17559,2360,49,present
17560,2360,50,present
17561,2361,48,present
17562,2361,49,present
17563,2361,50,present
17564,2362,48,present
17565,2362,49,present
17566,2362,50,present
17567,2363,48,present
17568,2363,49,present
17569,2363,50,absent
17570,2364,95,present
17571,2364,96,present
17572,2364,97,absent
17573,2364,98,present
17574,2364,99,present
17575,2364,100,present
17576,2365,95,absent
17577,2365,96,present
17578,2365,97,present
17579,2365,98,present
17580,2365,99,present
17581,2365,100,present
17582,2366,95,present
17583,2366,96,absent
17584,2366,97,present
17585,2366,98,present
17586,2366,99,present
17587,2366,100,present
17588,2367,95,present
17589,2367,96,present
17590,2367,97,present
17591,2367,98,present
17592,2367,99,present
17593,2367,100,excused
17594,2368,95,present
17595,2368,96,present
17596,2368,97,present
17597,2368,98,present
17598,2368,99,present
17599,2368,100,present
17600,2369,95,late
17601,2369,96,present
17602,2369,97,present
17603,2369,98,present
17604,2369,99,present
17605,2369,100,present
17606,2370,95,absent
17607,2370,96,absent
17608,2370,97,present
17609,2370,98,present
17610,2370,99,present
17611,2370,100,absent
17612,2371,95,present
17613,2371,96,present
17614,2371,97,present
17615,2371,98,present
17616,2371,99,present
17617,2371,100,present
17618,2372,95,present
17619,2372,96,present
17620,2372,97,present
17621,2372,98,present
17622,2372,99,present
17623,2372,100,present
17624,2373,95,present
17625,2373,96,present
17626,2373,97,present
17627,2373,98,present
17628,2373,99,present
17629,2373,100,present
17630,2374,95,present
17631,2374,96,present
17632,2374,97,present
17633,2374,98,present
17634,2374,99,present
17635,2374,100,present
17636,2375,95,present
17637,2375,96,present
17638,2375,97,absent
17639,2375,98,present
17640,2375,99,present
17641,2375,100,present
17642,2376,95,present
17643,2376,96,present
17644,2376,97,present
17645,2376,98,present
17646,2376,99,present
17647,2376,100,present
17648,2377,95,late
17649,2377,96,present
17650,2377,97,present
17651,2377,98,present
17652,2377,99,present
17653,2377,100,present
17654,2378,95,present
17655,2378,96,present
17656,2378,97,present
17657,2378,98,present
17658,2378,99,present
17659,2378,100,present
17660,2379,95,present
17661,2379,96,absent
17662,2379,97,present
17663,2379,98,present
17664,2379,99,present
17665,2379,100,present
17666,2380,95,present
17667,2380,96,present
17668,2380,97,present
17669,2380,98,present
17670,2380,99,present
17671,2380,100,present
17672,2381,95,present
17673,2381,96,present
17674,2381,97,present
17675,2381,98,present
17676,2381,99,present
17677,2381,100,present
17678,2382,95,present
17679,2382,96,present
17680,2382,97,absent
17681,2382,98,present
17682,2382,99,present
17683,2382,100,present
17684,2383,95,present
17685,2383,96,present
17686,2383,97,present
17687,2383,98,absent
17688,2383,99,absent
17689,2383,100,present
17690,2384,95,present
17691,2384,96,present
17692,2384,97,present
17693,2384,98,present
17694,2384,99,present
17695,2384,100,present
17696,2385,95,present
17697,2385,96,present
17698,2385,97,present
17699,2385,98,present
17700,2385,99,present
17701,2385,100,present
17702,2386,95,absent
17703,2386,96,present
17704,2386,97,present
17705,2386,98,present
17706,2386,99,present
17707,2386,100,present
17708,2387,95,present
17709,2387,96,present
17710,2387,97,present
17711,2387,98,present
17712,2387,99,present
17713,2387,100,present
17714,2388,95,present
17715,2388,96,present
17716,2388,97,absent
17717,2388,98,present
17718,2388,99,present
17719,2388,100,present
17720,2389,95,present
17721,2389,96,present
17722,2389,97,present
17723,2389,98,present
17724,2389,99,present
17725,2389,100,present
17726,2390,95,present
17727,2390,96,present
17728,2390,97,present
17729,2390,98,present
17730,2390,99,present
17731,2390,100,present
17732,2391,95,present
17733,2391,96,absent
17734,2391,97,present
17735,2391,98,present
17736,2391,99,present
17737,2391,100,absent
17738,2392,95,absent
17739,2392,96,present
17740,2392,97,present
17741,2392,98,present
17742,2392,99,present
17743,2392,100,present
17744,2393,95,present
17745,2393,96,absent
17746,2393,97,present
17747,2393,98,present
17748,2393,99,present
17749,2393,100,present
17750,2394,95,present
17751,2394,96,present
17752,2394,97,excused
17753,2394,98,present
17754,2394,99,present
17755,2394,100,present
17756,2395,95,present
17757,2395,96,present
17758,2395,97,present
17759,2395,98,present
17760,2395,99,present
17761,2395,100,present
17762,2396,95,present
17763,2396,96,present
17764,2396,97,present
17765,2396,98,present
17766,2396,99,present
17767,2396,100,present
17768,2397,95,present
17769,2397,96,present
17770,2397,97,present
17771,2397,98,present
17772,2397,99,present
17773,2397,100,present
17774,2398,95,present
17775,2398,96,present
17776,2398,97,present
17777,2398,98,present
17778,2398,99,absent
17779,2398,100,present
17780,2399,95,present
17781,2399,96,present
17782,2399,97,present
17783,2399,98,present
17784,2399,99,late
17785,2399,100,present
17786,2400,95,present
17787,2400,96,present
17788,2400,97,present
17789,2400,98,present
17790,2400,99,absent
17791,2400,100,present
17792,2401,95,present
17793,2401,96,present
17794,2401,97,present
17795,2401,98,present
17796,2401,99,present
17797,2401,100,present
17798,2402,95,present
17799,2402,96,present
17800,2402,97,present
17801,2402,98,present
17802,2402,99,absent
17803,2402,100,present
17804,2403,95,present
17805,2403,96,present
17806,2403,97,present
17807,2403,98,present
17808,2403,99,present
17809,2403,100,present
17810,2404,95,present
17811,2404,96,present
17812,2404,97,present
17813,2404,98,present
17814,2404,99,present
17815,2404,100,present
17816,2405,95,present
17817,2405,96,present
17818,2405,97,present
17819,2405,98,present
17820,2405,99,present
17821,2405,100,present
17822,2406,95,present
17823,2406,96,present
17824,2406,97,present
17825,2406,98,present
17826,2406,99,absent
17827,2406,100,present
17828,2407,95,present
17829,2407,96,present
17830,2407,97,present
17831,2407,98,present
17832,2407,99,absent
17833,2407,100,present
17834,2408,95,present
17835,2408,96,present
17836,2408,97,present
17837,2408,98,present
17838,2408,99,present
17839,2408,100,present
17840,2409,95,present
17841,2409,96,present
17842,2409,97,present
17843,2409,98,present
17844,2409,99,present
17845,2409,100,present
17846,2410,95,absent
17847,2410,96,present
17848,2410,97,present
17849,2410,98,present
17850,2410,99,absent
17851,2410,100,late
17852,2411,95,present
17853,2411,96,present
17854,2411,97,present
17855,2411,98,absent
17856,2411,99,present
17857,2411,100,present
17858,2412,95,present
17859,2412,96,present
17860,2412,97,present
17861,2412,98,present
17862,2412,99,present
17863,2412,100,present
17864,2413,95,present
17865,2413,96,present
17866,2413,97,present
17867,2413,98,present
17868,2413,99,absent
17869,2413,100,present
17870,2414,95,present
17871,2414,96,present
17872,2414,97,present
17873,2414,98,absent
17874,2414,99,present
17875,2414,100,present
17876,2415,95,present
17877,2415,96,present
17878,2415,97,present
17879,2415,98,present
17880,2415,99,present
17881,2415,100,present
17882,2416,95,present
17883,2416,96,present
17884,2416,97,present
17885,2416,98,present
17886,2416,99,present
17887,2416,100,excused
17888,2417,95,present
17889,2417,96,absent
17890,2417,97,present
17891,2417,98,present
17892,2417,99,present
17893,2417,100,present
17894,2418,95,present
17895,2418,96,present
17896,2418,97,present
17897,2418,98,present
17898,2418,99,absent
17899,2418,100,present
17900,2419,95,present
17901,2419,96,present
17902,2419,97,present
17903,2419,98,present
17904,2419,99,present
17905,2419,100,present
17906,2420,95,present
17907,2420,96,present
17908,2420,97,present
17909,2420,98,present
17910,2420,99,present
17911,2420,100,present
17912,2421,95,present
17913,2421,96,absent
17914,2421,97,absent
17915,2421,98,present
17916,2421,99,present
17917,2421,100,present
17918,2422,95,present
17919,2422,96,present
17920,2422,97,present
17921,2422,98,present
17922,2422,99,present
17923,2422,100,present
17924,2423,95,present
17925,2423,96,present
17926,2423,97,present
17927,2423,98,present
17928,2423,99,absent
17929,2423,100,present
17930,2424,95,late
17931,2424,96,present
17932,2424,97,present
17933,2424,98,present
17934,2424,99,present
17935,2424,100,present
17936,2425,95,present
17937,2425,96,present
17938,2425,97,present
17939,2425,98,present
17940,2425,99,present
17941,2425,100,present
17942,2426,95,present
17943,2426,96,present
17944,2426,97,absent
17945,2426,98,present
17946,2426,99,absent
17947,2426,100,present
17948,2427,95,present
17949,2427,96,present
17950,2427,97,present
17951,2428,95,present
17952,2428,96,present
17953,2428,97,absent
17954,2429,95,present
17955,2429,96,present
17956,2429,97,present
17957,2430,95,present
17958,2430,96,present
17959,2430,97,present
17960,2431,95,present
17961,2431,96,present
17962,2431,97,absent
17963,2432,95,present
17964,2432,96,late
17965,2432,97,absent
17966,2433,95,present
17967,2433,96,present
17968,2433,97,present
17969,2434,95,present
17970,2434,96,present
17971,2434,97,present
17972,2435,95,late
17973,2435,96,present
17974,2435,97,present
17975,2436,95,present
17976,2436,96,absent
17977,2436,97,present
17978,2437,95,present
17979,2437,96,present
17980,2437,97,present
17981,2438,98,present
17982,2438,99,absent
17983,2438,100,present
17984,2439,98,present
17985,2439,99,present
17986,2439,100,present
17987,2440,98,present
17988,2440,99,late
17989,2440,100,present
17990,2441,98,present
17991,2441,99,present
17992,2441,100,absent
17993,2442,98,present
17994,2442,99,present
17995,2442,100,present
17996,2443,98,present
17997,2443,99,absent
17998,2443,100,present
17999,2444,98,present
18000,2444,99,absent
18001,2444,100,late
18002,2445,98,present
18003,2445,99,present
18004,2445,100,absent
18005,2446,98,present
18006,2446,99,present
18007,2446,100,present
18008,2447,98,present
18009,2447,99,present
18010,2447,100,present
18011,2448,95,present
18012,2448,96,present
18013,2448,97,present
18014,2448,98,present
18015,2448,99,present
18016,2448,100,present
18017,2449,95,present
18018,2449,96,absent
18019,2449,97,present
18020,2449,98,present
18021,2449,99,present
18022,2449,100,present
18023,2450,95,present
18024,2450,96,present
18025,2450,97,present
18026,2450,98,present
18027,2450,99,present
18028,2450,100,present
18029,2451,95,present
18030,2451,96,present
18031,2451,97,present
18032,2451,98,present
18033,2451,99,present
18034,2451,100,absent
18035,2452,95,present
18036,2452,96,present
18037,2452,97,present
18038,2452,98,present
18039,2452,99,present
18040,2452,100,present
18041,2453,95,absent
18042,2453,96,present
18043,2453,97,present
18044,2453,98,present
18045,2453,99,present
18046,2453,100,present
18047,2454,95,present
18048,2454,96,late
18049,2454,97,present
18050,2454,98,present
18051,2454,99,present
18052,2454,100,present
18053,2455,95,absent
18054,2455,96,absent
18055,2455,97,present
18056,2455,98,present
18057,2455,99,absent
18058,2455,100,present
18059,2456,95,present
18060,2456,96,present
18061,2456,97,present
18062,2456,98,present
18063,2456,99,present
18064,2456,100,present
18065,2457,95,absent
18066,2457,96,present
18067,2457,97,absent
18068,2457,98,present
18069,2457,99,present
18070,2457,100,present
18071,2458,95,present
18072,2458,96,present
18073,2458,97,absent
18074,2458,98,present
18075,2458,99,present
18076,2458,100,present
18077,2459,95,present
18078,2459,96,present
18079,2459,97,present
18080,2459,98,present
18081,2459,99,present
18082,2459,100,present
18083,2460,95,present
18084,2460,96,present
18085,2460,97,present
18086,2460,98,present
18087,2460,99,present
18088,2460,100,present
18089,2461,95,present
18090,2461,96,present
18091,2461,97,absent
18092,2461,98,present
18093,2461,99,present
18094,2461,100,present
18095,2462,95,present
18096,2462,96,present
18097,2462,97,present
18098,2462,98,present
18099,2462,99,absent
18100,2462,100,absent
18101,2463,95,present
18102,2463,96,present
18103,2463,97,present
18104,2463,98,present
18105,2463,99,absent
18106,2463,100,present
18107,2464,95,present
18108,2464,96,present
18109,2464,97,absent
18110,2464,98,absent
18111,2464,99,present
18112,2464,100,present
18113,2465,95,present
18114,2465,96,present
18115,2465,97,present
18116,2465,98,present
18117,2465,99,late
18118,2465,100,present
18119,2466,95,present
18120,2466,96,present
18121,2466,97,present
18122,2466,98,present
18123,2466,99,present
18124,2466,100,present
18125,2467,95,present
18126,2467,96,present
18127,2467,97,present
18128,2467,98,present
18129,2467,99,present
18130,2467,100,present
18131,2468,95,absent
18132,2468,96,present
18133,2468,97,present
18134,2468,98,present
18135,2468,99,present
18136,2468,100,absent
18137,2469,95,present
18138,2469,96,present
18139,2469,97,present
18140,2469,98,present
18141,2469,99,absent
18142,2469,100,present
18143,2470,95,present
18144,2470,96,present
18145,2470,97,present
18146,2470,98,present
18147,2470,99,absent
18148,2470,100,present
18149,2471,95,present
18150,2471,96,present
18151,2471,97,present
18152,2471,98,present
18153,2471,99,present
18154,2471,100,present
18155,2472,95,present
18156,2472,96,present
18157,2472,97,present
18158,2472,98,present
18159,2472,99,present
18160,2472,100,present
18161,2473,95,present
18162,2473,96,present
18163,2473,97,absent
18164,2473,98,present
18165,2473,99,present
18166,2473,100,present
18167,2474,95,present
18168,2474,96,present
18169,2474,97,present
18170,2474,98,present
18171,2474,99,excused
18172,2474,100,present
18173,2475,95,late
18174,2475,96,present
18175,2475,97,present
18176,2475,98,present
18177,2475,99,present
18178,2475,100,present
18179,2476,95,present
18180,2476,96,present
18181,2476,97,present
18182,2476,98,present
18183,2476,99,present
18184,2476,100,present
18185,2477,95,present
18186,2477,96,present
18187,2477,97,present
18188,2477,98,present
18189,2477,99,present
18190,2477,100,present
18191,2478,95,present
18192,2478,96,present
18193,2478,97,present
18194,2478,98,present
18195,2478,99,present
18196,2478,100,present
18197,2479,95,present
18198,2479,96,present
18199,2479,97,present
18200,2480,95,present
18201,2480,96,absent
18202,2480,97,present
18203,2481,95,present
18204,2481,96,absent
18205,2481,97,present
18206,2482,95,present
18207,2482,96,present
18208,2482,97,present
18209,2483,95,present
18210,2483,96,present
18211,2483,97,present
18212,2484,95,present
18213,2484,96,present
18214,2484,97,present
18215,2485,95,present
18216,2485,96,present
18217,2485,97,present
18218,2486,95,present
18219,2486,96,present
18220,2486,97,absent
18221,2487,95,absent
18222,2487,96,present
18223,2487,97,present
18224,2488,95,present
18225,2488,96,present
18226,2488,97,absent
18227,2489,98,present
18228,2489,99,present
18229,2489,100,present
18230,2490,98,present
18231,2490,99,present
18232,2490,100,absent
18233,2491,98,absent
18234,2491,99,present
18235,2491,100,present
18236,2492,98,present
18237,2492,99,present
18238,2492,100,present
18239,2493,98,present
18240,2493,99,present
18241,2493,100,present
18242,2494,98,present
18243,2494,99,present
18244,2494,100,present
18245,2495,98,present
18246,2495,99,present
18247,2495,100,present
18248,2496,98,present
18249,2496,99,present
18250,2496,100,present
18251,2497,98,present
18252,2497,99,present
18253,2497,100,present
18254,2498,98,present
18255,2498,99,present
18256,2498,100,present
18257,2499,98,present
18258,2499,99,present
18259,2499,100,present
18260,2500,95,present
18261,2500,96,absent
18262,2500,97,present
18263,2500,98,absent
18264,2500,99,present
18265,2500,100,present
18266,2501,95,present
18267,2501,96,present
18268,2501,97,present
18269,2501,98,present
18270,2501,99,absent
18271,2501,100,present
18272,2502,95,absent
18273,2502,96,present
18274,2502,97,present
18275,2502,98,present
18276,2502,99,present
18277,2502,100,present
18278,2503,95,present
18279,2503,96,absent
18280,2503,97,present
18281,2503,98,present
18282,2503,99,present
18283,2503,100,present
18284,2504,95,present
18285,2504,96,absent
18286,2504,97,present
18287,2504,98,present
18288,2504,99,present
18289,2504,100,absent
18290,2505,95,present
18291,2505,96,present
18292,2505,97,present
18293,2505,98,absent
18294,2505,99,present
18295,2505,100,present
18296,2506,95,present
18297,2506,96,present
18298,2506,97,present
18299,2506,98,absent
18300,2506,99,present
18301,2506,100,present
18302,2507,95,present
18303,2507,96,excused
18304,2507,97,present
18305,2507,98,present
18306,2507,99,present
18307,2507,100,absent
18308,2508,95,present
18309,2508,96,absent
18310,2508,97,present
18311,2508,98,present
18312,2508,99,present
18313,2508,100,present
18314,2509,95,present
18315,2509,96,absent
18316,2509,97,present
18317,2509,98,present
18318,2509,99,present
18319,2509,100,present
18320,2510,95,present
18321,2510,96,present
18322,2510,97,present
18323,2510,98,present
18324,2510,99,present
18325,2510,100,present
18326,2511,95,present
18327,2511,96,present
18328,2511,97,present
18329,2511,98,present
18330,2511,99,present
18331,2511,100,present
18332,2512,95,present
18333,2512,96,present
18334,2512,97,excused
18335,2512,98,present
18336,2512,99,present
18337,2512,100,absent
18338,2513,95,present
18339,2513,96,present
18340,2513,97,present
18341,2513,98,present
18342,2513,99,present
18343,2513,100,present
18344,2514,95,present
18345,2514,96,present
18346,2514,97,present
18347,2514,98,present
18348,2514,99,present
18349,2514,100,present
18350,2515,95,present
18351,2515,96,present
18352,2515,97,present
18353,2515,98,present
18354,2515,99,present
18355,2515,100,present
18356,2516,95,absent
18357,2516,96,late
18358,2516,97,present
18359,2516,98,present
18360,2516,99,absent
18361,2516,100,absent
18362,2517,95,present
18363,2517,96,present
18364,2517,97,present
18365,2517,98,present
18366,2517,99,present
18367,2517,100,present
18368,2518,95,present
18369,2518,96,present
18370,2518,97,present
18371,2518,98,present
18372,2518,99,present
18373,2518,100,present
18374,2519,95,present
18375,2519,96,present
18376,2519,97,present
18377,2519,98,present
18378,2519,99,present
18379,2519,100,present
18380,2520,95,present
18381,2520,96,present
18382,2520,97,absent
18383,2520,98,present
18384,2520,99,present
18385,2520,100,present
18386,2521,95,present
18387,2521,96,present
18388,2521,97,absent
18389,2521,98,present
18390,2521,99,late
18391,2521,100,present
18392,2522,95,present
18393,2522,96,present
18394,2522,97,present
18395,2522,98,present
18396,2522,99,present
18397,2522,100,present
18398,2523,95,present
18399,2523,96,late
18400,2523,97,absent
18401,2523,98,present
18402,2523,99,absent
18403,2523,100,present
18404,2524,95,present
18405,2524,96,present
18406,2524,97,present
18407,2524,98,present
18408,2524,99,present
18409,2524,100,present
18410,2525,95,present
18411,2525,96,present
18412,2525,97,present
18413,2525,98,present
18414,2525,99,absent
18415,2525,100,present
18416,2526,95,absent
18417,2526,96,absent
18418,2526,97,present
18419,2526,98,present
18420,2526,99,absent
18421,2526,100,absent
18422,2527,95,absent
18423,2527,96,present
18424,2527,97,present
18425,2527,98,absent
18426,2527,99,present
18427,2527,100,present
18428,2528,95,present
18429,2528,96,absent
18430,2528,97,present
18431,2528,98,present
18432,2528,99,present
18433,2528,100,excused
18434,2529,95,present
18435,2529,96,present
18436,2529,97,present
18437,2529,98,present
18438,2529,99,present
18439,2529,100,present
18440,2530,95,present
18441,2530,96,present
18442,2530,97,present
18443,2530,98,present
18444,2530,99,absent
18445,2530,100,present
18446,2531,95,present
18447,2531,96,present
18448,2531,97,present
18449,2532,95,present
18450,2532,96,present
18451,2532,97,present
18452,2533,95,present
18453,2533,96,present
18454,2533,97,present
18455,2534,95,present
18456,2534,96,present
18457,2534,97,present
18458,2535,95,present
18459,2535,96,present
18460,2535,97,present
18461,2536,95,absent
18462,2536,96,present
18463,2536,97,present
18464,2537,95,absent
18465,2537,96,present
18466,2537,97,present
18467,2538,95,absent
18468,2538,96,present
18469,2538,97,present
18470,2539,95,present
18471,2539,96,absent
18472,2539,97,present
18473,2540,95,present
18474,2540,96,present
18475,2540,97,present
18476,2541,95,present
18477,2541,96,absent
18478,2541,97,present
18479,2542,98,present
18480,2542,99,present
18481,2542,100,present
18482,2543,98,present
18483,2543,99,present
18484,2543,100,absent
18485,2544,98,present
18486,2544,99,present
18487,2544,100,present
18488,2545,98,present
18489,2545,99,present
18490,2545,100,present
18491,2546,98,absent
18492,2546,99,present
18493,2546,100,present
18494,2547,98,present
18495,2547,99,present
18496,2547,100,present
18497,2548,98,absent
18498,2548,99,present
18499,2548,100,late
18500,2549,98,present
18501,2549,99,present
18502,2549,100,present
18503,2550,98,present
18504,2550,99,absent
18505,2550,100,absent
18506,2551,98,present
18507,2551,99,present
18508,2551,100,present
18509,2552,95,present
18510,2552,96,present
18511,2552,97,absent
18512,2552,98,absent
18513,2552,99,present
18514,2552,100,present
18515,2553,95,present
18516,2553,96,present
18517,2553,97,present
18518,2553,98,present
18519,2553,99,present
18520,2553,100,present
18521,2554,95,absent
18522,2554,96,present
18523,2554,97,present
18524,2554,98,present
18525,2554,99,present
18526,2554,100,late
18527,2555,95,present
18528,2555,96,present
18529,2555,97,present
18530,2555,98,present
18531,2555,99,present
18532,2555,100,present
18533,2556,95,present
18534,2556,96,present
18535,2556,97,present
18536,2556,98,present
18537,2556,99,present
18538,2556,100,present
18539,2557,95,present
18540,2557,96,present
18541,2557,97,present
18542,2557,98,present
18543,2557,99,present
18544,2557,100,present
18545,2558,95,present
18546,2558,96,present
18547,2558,97,present
18548,2558,98,present
18549,2558,99,present
18550,2558,100,present
18551,2559,95,present
18552,2559,96,present
18553,2559,97,present
18554,2559,98,present
18555,2559,99,present
18556,2559,100,absent
18557,2560,95,present
18558,2560,96,present
18559,2560,97,absent
18560,2560,98,present
18561,2560,99,present
18562,2560,100,absent
18563,2561,95,present
18564,2561,96,present
18565,2561,97,present
18566,2561,98,present
18567,2561,99,present
18568,2561,100,present
18569,2562,95,present
18570,2562,96,present
18571,2562,97,present
18572,2562,98,present
18573,2562,99,present
18574,2562,100,late
18575,2563,95,present
18576,2563,96,present
18577,2563,97,absent
18578,2563,98,present
18579,2563,99,absent
18580,2563,100,absent
18581,2564,95,present
18582,2564,96,present
18583,2564,97,absent
18584,2564,98,present
18585,2564,99,present
18586,2564,100,absent
18587,2565,95,present
18588,2565,96,present
18589,2565,97,present
18590,2565,98,present
18591,2565,99,present
18592,2565,100,present
18593,2566,95,absent
18594,2566,96,present
18595,2566,97,present
18596,2566,98,present
18597,2566,99,late
18598,2566,100,present
18599,2567,95,present
18600,2567,96,present
18601,2567,97,present
18602,2567,98,present
18603,2567,99,absent
18604,2567,100,present
18605,2568,95,present
18606,2568,96,present
18607,2568,97,present
18608,2568,98,present
18609,2568,99,late
18610,2568,100,present
18611,2569,95,present
18612,2569,96,absent
18613,2569,97,absent
18614,2569,98,present
18615,2569,99,present
18616,2569,100,absent
18617,2570,95,absent
18618,2570,96,present
18619,2570,97,late
18620,2570,98,present
18621,2570,99,present
18622,2570,100,late
18623,2571,95,present
18624,2571,96,present
18625,2571,97,present
18626,2571,98,late
18627,2571,99,absent
18628,2571,100,present
18629,2572,95,absent
18630,2572,96,present
18631,2572,97,present
18632,2572,98,present
18633,2572,99,present
18634,2572,100,late
18635,2573,95,present
18636,2573,96,present
18637,2573,97,present
18638,2573,98,present
18639,2573,99,present
18640,2573,100,present
18641,2574,95,absent
18642,2574,96,present
18643,2574,97,present
18644,2574,98,present
18645,2574,99,present
18646,2574,100,present
18647,2575,95,present
18648,2575,96,present
18649,2575,97,absent
18650,2575,98,present
18651,2575,99,absent
18652,2575,100,present
18653,2576,95,present
18654,2576,96,present
18655,2576,97,present
18656,2576,98,present
18657,2576,99,present
18658,2576,100,present
18659,2577,95,present
18660,2577,96,present
18661,2577,97,present
18662,2577,98,present
18663,2577,99,present
18664,2577,100,present
18665,2578,95,present
18666,2578,96,present
18667,2578,97,present
18668,2578,98,present
18669,2578,99,present
18670,2578,100,present
18671,2579,95,present
18672,2579,96,present
18673,2579,97,present
18674,2579,98,absent
18675,2579,99,present
18676,2579,100,present
18677,2580,95,present
18678,2580,96,present
18679,2580,97,present
18680,2580,98,present
18681,2580,99,present
18682,2580,100,present
18683,2581,95,absent
18684,2581,96,present
18685,2581,97,present
18686,2581,98,present
18687,2581,99,present
18688,2581,100,absent
18689,2582,95,present
18690,2582,96,present
18691,2582,97,present
18692,2582,98,absent
18693,2582,99,present
18694,2582,100,present
18695,2583,95,present
18696,2583,96,present
18697,2583,97,excused
18698,2583,98,present
18699,2583,99,present
18700,2583,100,present
18701,2584,95,present
18702,2584,96,present
18703,2584,97,present
18704,2584,98,present
18705,2584,99,present
18706,2584,100,present
18707,2585,95,present
18708,2585,96,present
18709,2585,97,present
18710,2585,98,present
18711,2585,99,present
18712,2585,100,present
18713,2586,95,present
18714,2586,96,present
18715,2586,97,present
18716,2586,98,present
18717,2586,99,present
18718,2586,100,present
18719,2587,95,present
18720,2587,96,present
18721,2587,97,present
18722,2587,98,present
18723,2587,99,present
18724,2587,100,present
18725,2588,95,absent
18726,2588,96,present
18727,2588,97,present
18728,2588,98,present
18729,2588,99,absent
18730,2588,100,present
18731,2589,95,present
18732,2589,96,present
18733,2589,97,absent
18734,2589,98,present
18735,2589,99,absent
18736,2589,100,present
18737,2590,95,present
18738,2590,96,present
18739,2590,97,present
18740,2590,98,present
18741,2590,99,present
18742,2590,100,present
18743,2591,95,present
18744,2591,96,present
18745,2591,97,present
18746,2591,98,present
18747,2591,99,present
18748,2591,100,present
18749,2592,95,absent
18750,2592,96,present
18751,2592,97,present
18752,2592,98,present
18753,2592,99,absent
18754,2592,100,present
18755,2593,95,absent
18756,2593,96,present
18757,2593,97,present
18758,2593,98,present
18759,2593,99,present
18760,2593,100,present
18761,2594,95,late
18762,2594,96,present
18763,2594,97,present
18764,2594,98,present
18765,2594,99,present
18766,2594,100,present
18767,2595,95,present
18768,2595,96,present
18769,2595,97,present
18770,2595,98,present
18771,2595,99,present
18772,2595,100,present
18773,2596,95,absent
18774,2596,96,present
18775,2596,97,present
18776,2596,98,present
18777,2596,99,absent
18778,2596,100,present
18779,2597,95,present
18780,2597,96,present
18781,2597,97,present
18782,2597,98,present
18783,2597,99,present
18784,2597,100,present
18785,2598,95,present
18786,2598,96,present
18787,2598,97,present
18788,2598,98,present
18789,2598,99,absent
18790,2598,100,present
18791,2599,95,present
18792,2599,96,present
18793,2599,97,absent
18794,2599,98,present
18795,2599,99,present
18796,2599,100,present
18797,2600,95,present
18798,2600,96,present
18799,2600,97,present
18800,2600,98,present
18801,2600,99,present
18802,2600,100,present
18803,2601,95,present
18804,2601,96,present
18805,2601,97,present
18806,2601,98,present
18807,2601,99,present
18808,2601,100,present
18809,2602,95,present
18810,2602,96,present
18811,2602,97,late
18812,2602,98,present
18813,2602,99,present
18814,2602,100,present
18815,2603,95,present
18816,2603,96,present
18817,2603,97,absent
18818,2603,98,present
18819,2603,99,present
18820,2603,100,present
18821,2604,95,present
18822,2604,96,present
18823,2604,97,present
18824,2604,98,present
18825,2604,99,present
18826,2604,100,present
18827,2605,95,late
18828,2605,96,present
18829,2605,97,present
18830,2605,98,absent
18831,2605,99,present
18832,2605,100,present
18833,2606,95,present
18834,2606,96,present
18835,2606,97,present
18836,2606,98,absent
18837,2606,99,present
18838,2606,100,present
18839,2607,95,present
18840,2607,96,present
18841,2607,97,present
18842,2607,98,present
18843,2607,99,present
18844,2607,100,present
18845,2608,95,present
18846,2608,96,present
18847,2608,97,present
18848,2608,98,present
18849,2608,99,present
18850,2608,100,present
18851,2609,95,absent
18852,2609,96,present
18853,2609,97,present
18854,2609,98,present
18855,2609,99,present
18856,2609,100,present
18857,2610,95,present
18858,2610,96,present
18859,2610,97,present
18860,2610,98,present
18861,2610,99,present
18862,2610,100,present
18863,2611,95,late
18864,2611,96,present
18865,2611,97,present
18866,2611,98,present
18867,2611,99,present
18868,2611,100,present
18869,2612,95,present
18870,2612,96,present
18871,2612,97,present
18872,2612,98,present
18873,2612,99,absent
18874,2612,100,present
18875,2613,95,present
18876,2613,96,present
18877,2613,97,present
18878,2613,98,present
18879,2613,99,absent
18880,2613,100,present
18881,2614,95,present
18882,2614,96,present
18883,2614,97,present
18884,2614,98,present
18885,2614,99,present
18886,2614,100,present
18887,2615,1,present
18888,2615,2,present
18889,2615,3,present
18890,2615,4,present
18891,2615,5,present
18892,2615,6,present
18893,2615,7,excused
18894,2615,8,present
18895,2615,9,absent
18896,2615,10,present
18897,2615,11,present
18898,2615,12,present
18899,2615,13,present
18900,2615,14,present
18901,2615,15,present
18902,2615,16,present
18903,2616,1,present
18904,2616,2,present
18905,2616,3,present
18906,2616,4,present
18907,2616,5,present
18908,2616,6,present
18909,2616,7,present
18910,2616,8,present
18911,2616,9,excused
18912,2616,10,present
18913,2616,11,present
18914,2616,12,present
18915,2616,13,absent
18916,2616,14,present
18917,2616,15,present
18918,2616,16,present
18919,2617,1,present
18920,2617,2,present
18921,2617,3,present
18922,2617,4,present
18923,2617,5,present
18924,2617,6,present
18925,2617,7,absent
18926,2617,8,present
18927,2617,9,late
18928,2617,10,present
18929,2617,11,present
18930,2617,12,present
18931,2617,13,present
18932,2617,14,present
18933,2617,15,excused
18934,2617,16,present
18935,2618,1,present
18936,2618,2,present
18937,2618,3,present
18938,2618,4,present
18939,2618,5,present
18940,2618,6,present
18941,2618,7,present
18942,2618,8,present
18943,2618,9,late
18944,2618,10,present
18945,2618,11,present
18946,2618,12,present
18947,2618,13,present
18948,2618,14,present
18949,2618,15,present
18950,2618,16,present
18951,2619,1,present
18952,2619,2,present
18953,2619,3,present
18954,2619,4,present
18955,2619,5,present
18956,2619,6,present
18957,2619,7,present
18958,2619,8,present
18959,2619,9,present
18960,2619,10,present
18961,2619,11,present
18962,2619,12,present
18963,2619,13,present
18964,2619,14,absent
18965,2619,15,present
18966,2619,16,present
18967,2620,1,absent
18968,2620,2,present
18969,2620,3,present
18970,2620,4,present
18971,2620,5,present
18972,2620,6,present
18973,2620,7,absent
18974,2620,8,present
18975,2620,9,present
18976,2620,10,absent
18977,2620,11,present
18978,2620,12,present
18979,2620,13,present
18980,2620,14,present
18981,2620,15,present
18982,2620,16,present
18983,2621,1,present
18984,2621,2,present
18985,2621,3,present
18986,2621,4,present
18987,2621,5,present
18988,2621,6,present
18989,2621,7,present
18990,2621,8,present
18991,2621,9,present
18992,2621,10,present
18993,2621,11,present
18994,2621,12,present
18995,2621,13,present
18996,2621,14,present
18997,2621,15,present
18998,2621,16,present
18999,2622,1,present
19000,2622,2,present
19001,2622,3,present
19002,2622,4,present
19003,2622,5,present
19004,2622,6,present
19005,2622,7,present
19006,2622,8,late
19007,2622,9,present
19008,2622,10,present
19009,2622,11,present
19010,2622,12,present
19011,2622,13,present
19012,2622,14,present
19013,2622,15,present
19014,2622,16,present
19015,2623,1,present
19016,2623,2,present
19017,2623,3,present
19018,2623,4,present
19019,2623,5,absent
19020,2623,6,present
19021,2623,7,absent
19022,2623,8,present
19023,2623,9,present
19024,2623,10,present
19025,2623,11,present
19026,2623,12,present
19027,2623,13,present
19028,2623,14,present
19029,2623,15,present
19030,2623,16,present
19031,2624,1,excused
19032,2624,2,absent
19033,2624,3,absent
19034,2624,4,present
19035,2624,5,absent
19036,2624,6,present
19037,2624,7,present
19038,2624,8,present
19039,2624,9,present
19040,2624,10,present
19041,2624,11,present
19042,2624,12,present
19043,2624,13,present
19044,2624,14,present
19045,2624,15,present
19046,2624,16,present
19047,2625,1,present
19048,2625,2,present
19049,2625,3,late
19050,2625,4,absent
19051,2625,5,present
19052,2625,6,present
19053,2625,7,present
19054,2625,8,present
19055,2625,9,absent
19056,2625,10,present
19057,2625,11,absent
19058,2625,12,present
19059,2625,13,absent
19060,2625,14,present
19061,2625,15,present
19062,2625,16,present
19063,2626,1,present
19064,2626,2,present
19065,2626,3,present
19066,2626,4,present
19067,2626,5,present
19068,2626,6,present
19069,2626,7,absent
19070,2626,8,present
19071,2626,9,present
19072,2626,10,present
19073,2626,11,present
19074,2626,12,absent
19075,2626,13,present
19076,2626,14,present
19077,2626,15,present
19078,2626,16,present
19079,2627,1,present
19080,2627,2,present
19081,2627,3,present
19082,2627,4,absent
19083,2627,5,absent
19084,2627,6,present
19085,2627,7,present
19086,2627,8,present
19087,2627,9,absent
19088,2627,10,present
19089,2627,11,present
19090,2627,12,present
19091,2627,13,present
19092,2627,14,present
19093,2627,15,present
19094,2627,16,present
19095,2628,1,present
19096,2628,2,present
19097,2628,3,present
19098,2628,4,present
19099,2628,5,present
19100,2628,6,present
19101,2628,7,present
19102,2628,8,present
19103,2628,9,present
19104,2628,10,absent
19105,2628,11,present
19106,2628,12,present
19107,2628,13,absent
19108,2628,14,present
19109,2628,15,present
19110,2628,16,present
19111,2629,1,present
19112,2629,2,present
19113,2629,3,present
19114,2629,4,present
19115,2629,5,late
19116,2629,6,present
19117,2629,7,present
19118,2629,8,present
19119,2629,9,present
19120,2629,10,present
19121,2629,11,present
19122,2629,12,present
19123,2629,13,present
19124,2629,14,present
19125,2629,15,present
19126,2629,16,present
19127,2630,1,present
19128,2630,2,present
19129,2630,3,present
19130,2630,4,absent
19131,2630,5,absent
19132,2630,6,present
19133,2630,7,absent
19134,2630,8,present
19135,2630,9,present
19136,2630,10,present
19137,2630,11,present
19138,2630,12,present
19139,2630,13,present
19140,2630,14,present
19141,2630,15,present
19142,2630,16,present
19143,2631,1,absent
19144,2631,2,present
19145,2631,3,present
19146,2631,4,present
19147,2631,5,absent
19148,2631,6,present
19149,2631,7,present
19150,2631,8,present
19151,2631,9,present
19152,2631,10,present
19153,2631,11,present
19154,2631,12,present
19155,2631,13,absent
19156,2631,14,present
19157,2631,15,present
19158,2631,16,present
19159,2632,1,present
19160,2632,2,absent
19161,2632,3,present
19162,2632,4,present
19163,2632,5,present
19164,2632,6,present
19165,2632,7,present
19166,2632,8,present
19167,2632,9,absent
19168,2632,10,present
19169,2632,11,present
19170,2632,12,present
19171,2632,13,present
19172,2632,14,present
19173,2632,15,present
19174,2632,16,present
19175,2633,1,present
19176,2633,2,present
19177,2633,3,present
19178,2633,4,present
19179,2633,5,present
19180,2633,6,present
19181,2633,7,present
19182,2633,8,late
19183,2633,9,present
19184,2633,10,present
19185,2633,11,present
19186,2633,12,present
19187,2633,13,present
19188,2633,14,present
19189,2633,15,present
19190,2633,16,present
19191,2634,1,present
19192,2634,2,present
19193,2634,3,present
19194,2634,4,present
19195,2634,5,present
19196,2634,6,present
19197,2634,7,absent
19198,2634,8,present
19199,2634,9,absent
19200,2634,10,present
19201,2634,11,present
19202,2634,12,present
19203,2634,13,present
19204,2634,14,present
19205,2634,15,present
19206,2634,16,present
19207,2635,1,present
19208,2635,2,present
19209,2635,3,absent
19210,2635,4,absent
19211,2635,5,absent
19212,2635,6,present
19213,2635,7,absent
19214,2635,8,absent
19215,2635,9,absent
19216,2635,10,present
19217,2635,11,present
19218,2635,12,present
19219,2635,13,absent
19220,2635,14,present
19221,2635,15,present
19222,2635,16,present
19223,2636,1,present
19224,2636,2,present
19225,2636,3,present
19226,2636,4,present
19227,2636,5,present
19228,2636,6,present
19229,2636,7,present
19230,2636,8,present
19231,2636,9,late
19232,2636,10,present
19233,2636,11,present
19234,2636,12,present
19235,2636,13,absent
19236,2636,14,present
19237,2636,15,present
19238,2636,16,present
19239,2637,1,present
19240,2637,2,present
19241,2637,3,present
19242,2637,4,present
19243,2637,5,present
19244,2637,6,present
19245,2637,7,present
19246,2637,8,present
19247,2637,9,present
19248,2637,10,present
19249,2637,11,present
19250,2637,12,present
19251,2637,13,absent
19252,2637,14,present
19253,2637,15,present
19254,2637,16,present
19255,2638,1,present
19256,2638,2,present
19257,2638,3,present
19258,2638,4,present
19259,2638,5,present
19260,2638,6,present
19261,2638,7,absent
19262,2638,8,present
19263,2638,9,present
19264,2638,10,present
19265,2638,11,present
19266,2638,12,present
19267,2638,13,present
19268,2638,14,present
19269,2638,15,present
19270,2638,16,present
19271,2639,1,present
19272,2639,2,absent
19273,2639,3,present
19274,2639,4,late
19275,2639,5,absent
19276,2639,6,present
19277,2639,7,present
19278,2639,8,present
19279,2639,9,present
19280,2639,10,present
19281,2639,11,present
19282,2639,12,present
19283,2639,13,present
19284,2639,14,present
19285,2639,15,present
19286,2639,16,present
19287,2640,1,present
19288,2640,2,present
19289,2640,3,present
19290,2640,4,present
19291,2640,5,present
19292,2640,6,present
19293,2640,7,present
19294,2640,8,present
19295,2640,9,present
19296,2640,10,present
19297,2640,11,present
19298,2640,12,present
19299,2640,13,present
19300,2640,14,present
19301,2640,15,present
19302,2640,16,present
19303,2641,1,absent
19304,2641,2,absent
19305,2641,3,absent
19306,2641,4,present
19307,2641,5,present
19308,2641,6,absent
19309,2641,7,absent
19310,2641,8,present
19311,2641,9,present
19312,2641,10,absent
19313,2641,11,present
19314,2641,12,present
19315,2641,13,present
19316,2641,14,present
19317,2641,15,present
19318,2641,16,present
19319,2642,1,present
19320,2642,2,present
19321,2642,3,present
19322,2642,4,present
19323,2642,5,absent
19324,2642,6,present
19325,2642,7,present
19326,2642,8,present
19327,2642,9,present
19328,2642,10,absent
19329,2642,11,present
19330,2642,12,present
19331,2642,13,present
19332,2642,14,present
19333,2642,15,present
19334,2642,16,present
19335,2643,1,present
19336,2643,2,present
19337,2643,3,present
19338,2643,4,present
19339,2643,5,present
19340,2643,6,present
19341,2643,7,present
19342,2643,8,present
19343,2643,9,present
19344,2643,10,present
19345,2643,11,excused
19346,2643,12,present
19347,2643,13,present
19348,2643,14,present
19349,2643,15,late
19350,2643,16,absent
19351,2644,1,present
19352,2644,2,present
19353,2644,3,present
19354,2644,4,present
19355,2644,5,present
19356,2644,6,absent
19357,2644,7,present
19358,2644,8,present
19359,2644,9,present
19360,2644,10,absent
19361,2644,11,present
19362,2644,12,absent
19363,2644,13,present
19364,2644,14,present
19365,2644,15,present
19366,2644,16,present
19367,2645,1,present
19368,2645,2,present
19369,2645,3,present
19370,2645,4,present
19371,2645,5,absent
19372,2645,6,present
19373,2645,7,present
19374,2645,8,present
19375,2645,9,present
19376,2645,10,absent
19377,2645,11,present
19378,2645,12,present
19379,2645,13,present
19380,2645,14,present
19381,2645,15,present
19382,2645,16,late
19383,2646,1,present
19384,2646,2,present
19385,2646,3,present
19386,2646,4,present
19387,2646,5,present
19388,2646,6,present
19389,2646,7,absent
19390,2646,8,absent
19391,2646,9,absent
19392,2646,10,absent
19393,2646,11,present
19394,2646,12,present
19395,2646,13,present
19396,2646,14,absent
19397,2646,15,present
19398,2646,16,present
19399,2647,1,present
19400,2647,2,present
19401,2647,3,present
19402,2647,4,present
19403,2647,5,present
19404,2647,6,present
19405,2647,7,present
19406,2647,8,late
19407,2647,9,present
19408,2647,10,present
19409,2647,11,present
19410,2647,12,present
19411,2647,13,present
19412,2647,14,present
19413,2647,15,present
19414,2647,16,present
19415,2648,1,present
19416,2648,2,absent
19417,2648,3,present
19418,2648,4,present
19419,2648,5,absent
19420,2648,6,present
19421,2648,7,present
19422,2648,8,present
19423,2648,9,present
19424,2648,10,present
19425,2648,11,present
19426,2648,12,present
19427,2648,13,present
19428,2648,14,present
19429,2648,15,present
19430,2648,16,present
19431,2649,1,present
19432,2649,2,present
19433,2649,3,present
19434,2649,4,present
19435,2649,5,late
19436,2649,6,present
19437,2649,7,present
19438,2649,8,present
19439,2649,9,present
19440,2649,10,absent
19441,2649,11,present
19442,2649,12,present
19443,2649,13,present
19444,2649,14,present
19445,2649,15,present
19446,2649,16,present
19447,2650,1,absent
19448,2650,2,present
19449,2650,3,absent
19450,2650,4,absent
19451,2650,5,present
19452,2650,6,absent
19453,2650,7,present
19454,2650,8,present
19455,2650,9,present
19456,2650,10,present
19457,2650,11,present
19458,2650,12,absent
19459,2650,13,absent
19460,2650,14,present
19461,2650,15,present
19462,2650,16,present
19463,2651,1,excused
19464,2651,2,absent
19465,2651,3,present
19466,2651,4,present
19467,2651,5,present
19468,2651,6,absent
19469,2651,7,present
19470,2651,8,present
19471,2651,9,present
19472,2651,10,present
19473,2651,11,present
19474,2651,12,present
19475,2651,13,absent
19476,2651,14,present
19477,2651,15,present
19478,2651,16,present
19479,2652,1,present
19480,2652,2,present
19481,2652,3,present
19482,2652,4,present
19483,2652,5,present
19484,2652,6,present
19485,2652,7,present
19486,2652,8,present
19487,2652,9,present
19488,2652,10,absent
19489,2652,11,present
19490,2652,12,present
19491,2652,13,present
19492,2652,14,present
19493,2652,15,present
19494,2652,16,absent
19495,2653,1,present
19496,2653,2,present
19497,2653,3,present
19498,2653,4,present
19499,2653,5,present
19500,2653,6,absent
19501,2653,7,present
19502,2653,8,present
19503,2653,9,present
19504,2653,10,absent
19505,2653,11,present
19506,2653,12,present
19507,2653,13,present
19508,2653,14,present
19509,2653,15,present
19510,2653,16,present
19511,2654,1,absent
19512,2654,2,present
19513,2654,3,present
19514,2654,4,present
19515,2654,5,present
19516,2654,6,present
19517,2654,7,present
19518,2654,8,absent
19519,2654,9,present
19520,2654,10,present
19521,2654,11,present
19522,2654,12,present
19523,2654,13,absent
19524,2654,14,present
19525,2654,15,present
19526,2654,16,present
19527,2655,1,present
19528,2655,2,present
19529,2655,3,present
19530,2655,4,present
19531,2655,5,present
19532,2655,6,present
19533,2655,7,present
19534,2655,8,present
19535,2655,9,absent
19536,2655,10,absent
19537,2655,11,present
19538,2655,12,present
19539,2655,13,present
19540,2655,14,present
19541,2655,15,present
19542,2655,16,present
19543,2656,1,present
19544,2656,2,absent
19545,2656,3,present
19546,2656,4,present
19547,2656,5,present
19548,2656,6,present
19549,2656,7,present
19550,2656,8,present
19551,2656,9,present
19552,2656,10,present
19553,2656,11,present
19554,2656,12,present
19555,2656,13,present
19556,2656,14,present
19557,2656,15,present
19558,2656,16,present
19559,2657,1,present
19560,2657,2,present
19561,2657,3,present
19562,2657,4,present
19563,2657,5,present
19564,2657,6,present
19565,2657,7,absent
19566,2657,8,present
19567,2657,9,present
19568,2657,10,present
19569,2657,11,present
19570,2657,12,present
19571,2657,13,present
19572,2657,14,present
19573,2657,15,present
19574,2657,16,present
19575,2658,1,present
19576,2658,2,present
19577,2658,3,present
19578,2658,4,present
19579,2658,5,present
19580,2658,6,present
19581,2658,7,present
19582,2658,8,present
19583,2658,9,present
19584,2658,10,present
19585,2658,11,present
19586,2658,12,absent
19587,2658,13,present
19588,2658,14,present
19589,2658,15,present
19590,2658,16,present
19591,2659,1,present
19592,2659,2,present
19593,2659,3,present
19594,2659,4,present
19595,2659,5,present
19596,2659,6,present
19597,2659,7,present
19598,2659,8,present
19599,2659,9,present
19600,2659,10,present
19601,2659,11,present
19602,2659,12,present
19603,2659,13,present
19604,2659,14,present
19605,2659,15,present
19606,2659,16,present
19607,2660,1,present
19608,2660,2,present
19609,2660,3,present
19610,2660,4,present
19611,2660,5,absent
19612,2660,6,present
19613,2660,7,present
19614,2660,8,present
19615,2660,9,present
19616,2660,10,present
19617,2660,11,present
19618,2660,12,present
19619,2660,13,present
19620,2660,14,present
19621,2660,15,late
19622,2660,16,present
19623,2661,1,present
19624,2661,2,present
19625,2661,3,present
19626,2661,4,present
19627,2661,5,present
19628,2661,6,absent
19629,2661,7,present
19630,2661,8,present
19631,2661,9,absent
19632,2661,10,present
19633,2661,11,present
19634,2661,12,present
19635,2661,13,present
19636,2661,14,present
19637,2661,15,present
19638,2661,16,present
19639,2662,1,present
19640,2662,2,absent
19641,2662,3,present
19642,2662,4,present
19643,2662,5,present
19644,2662,6,present
19645,2662,7,present
19646,2662,8,present
19647,2662,9,absent
19648,2662,10,present
19649,2662,11,present
19650,2662,12,present
19651,2662,13,present
19652,2662,14,present
19653,2662,15,present
19654,2662,16,present
19655,2663,1,present
19656,2663,2,present
19657,2663,3,present
19658,2663,4,present
19659,2663,5,present
19660,2663,6,absent
19661,2663,7,present
19662,2663,8,present
19663,2663,9,present
19664,2663,10,present
19665,2663,11,present
19666,2663,12,present
19667,2663,13,present
19668,2663,14,present
19669,2663,15,present
19670,2663,16,present
19671,2664,1,absent
19672,2664,2,present
19673,2664,3,absent
19674,2664,4,present
19675,2664,5,present
19676,2664,6,present
19677,2664,7,present
19678,2664,8,present
19679,2664,9,present
19680,2664,10,present
19681,2664,11,present
19682,2664,12,present
19683,2664,13,present
19684,2664,14,present
19685,2664,15,present
19686,2664,16,present
19687,2665,1,present
19688,2665,2,present
19689,2665,3,present
19690,2665,4,present
19691,2665,5,present
19692,2665,6,present
19693,2665,7,present
19694,2665,8,present
19695,2665,9,present
19696,2665,10,present
19697,2665,11,present
19698,2665,12,present
19699,2665,13,present
19700,2665,14,present
19701,2665,15,present
19702,2665,16,present
19703,2666,1,present
19704,2666,2,present
19705,2666,3,absent
19706,2666,4,present
19707,2666,5,present
19708,2666,6,present
19709,2666,7,present
19710,2666,8,present
19711,2666,9,absent
19712,2666,10,absent
19713,2666,11,present
19714,2666,12,present
19715,2666,13,present
19716,2666,14,present
19717,2666,15,present
19718,2666,16,present
19719,2667,1,present
19720,2667,2,present
19721,2667,3,present
19722,2667,4,present
19723,2667,5,present
19724,2667,6,present
19725,2667,7,present
19726,2667,8,present
19727,2667,9,present
19728,2667,10,present
19729,2667,11,present
19730,2667,12,present
19731,2667,13,present
19732,2667,14,present
19733,2667,15,present
19734,2667,16,present
19735,2668,1,present
19736,2668,2,present
19737,2668,3,present
19738,2668,4,absent
19739,2668,5,absent
19740,2668,6,present
19741,2668,7,present
19742,2668,8,present
19743,2668,9,late
19744,2668,10,present
19745,2668,11,present
19746,2668,12,present
19747,2668,13,absent
19748,2668,14,present
19749,2668,15,present
19750,2668,16,present
19751,2669,1,absent
19752,2669,2,present
19753,2669,3,present
19754,2669,4,present
19755,2669,5,present
19756,2669,6,present
19757,2669,7,present
19758,2669,8,present
19759,2669,9,present
19760,2669,10,present
19761,2669,11,present
19762,2669,12,present
19763,2669,13,present
19764,2669,14,present
19765,2669,15,present
19766,2669,16,present
19767,2670,1,present
19768,2670,2,absent
19769,2670,3,present
19770,2670,4,absent
19771,2670,5,present
19772,2670,6,present
19773,2670,7,present
19774,2670,8,present
19775,2670,9,present
19776,2670,10,present
19777,2670,11,present
19778,2670,12,absent
19779,2670,13,present
19780,2670,14,present
19781,2670,15,absent
19782,2670,16,present
19783,2671,1,present
19784,2671,2,absent
19785,2671,3,present
19786,2671,4,present
19787,2671,5,absent
19788,2671,6,present
19789,2671,7,present
19790,2671,8,present
19791,2671,9,present
19792,2671,10,present
19793,2671,11,present
19794,2671,12,present
19795,2671,13,present
19796,2671,14,present
19797,2671,15,present
19798,2671,16,present
19799,2672,1,present
19800,2672,2,present
19801,2672,3,present
19802,2672,4,present
19803,2672,5,absent
19804,2672,6,present
19805,2672,7,present
19806,2672,8,present
19807,2672,9,late
19808,2672,10,present
19809,2672,11,absent
19810,2672,12,present
19811,2672,13,present
19812,2672,14,present
19813,2672,15,present
19814,2672,16,present
19815,2673,1,late
19816,2673,2,excused
19817,2673,3,present
19818,2673,4,absent
19819,2673,5,present
19820,2673,6,present
19821,2673,7,present
19822,2673,8,present
19823,2673,9,present
19824,2673,10,present
19825,2673,11,present
19826,2673,12,present
19827,2673,13,present
19828,2673,14,present
19829,2673,15,present
19830,2673,16,present
19831,2674,1,present
19832,2674,2,present
19833,2674,3,present
19834,2674,4,present
19835,2674,5,present
19836,2674,6,present
19837,2674,7,present
19838,2674,8,present
19839,2674,9,present
19840,2674,10,absent
19841,2674,11,present
19842,2674,12,late
19843,2674,13,present
19844,2674,14,present
19845,2674,15,present
19846,2674,16,present
19847,2675,1,present
19848,2675,2,present
19849,2675,3,present
19850,2675,4,late
19851,2675,5,present
19852,2675,6,present
19853,2675,7,present
19854,2675,8,absent
19855,2675,9,present
19856,2675,10,present
19857,2675,11,present
19858,2675,12,present
19859,2675,13,present
19860,2675,14,present
19861,2675,15,present
19862,2675,16,present
19863,2676,1,present
19864,2676,2,present
19865,2676,3,excused
19866,2676,4,absent
19867,2676,5,absent
19868,2676,6,absent
19869,2676,7,present
19870,2676,8,present
19871,2676,9,absent
19872,2676,10,present
19873,2676,11,present
19874,2676,12,present
19875,2676,13,present
19876,2676,14,present
19877,2676,15,present
19878,2676,16,present
19879,2677,1,present
19880,2677,2,absent
19881,2677,3,present
19882,2677,4,late
19883,2677,5,late
19884,2677,6,present
19885,2677,7,present
19886,2677,8,present
19887,2677,9,present
19888,2677,10,present
19889,2677,11,present
19890,2677,12,present
19891,2677,13,present
19892,2677,14,present
19893,2677,15,present
19894,2677,16,present
19895,2678,1,present
19896,2678,2,present
19897,2678,3,present
19898,2678,4,absent
19899,2678,5,present
19900,2678,6,present
19901,2678,7,present
19902,2678,8,present
19903,2678,9,absent
19904,2678,10,present
19905,2678,11,present
19906,2678,12,present
19907,2678,13,present
19908,2678,14,present
19909,2678,15,present
19910,2678,16,present
19911,2679,1,late
19912,2679,2,present
19913,2679,3,present
19914,2679,4,absent
19915,2679,5,present
19916,2679,6,present
19917,2679,7,present
19918,2679,8,present
19919,2679,9,late
19920,2679,10,present
19921,2679,11,present
19922,2679,12,present
19923,2679,13,present
19924,2679,14,present
19925,2679,15,present
19926,2679,16,present
19927,2680,1,present
19928,2680,2,present
19929,2680,3,present
19930,2680,4,present
19931,2680,5,present
19932,2680,6,present
19933,2680,7,present
19934,2680,8,present
19935,2680,9,absent
19936,2680,10,present
19937,2680,11,present
19938,2680,12,present
19939,2680,13,present
19940,2680,14,present
19941,2680,15,present
19942,2680,16,present
19943,2681,1,present
19944,2681,2,present
19945,2681,3,absent
19946,2681,4,present
19947,2681,5,present
19948,2681,6,present
19949,2681,7,present
19950,2681,8,present
19951,2681,9,absent
19952,2681,10,absent
19953,2681,11,absent
19954,2681,12,present
19955,2681,13,present
19956,2681,14,present
19957,2681,15,present
19958,2681,16,present
19959,2682,1,present
19960,2682,2,absent
19961,2682,3,present
19962,2682,4,present
19963,2682,5,present
19964,2682,6,absent
19965,2682,7,present
19966,2682,8,present
19967,2682,9,present
19968,2682,10,absent
19969,2682,11,present
19970,2682,12,present
19971,2682,13,present
19972,2682,14,present
19973,2682,15,present
19974,2682,16,present
19975,2683,1,present
19976,2683,2,absent
19977,2683,3,present
19978,2683,4,present
19979,2683,5,present
19980,2683,6,present
19981,2683,7,present
19982,2683,8,present
19983,2683,9,absent
19984,2683,10,present
19985,2683,11,present
19986,2683,12,present
19987,2683,13,present
19988,2683,14,absent
19989,2683,15,present
19990,2683,16,present
19991,2684,1,present
19992,2684,2,present
19993,2684,3,present
19994,2684,4,present
19995,2684,5,present
19996,2684,6,present
19997,2684,7,present
19998,2684,8,excused
19999,2684,9,present
20000,2684,10,present
20001,2684,11,present
20002,2684,12,present
20003,2684,13,late
20004,2684,14,present
20005,2684,15,present
20006,2684,16,present
20007,2685,1,late
20008,2685,2,present
20009,2685,3,present
20010,2685,4,present
20011,2685,5,present
20012,2685,6,present
20013,2685,7,present
20014,2685,8,present
20015,2685,9,present
20016,2685,10,present
20017,2685,11,present
20018,2685,12,present
20019,2685,13,present
20020,2685,14,present
20021,2685,15,present
20022,2685,16,present
20023,2686,1,present
20024,2686,2,absent
20025,2686,3,present
20026,2686,4,present
20027,2686,5,present
20028,2686,6,present
20029,2686,7,present
20030,2686,8,present
20031,2686,9,present
20032,2686,10,present
20033,2686,11,present
20034,2686,12,present
20035,2686,13,present
20036,2686,14,present
20037,2686,15,present
20038,2686,16,present
20039,2687,1,present
20040,2687,2,absent
20041,2687,3,present
20042,2687,4,absent
20043,2687,5,present
20044,2687,6,present
20045,2687,7,present
20046,2687,8,present
20047,2687,9,present
20048,2687,10,present
20049,2687,11,present
20050,2687,12,present
20051,2687,13,present
20052,2687,14,present
20053,2687,15,present
20054,2687,16,present
20055,2688,1,present
20056,2688,2,present
20057,2688,3,present
20058,2688,4,absent
20059,2688,5,present
20060,2688,6,absent
20061,2688,7,present
20062,2688,8,present
20063,2688,9,present
20064,2688,10,present
20065,2688,11,present
20066,2688,12,present
20067,2688,13,present
20068,2688,14,present
20069,2688,15,present
20070,2688,16,present
20071,2689,1,present
20072,2689,2,excused
20073,2689,3,present
20074,2689,4,present
20075,2689,5,present
20076,2689,6,present
20077,2689,7,present
20078,2689,8,present
20079,2689,9,present
20080,2689,10,absent
20081,2689,11,present
20082,2689,12,present
20083,2689,13,present
20084,2689,14,present
20085,2689,15,present
20086,2689,16,present
20087,2690,1,present
20088,2690,2,present
20089,2690,3,present
20090,2690,4,present
20091,2690,5,present
20092,2690,6,present
20093,2690,7,present
20094,2690,8,present
20095,2690,9,present
20096,2690,10,present
20097,2690,11,present
20098,2690,12,present
20099,2690,13,present
20100,2690,14,present
20101,2690,15,absent
20102,2690,16,present
20103,2691,1,present
20104,2691,2,absent
20105,2691,3,absent
20106,2691,4,present
20107,2691,5,excused
20108,2691,6,present
20109,2691,7,present
20110,2691,8,present
20111,2691,9,present
20112,2691,10,present
20113,2691,11,present
20114,2691,12,present
20115,2691,13,present
20116,2691,14,present
20117,2691,15,present
20118,2691,16,present
20119,2692,1,absent
20120,2692,2,present
20121,2692,3,present
20122,2692,4,present
20123,2692,5,absent
20124,2692,6,present
20125,2692,7,present
20126,2692,8,absent
20127,2692,9,present
20128,2692,10,present
20129,2692,11,present
20130,2692,12,absent
20131,2692,13,present
20132,2692,14,present
20133,2692,15,absent
20134,2692,16,present
20135,2693,1,present
20136,2693,2,late
20137,2693,3,present
20138,2693,4,absent
20139,2693,5,present
20140,2693,6,present
20141,2693,7,present
20142,2693,8,absent
20143,2693,9,present
20144,2693,10,absent
20145,2693,11,present
20146,2693,12,excused
20147,2693,13,present
20148,2693,14,present
20149,2693,15,present
20150,2693,16,present
20151,2694,1,present
20152,2694,2,present
20153,2694,3,absent
20154,2694,4,present
20155,2694,5,present
20156,2694,6,absent
20157,2694,7,present
20158,2694,8,present
20159,2694,9,present
20160,2694,10,present
20161,2694,11,present
20162,2694,12,present
20163,2694,13,present
20164,2694,14,present
20165,2694,15,present
20166,2694,16,present
20167,2695,1,present
20168,2695,2,present
20169,2695,3,present
20170,2695,4,present
20171,2695,5,present
20172,2695,6,present
20173,2695,7,present
20174,2695,8,present
20175,2695,9,present
20176,2695,10,present
20177,2695,11,late
20178,2695,12,present
20179,2695,13,present
20180,2695,14,present
20181,2695,15,present
20182,2695,16,present
20183,2696,1,present
20184,2696,2,present
20185,2696,3,present
20186,2696,4,present
20187,2696,5,late
20188,2696,6,present
20189,2696,7,present
20190,2696,8,present
20191,2696,9,absent
20192,2696,10,present
20193,2696,11,present
20194,2696,12,present
20195,2696,13,present
20196,2696,14,present
20197,2696,15,absent
20198,2696,16,present
20199,2697,1,absent
20200,2697,2,present
20201,2697,3,present
20202,2697,4,present
20203,2697,5,present
20204,2697,6,present
20205,2697,7,present
20206,2697,8,present
20207,2697,9,late
20208,2697,10,present
20209,2697,11,present
20210,2697,12,present
20211,2697,13,present
20212,2697,14,present
20213,2697,15,present
20214,2697,16,present
20215,2698,1,present
20216,2698,2,present
20217,2698,3,present
20218,2698,4,present
20219,2698,5,present
20220,2698,6,present
20221,2698,7,present
20222,2698,8,present
20223,2698,9,present
20224,2698,10,present
20225,2698,11,absent
20226,2698,12,present
20227,2698,13,absent
20228,2698,14,late
20229,2698,15,present
20230,2698,16,present
20231,2699,1,present
20232,2699,2,present
20233,2699,3,absent
20234,2699,4,present
20235,2699,5,present
20236,2699,6,present
20237,2699,7,present
20238,2699,8,present
20239,2699,9,present
20240,2699,10,present
20241,2699,11,present
20242,2699,12,present
20243,2699,13,present
20244,2699,14,present
20245,2699,15,present
20246,2699,16,present
20247,2700,1,present
20248,2700,2,present
20249,2700,3,present
20250,2700,4,present
20251,2700,5,present
20252,2700,6,present
20253,2700,7,present
20254,2700,8,present
20255,2700,9,present
20256,2700,10,present
20257,2700,11,present
20258,2700,12,present
20259,2700,13,present
20260,2700,14,present
20261,2700,15,present
20262,2700,16,present
20263,2701,1,present
20264,2701,2,present
20265,2701,3,present
20266,2701,4,present
20267,2701,5,present
20268,2701,6,present
20269,2701,7,present
20270,2701,8,present
20271,2701,9,present
20272,2701,10,present
20273,2701,11,present
20274,2701,12,present
20275,2701,13,present
20276,2701,14,present
20277,2701,15,absent
20278,2701,16,present
20279,2702,1,present
20280,2702,2,present
20281,2702,3,late
20282,2702,4,present
20283,2702,5,present
20284,2702,6,present
20285,2702,7,absent
20286,2702,8,present
20287,2702,9,present
20288,2702,10,present
20289,2702,11,present
20290,2702,12,present
20291,2702,13,present
20292,2702,14,present
20293,2702,15,absent
20294,2702,16,present
20295,2703,1,present
20296,2703,2,present
20297,2703,3,present
20298,2703,4,present
20299,2703,5,present
20300,2703,6,present
20301,2703,7,present
20302,2703,8,present
20303,2703,9,late
20304,2703,10,excused
20305,2703,11,present
20306,2703,12,present
20307,2703,13,absent
20308,2703,14,present
20309,2703,15,present
20310,2703,16,absent
20311,2704,1,present
20312,2704,2,present
20313,2704,3,present
20314,2704,4,present
20315,2704,5,present
20316,2704,6,present
20317,2704,7,present
20318,2704,8,present
20319,2704,9,present
20320,2704,10,present
20321,2704,11,present
20322,2704,12,present
20323,2704,13,present
20324,2704,14,present
20325,2704,15,absent
20326,2704,16,absent
20327,2705,1,present
20328,2705,2,present
20329,2705,3,present
20330,2705,4,present
20331,2705,5,present
20332,2705,6,present
20333,2705,7,present
20334,2705,8,present
20335,2705,9,present
20336,2705,10,present
20337,2705,11,present
20338,2705,12,present
20339,2705,13,present
20340,2705,14,present
20341,2705,15,present
20342,2705,16,present
20343,2706,1,present
20344,2706,2,present
20345,2706,3,absent
20346,2706,4,present
20347,2706,5,present
20348,2706,6,absent
20349,2706,7,present
20350,2706,8,present
20351,2706,9,present
20352,2706,10,present
20353,2706,11,absent
20354,2706,12,present
20355,2706,13,present
20356,2706,14,late
20357,2706,15,present
20358,2706,16,present
20359,2707,1,present
20360,2707,2,present
20361,2707,3,present
20362,2707,4,absent
20363,2707,5,present
20364,2707,6,present
20365,2707,7,present
20366,2707,8,present
20367,2707,9,absent
20368,2707,10,present
20369,2707,11,present
20370,2707,12,present
20371,2707,13,absent
20372,2707,14,present
20373,2707,15,present
20374,2707,16,absent
20375,2708,1,present
20376,2708,2,present
20377,2708,3,present
20378,2708,4,late
20379,2708,5,present
20380,2708,6,present
20381,2708,7,present
20382,2708,8,present
20383,2708,9,present
20384,2708,10,present
20385,2708,11,present
20386,2708,12,present
20387,2708,13,present
20388,2708,14,present
20389,2708,15,present
20390,2708,16,present
20391,2709,1,absent
20392,2709,2,present
20393,2709,3,present
20394,2709,4,present
20395,2709,5,present
20396,2709,6,present
20397,2709,7,present
20398,2709,8,present
20399,2709,9,present
20400,2709,10,present
20401,2709,11,absent
20402,2709,12,present
20403,2709,13,present
20404,2709,14,present
20405,2709,15,present
20406,2709,16,present
20407,2710,1,present
20408,2710,2,present
20409,2710,3,excused
20410,2710,4,present
20411,2710,5,present
20412,2710,6,present
20413,2710,7,present
20414,2710,8,present
20415,2710,9,present
20416,2710,10,present
20417,2710,11,present
20418,2710,12,absent
20419,2710,13,present
20420,2710,14,present
20421,2710,15,present
20422,2710,16,present
20423,2711,1,present
20424,2711,2,present
20425,2711,3,present
20426,2711,4,present
20427,2711,5,present
20428,2711,6,present
20429,2711,7,present
20430,2711,8,present
20431,2711,9,present
20432,2711,10,late
20433,2711,11,present
20434,2711,12,present
20435,2711,13,present
20436,2711,14,present
20437,2711,15,present
20438,2711,16,present
20439,2712,1,present
20440,2712,2,present
20441,2712,3,present
20442,2712,4,present
20443,2712,5,present
20444,2712,6,absent
20445,2712,7,present
20446,2712,8,present
20447,2712,9,present
20448,2712,10,present
20449,2712,11,absent
20450,2712,12,present
20451,2712,13,present
20452,2712,14,present
20453,2712,15,present
20454,2712,16,absent
20455,2713,1,present
20456,2713,2,present
20457,2713,3,present
20458,2713,4,present
20459,2713,5,present
20460,2713,6,absent
20461,2713,7,absent
20462,2713,8,present
20463,2713,9,present
20464,2713,10,present
20465,2713,11,present
20466,2713,12,present
20467,2713,13,present
20468,2713,14,present
20469,2713,15,present
20470,2713,16,present
20471,2714,1,absent
20472,2714,2,present
20473,2714,3,present
20474,2714,4,present
20475,2714,5,present
20476,2714,6,present
20477,2714,7,present
20478,2714,8,present
20479,2714,9,present
20480,2714,10,present
20481,2714,11,present
20482,2714,12,present
20483,2714,13,present
20484,2714,14,present
20485,2714,15,present
20486,2714,16,present
20487,2715,1,present
20488,2715,2,present
20489,2715,3,present
20490,2715,4,present
20491,2715,5,present
20492,2715,6,present
20493,2715,7,present
20494,2715,8,present
20495,2715,9,present
20496,2715,10,present
20497,2715,11,present
20498,2715,12,present
20499,2715,13,present
20500,2715,14,present
20501,2715,15,present
20502,2715,16,present
20503,2716,1,present
20504,2716,2,present
20505,2716,3,present
20506,2716,4,present
20507,2716,5,present
20508,2716,6,present
20509,2716,7,present
20510,2716,8,present
20511,2716,9,present
20512,2716,10,present
20513,2716,11,present
20514,2716,12,present
20515,2716,13,present
20516,2716,14,present
20517,2716,15,absent
20518,2716,16,present
20519,2717,1,present
20520,2717,2,present
20521,2717,3,present
20522,2717,4,present
20523,2717,5,present
20524,2717,6,present
20525,2717,7,absent
20526,2717,8,present
20527,2717,9,absent
20528,2717,10,present
20529,2717,11,present
20530,2717,12,present
20531,2717,13,present
20532,2717,14,present
20533,2717,15,present
20534,2717,16,absent
20535,2718,1,present
20536,2718,2,present
20537,2718,3,present
20538,2718,4,present
20539,2718,5,present
20540,2718,6,present
20541,2718,7,present
20542,2718,8,present
20543,2718,9,absent
20544,2718,10,present
20545,2718,11,absent
20546,2718,12,present
20547,2718,13,present
20548,2718,14,present
20549,2718,15,present
20550,2718,16,present
20551,2719,1,present
20552,2719,2,present
20553,2719,3,present
20554,2719,4,present
20555,2719,5,absent
20556,2719,6,present
20557,2719,7,present
20558,2719,8,present
20559,2719,9,absent
20560,2719,10,present
20561,2719,11,present
20562,2719,12,late
20563,2719,13,present
20564,2719,14,present
20565,2719,15,present
20566,2719,16,present
20567,2720,1,present
20568,2720,2,present
20569,2720,3,present
20570,2720,4,present
20571,2720,5,late
20572,2720,6,present
20573,2720,7,present
20574,2720,8,present
20575,2720,9,present
20576,2720,10,present
20577,2720,11,absent
20578,2720,12,absent
20579,2720,13,present
20580,2720,14,present
20581,2720,15,present
20582,2720,16,absent
20583,2721,1,present
20584,2721,2,present
20585,2721,3,present
20586,2721,4,present
20587,2721,5,present
20588,2721,6,late
20589,2721,7,present
20590,2721,8,present
20591,2721,9,present
20592,2721,10,present
20593,2721,11,present
20594,2721,12,present
20595,2721,13,present
20596,2721,14,present
20597,2721,15,present
20598,2721,16,present
20599,2722,1,present
20600,2722,2,present
20601,2722,3,present
20602,2722,4,present
20603,2722,5,present
20604,2722,6,present
20605,2722,7,absent
20606,2722,8,present
20607,2722,9,present
20608,2722,10,present
20609,2722,11,present
20610,2722,12,absent
20611,2722,13,present
20612,2722,14,late
20613,2722,15,present
20614,2722,16,present
20615,2723,1,present
20616,2723,2,present
20617,2723,3,present
20618,2723,4,present
20619,2723,5,present
20620,2723,6,present
20621,2723,7,present
20622,2723,8,present
20623,2723,9,present
20624,2723,10,present
20625,2723,11,present
20626,2723,12,present
20627,2723,13,present
20628,2723,14,present
20629,2723,15,present
20630,2723,16,late
20631,2724,1,present
20632,2724,2,present
20633,2724,3,present
20634,2724,4,present
20635,2724,5,present
20636,2724,6,present
20637,2724,7,absent
20638,2724,8,present
20639,2724,9,present
20640,2724,10,present
20641,2724,11,present
20642,2724,12,late
20643,2724,13,present
20644,2724,14,present
20645,2724,15,present
20646,2724,16,present
20647,2725,1,absent
20648,2725,2,present
20649,2725,3,present
20650,2725,4,present
20651,2725,5,absent
20652,2725,6,present
20653,2725,7,present
20654,2725,8,present
20655,2725,9,present
20656,2725,10,present
20657,2725,11,present
20658,2725,12,present
20659,2725,13,present
20660,2725,14,present
20661,2725,15,present
20662,2725,16,absent
20663,2726,1,present
20664,2726,2,present
20665,2726,3,present
20666,2726,4,present
20667,2726,5,present
20668,2726,6,present
20669,2726,7,absent
20670,2726,8,present
20671,2726,9,absent
20672,2726,10,present
20673,2726,11,present
20674,2726,12,present
20675,2726,13,present
20676,2726,14,present
20677,2726,15,present
20678,2726,16,absent
20679,2727,1,present
20680,2727,2,present
20681,2727,3,present
20682,2727,4,present
20683,2727,5,present
20684,2727,6,present
20685,2727,7,absent
20686,2727,8,present
20687,2727,9,present
20688,2727,10,present
20689,2727,11,absent
20690,2727,12,present
20691,2727,13,present
20692,2727,14,present
20693,2727,15,absent
20694,2727,16,present
20695,2728,1,present
20696,2728,2,present
20697,2728,3,present
20698,2728,4,absent
20699,2728,5,present
20700,2728,6,present
20701,2728,7,present
20702,2728,8,present
20703,2728,9,present
20704,2728,10,present
20705,2728,11,present
20706,2728,12,present
20707,2728,13,present
20708,2728,14,present
20709,2728,15,present
20710,2728,16,present
20711,2729,1,present
20712,2729,2,present
20713,2729,3,present
20714,2729,4,present
20715,2729,5,present
20716,2729,6,present
20717,2729,7,present
20718,2729,8,present
20719,2729,9,absent
20720,2729,10,present
20721,2729,11,present
20722,2729,12,present
20723,2729,13,present
20724,2729,14,present
20725,2729,15,present
20726,2729,16,present
20727,2730,1,present
20728,2730,2,present
20729,2730,3,present
20730,2730,4,present
20731,2730,5,present
20732,2730,6,present
20733,2730,7,present
20734,2730,8,present
20735,2730,9,present
20736,2730,10,present
20737,2730,11,absent
20738,2730,12,present
20739,2730,13,present
20740,2730,14,present
20741,2730,15,present
20742,2730,16,present
20743,2731,1,present
20744,2731,2,present
20745,2731,3,present
20746,2731,4,present
20747,2731,5,present
20748,2731,6,present
20749,2731,7,present
20750,2731,8,present
20751,2731,9,present
20752,2731,10,present
20753,2731,11,present
20754,2731,12,present
20755,2731,13,present
20756,2731,14,present
20757,2731,15,present
20758,2731,16,present
20759,2732,1,present
20760,2732,2,present
20761,2732,3,present
20762,2732,4,present
20763,2732,5,present
20764,2732,6,present
20765,2732,7,present
20766,2732,8,present
20767,2732,9,present
20768,2732,10,present
20769,2732,11,present
20770,2732,12,present
20771,2732,13,present
20772,2732,14,present
20773,2732,15,absent
20774,2732,16,present
20775,2733,1,present
20776,2733,2,present
20777,2733,3,late
20778,2733,4,absent
20779,2733,5,present
20780,2733,6,present
20781,2733,7,present
20782,2733,8,present
20783,2733,9,present
20784,2733,10,present
20785,2733,11,present
20786,2733,12,present
20787,2733,13,present
20788,2733,14,present
20789,2733,15,present
20790,2733,16,present
20791,2734,1,present
20792,2734,2,present
20793,2734,3,present
20794,2734,4,present
20795,2734,5,present
20796,2734,6,present
20797,2734,7,present
20798,2734,8,present
20799,2734,9,present
20800,2734,10,present
20801,2734,11,present
20802,2734,12,present
20803,2734,13,present
20804,2734,14,present
20805,2734,15,present
20806,2734,16,present
20807,2735,1,present
20808,2735,2,present
20809,2735,3,present
20810,2735,4,late
20811,2735,5,present
20812,2735,6,present
20813,2735,7,present
20814,2735,8,present
20815,2735,9,present
20816,2735,10,absent
20817,2735,11,present
20818,2735,12,present
20819,2735,13,present
20820,2735,14,present
20821,2735,15,present
20822,2735,16,absent
20823,2736,1,present
20824,2736,2,present
20825,2736,3,late
20826,2736,4,present
20827,2736,5,present
20828,2736,6,present
20829,2736,7,absent
20830,2736,8,present
20831,2736,9,present
20832,2736,10,present
20833,2736,11,present
20834,2736,12,present
20835,2736,13,absent
20836,2736,14,present
20837,2736,15,present
20838,2736,16,present
20839,2737,1,present
20840,2737,2,present
20841,2737,3,present
20842,2737,4,present
20843,2737,5,present
20844,2737,6,present
20845,2737,7,present
20846,2737,8,present
20847,2737,9,present
20848,2737,10,present
20849,2737,11,present
20850,2737,12,present
20851,2737,13,absent
20852,2737,14,present
20853,2737,15,absent
20854,2737,16,present
20855,2738,1,present
20856,2738,2,present
20857,2738,3,present
20858,2738,4,present
20859,2738,5,present
20860,2738,6,present
20861,2738,7,present
20862,2738,8,present
20863,2738,9,present
20864,2738,10,present
20865,2738,11,absent
20866,2738,12,present
20867,2738,13,present
20868,2738,14,present
20869,2738,15,present
20870,2738,16,present
20871,2739,1,present
20872,2739,2,present
20873,2739,3,present
20874,2739,4,present
20875,2739,5,present
20876,2739,6,present
20877,2739,7,present
20878,2739,8,present
20879,2739,9,present
20880,2739,10,absent
20881,2739,11,present
20882,2739,12,present
20883,2739,13,present
20884,2739,14,present
20885,2739,15,absent
20886,2739,16,absent
20887,2740,1,present
20888,2740,2,present
20889,2740,3,present
20890,2740,4,present
20891,2740,5,present
20892,2740,6,present
20893,2740,7,absent
20894,2740,8,present
20895,2740,9,present
20896,2740,10,present
20897,2740,11,present
20898,2740,12,present
20899,2740,13,present
20900,2740,14,present
20901,2740,15,absent
20902,2740,16,absent
20903,2741,1,present
20904,2741,2,present
20905,2741,3,present
20906,2741,4,present
20907,2741,5,present
20908,2741,6,present
20909,2741,7,present
20910,2741,8,present
20911,2741,9,present
20912,2741,10,present
20913,2741,11,late
20914,2741,12,present
20915,2741,13,present
20916,2741,14,absent
20917,2741,15,late
20918,2741,16,present
20919,2742,1,present
20920,2742,2,present
20921,2742,3,present
20922,2742,4,present
20923,2742,5,present
20924,2742,6,present
20925,2742,7,present
20926,2742,8,present
20927,2742,9,absent
20928,2742,10,present
20929,2742,11,present
20930,2742,12,present
20931,2742,13,present
20932,2742,14,present
20933,2742,15,present
20934,2742,16,present
20935,2743,1,present
20936,2743,2,present
20937,2743,3,present
20938,2743,4,present
20939,2743,5,present
20940,2743,6,present
20941,2743,7,absent
20942,2743,8,present
20943,2743,9,present
20944,2743,10,present
20945,2743,11,present
20946,2743,12,present
20947,2743,13,present
20948,2743,14,present
20949,2743,15,present
20950,2743,16,present
20951,2744,1,present
20952,2744,2,present
20953,2744,3,present
20954,2744,4,present
20955,2744,5,absent
20956,2744,6,present
20957,2744,7,present
20958,2744,8,present
20959,2745,1,present
20960,2745,2,present
20961,2745,3,present
20962,2745,4,present
20963,2745,5,present
20964,2745,6,present
20965,2745,7,present
20966,2745,8,late
20967,2746,1,present
20968,2746,2,present
20969,2746,3,present
20970,2746,4,present
20971,2746,5,present
20972,2746,6,present
20973,2746,7,present
20974,2746,8,present
20975,2747,1,present
20976,2747,2,present
20977,2747,3,present
20978,2747,4,present
20979,2747,5,present
20980,2747,6,present
20981,2747,7,present
20982,2747,8,absent
20983,2748,1,present
20984,2748,2,present
20985,2748,3,present
20986,2748,4,present
20987,2748,5,absent
20988,2748,6,excused
20989,2748,7,present
20990,2748,8,present
20991,2749,1,present
20992,2749,2,present
20993,2749,3,present
20994,2749,4,present
20995,2749,5,excused
20996,2749,6,present
20997,2749,7,present
20998,2749,8,present
20999,2750,1,absent
21000,2750,2,present
21001,2750,3,present
21002,2750,4,present
21003,2750,5,present
21004,2750,6,present
21005,2750,7,present
21006,2750,8,present
21007,2751,1,present
21008,2751,2,present
21009,2751,3,present
21010,2751,4,present
21011,2751,5,present
21012,2751,6,present
21013,2751,7,present
21014,2751,8,present
21015,2752,1,present
21016,2752,2,present
21017,2752,3,present
21018,2752,4,present
21019,2752,5,present
21020,2752,6,present
21021,2752,7,present
21022,2752,8,present
21023,2753,1,present
21024,2753,2,present
21025,2753,3,present
21026,2753,4,present
21027,2753,5,present
21028,2753,6,present
21029,2753,7,present
21030,2753,8,present
21031,2754,1,present
21032,2754,2,present
21033,2754,3,present
21034,2754,4,present
21035,2754,5,present
21036,2754,6,present
21037,2754,7,present
21038,2754,8,present
21039,2755,1,present
21040,2755,2,present
21041,2755,3,present
21042,2755,4,present
21043,2755,5,present
21044,2755,6,present
21045,2755,7,present
21046,2755,8,present
21047,2756,1,present
21048,2756,2,present
21049,2756,3,present
21050,2756,4,present
21051,2756,5,present
21052,2756,6,present
21053,2756,7,present
21054,2756,8,present
21055,2757,1,present
21056,2757,2,present
21057,2757,3,present
21058,2757,4,present
21059,2757,5,present
21060,2757,6,absent
21061,2757,7,present
21062,2757,8,present
21063,2758,1,present
21064,2758,2,present
21065,2758,3,present
21066,2758,4,present
21067,2758,5,present
21068,2758,6,present
21069,2758,7,present
21070,2758,8,absent
21071,2759,1,present
21072,2759,2,present
21073,2759,3,present
21074,2759,4,present
21075,2759,5,present
21076,2759,6,absent
21077,2759,7,present
21078,2759,8,present
21079,2760,9,present
21080,2760,10,present
21081,2760,11,present
21082,2760,12,present
21083,2760,13,present
21084,2760,14,present
21085,2760,15,present
21086,2760,16,present
21087,2761,9,present
21088,2761,10,present
21089,2761,11,present
21090,2761,12,present
21091,2761,13,present
21092,2761,14,present
21093,2761,15,present
21094,2761,16,present
21095,2762,9,absent
21096,2762,10,present
21097,2762,11,present
21098,2762,12,present
21099,2762,13,absent
21100,2762,14,present
21101,2762,15,present
21102,2762,16,present
21103,2763,9,present
21104,2763,10,present
21105,2763,11,absent
21106,2763,12,present
21107,2763,13,present
21108,2763,14,present
21109,2763,15,present
21110,2763,16,present
21111,2764,9,present
21112,2764,10,absent
21113,2764,11,present
21114,2764,12,present
21115,2764,13,absent
21116,2764,14,present
21117,2764,15,present
21118,2764,16,present
21119,2765,9,present
21120,2765,10,present
21121,2765,11,present
21122,2765,12,present
21123,2765,13,present
21124,2765,14,present
21125,2765,15,present
21126,2765,16,present
21127,2766,9,present
21128,2766,10,present
21129,2766,11,present
21130,2766,12,present
21131,2766,13,absent
21132,2766,14,present
21133,2766,15,present
21134,2766,16,absent
21135,2767,9,present
21136,2767,10,absent
21137,2767,11,present
21138,2767,12,present
21139,2767,13,present
21140,2767,14,excused
21141,2767,15,present
21142,2767,16,present
21143,2768,9,present
21144,2768,10,present
21145,2768,11,present
21146,2768,12,present
21147,2768,13,absent
21148,2768,14,present
21149,2768,15,present
21150,2768,16,present
21151,2769,9,present
21152,2769,10,present
21153,2769,11,present
21154,2769,12,present
21155,2769,13,present
21156,2769,14,present
21157,2769,15,present
21158,2769,16,present
21159,2770,9,present
21160,2770,10,present
21161,2770,11,present
21162,2770,12,present
21163,2770,13,present
21164,2770,14,present
21165,2770,15,present
21166,2770,16,present
21167,2771,9,present
21168,2771,10,present
21169,2771,11,present
21170,2771,12,present
21171,2771,13,present
21172,2771,14,present
21173,2771,15,present
21174,2771,16,present
21175,2772,9,present
21176,2772,10,present
21177,2772,11,excused
21178,2772,12,late
21179,2772,13,present
21180,2772,14,present
21181,2772,15,present
21182,2772,16,present
21183,2773,9,present
21184,2773,10,absent
21185,2773,11,present
21186,2773,12,present
21187,2773,13,present
21188,2773,14,present
21189,2773,15,present
21190,2773,16,present
21191,2774,9,present
21192,2774,10,present
21193,2774,11,present
21194,2774,12,present
21195,2774,13,present
21196,2774,14,present
21197,2774,15,present
21198,2774,16,present
21199,2775,1,present
21200,2775,2,present
21201,2775,3,present
21202,2775,4,present
21203,2775,5,present
21204,2775,6,present
21205,2775,7,present
21206,2775,8,present
21207,2775,9,present
21208,2775,10,present
21209,2775,11,excused
21210,2775,12,present
21211,2775,13,absent
21212,2775,14,present
21213,2775,15,absent
21214,2775,16,present
21215,2776,1,present
21216,2776,2,present
21217,2776,3,present
21218,2776,4,present
21219,2776,5,present
21220,2776,6,present
21221,2776,7,present
21222,2776,8,present
21223,2776,9,present
21224,2776,10,present
21225,2776,11,present
21226,2776,12,present
21227,2776,13,present
21228,2776,14,present
21229,2776,15,absent
21230,2776,16,present
21231,2777,1,present
21232,2777,2,present
21233,2777,3,present
21234,2777,4,present
21235,2777,5,present
21236,2777,6,present
21237,2777,7,present
21238,2777,8,present
21239,2777,9,present
21240,2777,10,present
21241,2777,11,present
21242,2777,12,present
21243,2777,13,excused
21244,2777,14,present
21245,2777,15,absent
21246,2777,16,present
21247,2778,1,present
21248,2778,2,present
21249,2778,3,present
21250,2778,4,present
21251,2778,5,present
21252,2778,6,present
21253,2778,7,present
21254,2778,8,absent
21255,2778,9,present
21256,2778,10,present
21257,2778,11,present
21258,2778,12,present
21259,2778,13,late
21260,2778,14,absent
21261,2778,15,present
21262,2778,16,present
21263,2779,1,present
21264,2779,2,present
21265,2779,3,absent
21266,2779,4,present
21267,2779,5,present
21268,2779,6,present
21269,2779,7,present
21270,2779,8,absent
21271,2779,9,present
21272,2779,10,present
21273,2779,11,present
21274,2779,12,present
21275,2779,13,present
21276,2779,14,excused
21277,2779,15,present
21278,2779,16,present
21279,2780,1,present
21280,2780,2,present
21281,2780,3,present
21282,2780,4,present
21283,2780,5,present
21284,2780,6,present
21285,2780,7,present
21286,2780,8,present
21287,2780,9,present
21288,2780,10,present
21289,2780,11,present
21290,2780,12,present
21291,2780,13,present
21292,2780,14,absent
21293,2780,15,present
21294,2780,16,present
21295,2781,1,present
21296,2781,2,present
21297,2781,3,present
21298,2781,4,present
21299,2781,5,present
21300,2781,6,present
21301,2781,7,present
21302,2781,8,present
21303,2781,9,present
21304,2781,10,present
21305,2781,11,present
21306,2781,12,present
21307,2781,13,present
21308,2781,14,present
21309,2781,15,present
21310,2781,16,present
21311,2782,1,present
21312,2782,2,present
21313,2782,3,present
21314,2782,4,present
21315,2782,5,present
21316,2782,6,present
21317,2782,7,present
21318,2782,8,present
21319,2782,9,present
21320,2782,10,present
21321,2782,11,present
21322,2782,12,excused
21323,2782,13,present
21324,2782,14,present
21325,2782,15,absent
21326,2782,16,present
21327,2783,1,present
21328,2783,2,present
21329,2783,3,absent
21330,2783,4,present
21331,2783,5,present
21332,2783,6,absent
21333,2783,7,present
21334,2783,8,present
21335,2783,9,present
21336,2783,10,present
21337,2783,11,present
21338,2783,12,present
21339,2783,13,present
21340,2783,14,present
21341,2783,15,present
21342,2783,16,present
21343,2784,1,present
21344,2784,2,present
21345,2784,3,present
21346,2784,4,present
21347,2784,5,present
21348,2784,6,present
21349,2784,7,present
21350,2784,8,present
21351,2784,9,present
21352,2784,10,present
21353,2784,11,present
21354,2784,12,present
21355,2784,13,late
21356,2784,14,present
21357,2784,15,present
21358,2784,16,present
21359,2785,1,present
21360,2785,2,present
21361,2785,3,present
21362,2785,4,present
21363,2785,5,present
21364,2785,6,absent
21365,2785,7,present
21366,2785,8,late
21367,2785,9,present
21368,2785,10,present
21369,2785,11,present
21370,2785,12,present
21371,2785,13,present
21372,2785,14,present
21373,2785,15,absent
21374,2785,16,present
21375,2786,1,present
21376,2786,2,present
21377,2786,3,present
21378,2786,4,present
21379,2786,5,present
21380,2786,6,present
21381,2786,7,present
21382,2786,8,present
21383,2786,9,absent
21384,2786,10,present
21385,2786,11,present
21386,2786,12,present
21387,2786,13,excused
21388,2786,14,present
21389,2786,15,absent
21390,2786,16,present
21391,2787,1,present
21392,2787,2,present
21393,2787,3,absent
21394,2787,4,present
21395,2787,5,present
21396,2787,6,present
21397,2787,7,present
21398,2787,8,present
21399,2787,9,present
21400,2787,10,present
21401,2787,11,present
21402,2787,12,present
21403,2787,13,late
21404,2787,14,present
21405,2787,15,absent
21406,2787,16,present
21407,2788,1,present
21408,2788,2,present
21409,2788,3,present
21410,2788,4,present
21411,2788,5,present
21412,2788,6,present
21413,2788,7,present
21414,2788,8,absent
21415,2788,9,present
21416,2788,10,present
21417,2788,11,present
21418,2788,12,absent
21419,2788,13,present
21420,2788,14,absent
21421,2788,15,absent
21422,2788,16,present
21423,2789,1,present
21424,2789,2,present
21425,2789,3,present
21426,2789,4,present
21427,2789,5,present
21428,2789,6,present
21429,2789,7,absent
21430,2789,8,absent
21431,2789,9,present
21432,2789,10,present
21433,2789,11,present
21434,2789,12,absent
21435,2789,13,present
21436,2789,14,present
21437,2789,15,present
21438,2789,16,present
21439,2790,1,excused
21440,2790,2,present
21441,2790,3,present
21442,2790,4,present
21443,2790,5,present
21444,2790,6,present
21445,2790,7,present
21446,2790,8,absent
21447,2790,9,present
21448,2790,10,present
21449,2790,11,late
21450,2790,12,late
21451,2790,13,present
21452,2790,14,excused
21453,2790,15,present
21454,2790,16,present
21455,2791,1,present
21456,2791,2,present
21457,2791,3,present
21458,2791,4,present
21459,2791,5,present
21460,2791,6,present
21461,2791,7,absent
21462,2791,8,present
21463,2791,9,absent
21464,2791,10,present
21465,2791,11,present
21466,2791,12,present
21467,2791,13,present
21468,2791,14,excused
21469,2791,15,absent
21470,2791,16,present
21471,2792,1,present
21472,2792,2,present
21473,2792,3,present
21474,2792,4,present
21475,2792,5,present
21476,2792,6,present
21477,2792,7,present
21478,2792,8,present
21479,2792,9,present
21480,2792,10,present
21481,2792,11,present
21482,2792,12,present
21483,2792,13,present
21484,2792,14,late
21485,2792,15,present
21486,2792,16,present
21487,2793,1,present
21488,2793,2,present
21489,2793,3,present
21490,2793,4,present
21491,2793,5,present
21492,2793,6,present
21493,2793,7,absent
21494,2793,8,present
21495,2793,9,present
21496,2793,10,present
21497,2793,11,present
21498,2793,12,present
21499,2793,13,absent
21500,2793,14,present
21501,2793,15,absent
21502,2793,16,present
21503,2794,1,present
21504,2794,2,present
21505,2794,3,present
21506,2794,4,late
21507,2794,5,present
21508,2794,6,present
21509,2794,7,present
21510,2794,8,present
21511,2794,9,late
21512,2794,10,present
21513,2794,11,present
21514,2794,12,present
21515,2794,13,present
21516,2794,14,present
21517,2794,15,present
21518,2794,16,present
21519,2795,1,present
21520,2795,2,present
21521,2795,3,present
21522,2795,4,present
21523,2795,5,present
21524,2795,6,present
21525,2795,7,present
21526,2795,8,present
21527,2795,9,absent
21528,2795,10,present
21529,2795,11,late
21530,2795,12,present
21531,2795,13,absent
21532,2795,14,present
21533,2795,15,present
21534,2795,16,present
21535,2796,1,present
21536,2796,2,present
21537,2796,3,present
21538,2796,4,present
21539,2796,5,present
21540,2796,6,absent
21541,2796,7,present
21542,2796,8,present
21543,2796,9,present
21544,2796,10,absent
21545,2796,11,present
21546,2796,12,absent
21547,2796,13,absent
21548,2796,14,present
21549,2796,15,absent
21550,2796,16,absent
21551,2797,1,absent
21552,2797,2,present
21553,2797,3,present
21554,2797,4,present
21555,2797,5,present
21556,2797,6,present
21557,2797,7,present
21558,2797,8,present
21559,2797,9,present
21560,2797,10,late
21561,2797,11,present
21562,2797,12,present
21563,2797,13,present
21564,2797,14,absent
21565,2797,15,present
21566,2797,16,absent
21567,2798,1,present
21568,2798,2,present
21569,2798,3,present
21570,2798,4,late
21571,2798,5,present
21572,2798,6,present
21573,2798,7,present
21574,2798,8,present
21575,2798,9,present
21576,2798,10,present
21577,2798,11,present
21578,2798,12,present
21579,2798,13,absent
21580,2798,14,present
21581,2798,15,late
21582,2798,16,present
21583,2799,1,present
21584,2799,2,present
21585,2799,3,present
21586,2799,4,present
21587,2799,5,present
21588,2799,6,present
21589,2799,7,present
21590,2799,8,present
21591,2799,9,present
21592,2799,10,present
21593,2799,11,absent
21594,2799,12,present
21595,2799,13,present
21596,2799,14,present
21597,2799,15,absent
21598,2799,16,present
21599,2800,1,present
21600,2800,2,present
21601,2800,3,present
21602,2800,4,present
21603,2800,5,present
21604,2800,6,present
21605,2800,7,present
21606,2800,8,present
21607,2800,9,present
21608,2800,10,present
21609,2800,11,present
21610,2800,12,present
21611,2800,13,present
21612,2800,14,present
21613,2800,15,present
21614,2800,16,present
21615,2801,1,present
21616,2801,2,present
21617,2801,3,present
21618,2801,4,present
21619,2801,5,present
21620,2801,6,present
21621,2801,7,present
21622,2801,8,present
21623,2801,9,present
21624,2801,10,present
21625,2801,11,present
21626,2801,12,present
21627,2801,13,excused
21628,2801,14,present
21629,2801,15,present
21630,2801,16,present
21631,2802,1,present
21632,2802,2,present
21633,2802,3,present
21634,2802,4,present
21635,2802,5,present
21636,2802,6,present
21637,2802,7,present
21638,2802,8,present
21639,2802,9,late
21640,2802,10,absent
21641,2802,11,present
21642,2802,12,present
21643,2802,13,absent
21644,2802,14,absent
21645,2802,15,present
21646,2802,16,present
21647,2803,1,present
21648,2803,2,present
21649,2803,3,present
21650,2803,4,present
21651,2803,5,present
21652,2803,6,present
21653,2803,7,present
21654,2803,8,present
21655,2803,9,present
21656,2803,10,present
21657,2803,11,present
21658,2803,12,present
21659,2803,13,absent
21660,2803,14,present
21661,2803,15,present
21662,2803,16,present
21663,2804,1,present
21664,2804,2,present
21665,2804,3,present
21666,2804,4,present
21667,2804,5,present
21668,2804,6,present
21669,2804,7,present
21670,2804,8,present
21671,2804,9,present
21672,2804,10,present
21673,2804,11,present
21674,2804,12,present
21675,2804,13,absent
21676,2804,14,present
21677,2804,15,present
21678,2804,16,present
21679,2805,1,present
21680,2805,2,present
21681,2805,3,present
21682,2805,4,present
21683,2805,5,present
21684,2805,6,present
21685,2805,7,late
21686,2805,8,absent
21687,2805,9,present
21688,2805,10,present
21689,2805,11,present
21690,2805,12,present
21691,2805,13,present
21692,2805,14,present
21693,2805,15,present
21694,2805,16,present
21695,2806,1,present
21696,2806,2,present
21697,2806,3,present
21698,2806,4,present
21699,2806,5,present
21700,2806,6,present
21701,2806,7,present
21702,2806,8,present
21703,2806,9,present
21704,2806,10,present
21705,2806,11,present
21706,2806,12,present
21707,2806,13,present
21708,2806,14,absent
21709,2806,15,present
21710,2806,16,present
21711,2807,1,present
21712,2807,2,present
21713,2807,3,present
21714,2807,4,present
21715,2807,5,absent
21716,2807,6,present
21717,2807,7,present
21718,2807,8,present
21719,2807,9,present
21720,2807,10,present
21721,2807,11,present
21722,2807,12,present
21723,2807,13,present
21724,2807,14,present
21725,2807,15,present
21726,2807,16,absent
21727,2808,1,present
21728,2808,2,present
21729,2808,3,present
21730,2808,4,present
21731,2808,5,present
21732,2808,6,present
21733,2808,7,present
21734,2808,8,present
21735,2808,9,present
21736,2808,10,absent
21737,2808,11,present
21738,2808,12,absent
21739,2808,13,present
21740,2808,14,present
21741,2808,15,present
21742,2808,16,present
21743,2809,1,present
21744,2809,2,present
21745,2809,3,present
21746,2809,4,absent
21747,2809,5,absent
21748,2809,6,present
21749,2809,7,present
21750,2809,8,present
21751,2809,9,present
21752,2809,10,present
21753,2809,11,present
21754,2809,12,present
21755,2809,13,present
21756,2809,14,present
21757,2809,15,present
21758,2809,16,present
21759,2810,1,present
21760,2810,2,present
21761,2810,3,present
21762,2810,4,present
21763,2810,5,present
21764,2810,6,present
21765,2810,7,present
21766,2810,8,excused
21767,2810,9,present
21768,2810,10,present
21769,2810,11,present
21770,2810,12,present
21771,2810,13,present
21772,2810,14,present
21773,2810,15,present
21774,2810,16,present
21775,2811,1,present
21776,2811,2,present
21777,2811,3,present
21778,2811,4,present
21779,2811,5,present
21780,2811,6,absent
21781,2811,7,present
21782,2811,8,present
21783,2811,9,present
21784,2811,10,present
21785,2811,11,absent
21786,2811,12,present
21787,2811,13,present
21788,2811,14,present
21789,2811,15,absent
21790,2811,16,present
21791,2812,1,present
21792,2812,2,present
21793,2812,3,present
21794,2812,4,present
21795,2812,5,present
21796,2812,6,present
21797,2812,7,present
21798,2812,8,present
21799,2812,9,present
21800,2812,10,present
21801,2812,11,present
21802,2812,12,present
21803,2812,13,absent
21804,2812,14,present
21805,2812,15,present
21806,2812,16,present
21807,2813,1,present
21808,2813,2,present
21809,2813,3,present
21810,2813,4,present
21811,2813,5,present
21812,2813,6,present
21813,2813,7,present
21814,2813,8,present
21815,2813,9,present
21816,2813,10,absent
21817,2813,11,present
21818,2813,12,present
21819,2813,13,present
21820,2813,14,present
21821,2813,15,absent
21822,2813,16,present
21823,2814,1,present
21824,2814,2,present
21825,2814,3,present
21826,2814,4,present
21827,2814,5,present
21828,2814,6,present
21829,2814,7,present
21830,2814,8,present
21831,2814,9,present
21832,2814,10,present
21833,2814,11,present
21834,2814,12,present
21835,2814,13,excused
21836,2814,14,present
21837,2814,15,present
21838,2814,16,present
21839,2815,1,present
21840,2815,2,present
21841,2815,3,absent
21842,2815,4,present
21843,2815,5,absent
21844,2815,6,present
21845,2815,7,present
21846,2815,8,late
21847,2815,9,present
21848,2815,10,present
21849,2815,11,present
21850,2815,12,present
21851,2815,13,absent
21852,2815,14,present
21853,2815,15,present
21854,2815,16,present
21855,2816,1,present
21856,2816,2,present
21857,2816,3,present
21858,2816,4,present
21859,2816,5,present
21860,2816,6,present
21861,2816,7,present
21862,2816,8,present
21863,2816,9,absent
21864,2816,10,present
21865,2816,11,present
21866,2816,12,absent
21867,2816,13,present
21868,2816,14,absent
21869,2816,15,present
21870,2816,16,present
21871,2817,1,present
21872,2817,2,present
21873,2817,3,late
21874,2817,4,present
21875,2817,5,present
21876,2817,6,present
21877,2817,7,present
21878,2817,8,present
21879,2817,9,present
21880,2817,10,present
21881,2817,11,present
21882,2817,12,present
21883,2817,13,late
21884,2817,14,present
21885,2817,15,present
21886,2817,16,present
21887,2818,1,absent
21888,2818,2,present
21889,2818,3,present
21890,2818,4,present
21891,2818,5,present
21892,2818,6,present
21893,2818,7,present
21894,2818,8,present
21895,2818,9,present
21896,2818,10,present
21897,2818,11,absent
21898,2818,12,present
21899,2818,13,present
21900,2818,14,present
21901,2818,15,absent
21902,2818,16,present
21903,2819,1,present
21904,2819,2,present
21905,2819,3,present
21906,2819,4,present
21907,2819,5,present
21908,2819,6,present
21909,2819,7,present
21910,2819,8,present
21911,2819,9,present
21912,2819,10,present
21913,2819,11,present
21914,2819,12,present
21915,2819,13,absent
21916,2819,14,present
21917,2819,15,present
21918,2819,16,present
21919,2820,1,present
21920,2820,2,present
21921,2820,3,present
21922,2820,4,present
21923,2820,5,absent
21924,2820,6,present
21925,2820,7,present
21926,2820,8,absent
21927,2820,9,present
21928,2820,10,present
21929,2820,11,present
21930,2820,12,present
21931,2820,13,present
21932,2820,14,absent
21933,2820,15,absent
21934,2820,16,present
21935,2821,1,present
21936,2821,2,present
21937,2821,3,present
21938,2821,4,present
21939,2821,5,present
21940,2821,6,present
21941,2821,7,present
21942,2821,8,present
21943,2821,9,present
21944,2821,10,present
21945,2821,11,present
21946,2821,12,present
21947,2821,13,absent
21948,2821,14,absent
21949,2821,15,absent
21950,2821,16,present
21951,2822,1,absent
21952,2822,2,present
21953,2822,3,present
21954,2822,4,present
21955,2822,5,present
21956,2822,6,present
21957,2822,7,present
21958,2822,8,present
21959,2823,1,present
21960,2823,2,present
21961,2823,3,present
21962,2823,4,present
21963,2823,5,present
21964,2823,6,present
21965,2823,7,present
21966,2823,8,present
21967,2824,1,present
21968,2824,2,present
21969,2824,3,present
21970,2824,4,present
21971,2824,5,present
21972,2824,6,present
21973,2824,7,present
21974,2824,8,present
21975,2825,1,present
21976,2825,2,absent
21977,2825,3,present
21978,2825,4,present
21979,2825,5,present
21980,2825,6,present
21981,2825,7,present
21982,2825,8,present
21983,2826,1,present
21984,2826,2,present
21985,2826,3,present
21986,2826,4,present
21987,2826,5,present
21988,2826,6,present
21989,2826,7,present
21990,2826,8,present
21991,2827,1,present
21992,2827,2,present
21993,2827,3,present
21994,2827,4,present
21995,2827,5,present
21996,2827,6,present
21997,2827,7,present
21998,2827,8,present
21999,2828,1,present
22000,2828,2,present
22001,2828,3,present
22002,2828,4,present
22003,2828,5,present
22004,2828,6,present
22005,2828,7,present
22006,2828,8,present
22007,2829,1,present
22008,2829,2,present
22009,2829,3,late
22010,2829,4,present
22011,2829,5,present
22012,2829,6,present
22013,2829,7,present
22014,2829,8,present
22015,2830,1,present
22016,2830,2,present
22017,2830,3,present
22018,2830,4,present
22019,2830,5,present
22020,2830,6,present
22021,2830,7,present
22022,2830,8,present
22023,2831,1,present
22024,2831,2,present
22025,2831,3,present
22026,2831,4,present
22027,2831,5,present
22028,2831,6,present
22029,2831,7,present
22030,2831,8,present
22031,2832,1,present
22032,2832,2,present
22033,2832,3,present
22034,2832,4,present
22035,2832,5,present
22036,2832,6,absent
22037,2832,7,present
22038,2832,8,present
22039,2833,1,present
22040,2833,2,present
22041,2833,3,present
22042,2833,4,present
22043,2833,5,present
22044,2833,6,absent
22045,2833,7,present
22046,2833,8,present
22047,2834,1,present
22048,2834,2,present
22049,2834,3,present
22050,2834,4,present
22051,2834,5,present
22052,2834,6,absent
22053,2834,7,present
22054,2834,8,present
22055,2835,1,present
22056,2835,2,present
22057,2835,3,present
22058,2835,4,absent
22059,2835,5,present
22060,2835,6,present
22061,2835,7,present
22062,2835,8,present
22063,2836,1,present
22064,2836,2,present
22065,2836,3,present
22066,2836,4,present
22067,2836,5,present
22068,2836,6,absent
22069,2836,7,present
22070,2836,8,present
22071,2837,1,present
22072,2837,2,present
22073,2837,3,present
22074,2837,4,present
22075,2837,5,present
22076,2837,6,absent
22077,2837,7,present
22078,2837,8,present
22079,2838,1,present
22080,2838,2,present
22081,2838,3,present
22082,2838,4,absent
22083,2838,5,present
22084,2838,6,present
22085,2838,7,present
22086,2838,8,present
22087,2839,9,present
22088,2839,10,present
22089,2839,11,present
22090,2839,12,present
22091,2839,13,absent
22092,2839,14,present
22093,2839,15,present
22094,2839,16,present
22095,2840,9,present
22096,2840,10,present
22097,2840,11,present
22098,2840,12,present
22099,2840,13,present
22100,2840,14,present
22101,2840,15,present
22102,2840,16,present
22103,2841,9,present
22104,2841,10,present
22105,2841,11,present
22106,2841,12,present
22107,2841,13,present
22108,2841,14,present
22109,2841,15,present
22110,2841,16,present
22111,2842,9,present
22112,2842,10,present
22113,2842,11,present
22114,2842,12,present
22115,2842,13,present
22116,2842,14,present
22117,2842,15,present
22118,2842,16,present
22119,2843,9,present
22120,2843,10,absent
22121,2843,11,absent
22122,2843,12,present
22123,2843,13,present
22124,2843,14,present
22125,2843,15,present
22126,2843,16,present
22127,2844,9,present
22128,2844,10,present
22129,2844,11,present
22130,2844,12,present
22131,2844,13,absent
22132,2844,14,present
22133,2844,15,present
22134,2844,16,present
22135,2845,9,present
22136,2845,10,absent
22137,2845,11,present
22138,2845,12,present
22139,2845,13,absent
22140,2845,14,present
22141,2845,15,present
22142,2845,16,present
22143,2846,9,present
22144,2846,10,present
22145,2846,11,present
22146,2846,12,present
22147,2846,13,present
22148,2846,14,present
22149,2846,15,present
22150,2846,16,present
22151,2847,9,present
22152,2847,10,late
22153,2847,11,present
22154,2847,12,present
22155,2847,13,absent
22156,2847,14,present
22157,2847,15,present
22158,2847,16,present
22159,2848,9,present
22160,2848,10,present
22161,2848,11,present
22162,2848,12,present
22163,2848,13,present
22164,2848,14,present
22165,2848,15,present
22166,2848,16,present
22167,2849,9,present
22168,2849,10,present
22169,2849,11,present
22170,2849,12,present
22171,2849,13,present
22172,2849,14,present
22173,2849,15,present
22174,2849,16,present
22175,2850,9,present
22176,2850,10,present
22177,2850,11,present
22178,2850,12,present
22179,2850,13,present
22180,2850,14,present
22181,2850,15,present
22182,2850,16,present
22183,2851,9,present
22184,2851,10,present
22185,2851,11,present
22186,2851,12,late
22187,2851,13,present
22188,2851,14,present
22189,2851,15,present
22190,2851,16,present
22191,2852,9,absent
22192,2852,10,present
22193,2852,11,present
22194,2852,12,present
22195,2852,13,present
22196,2852,14,present
22197,2852,15,present
22198,2852,16,present
22199,2853,9,present
22200,2853,10,present
22201,2853,11,present
22202,2853,12,present
22203,2853,13,present
22204,2853,14,present
22205,2853,15,present
22206,2853,16,present
22207,2854,9,present
22208,2854,10,present
22209,2854,11,present
22210,2854,12,present
22211,2854,13,present
22212,2854,14,present
22213,2854,15,absent
22214,2854,16,present
22215,2855,1,present
22216,2855,2,present
22217,2855,3,present
22218,2855,4,present
22219,2855,5,present
22220,2855,6,present
22221,2855,7,present
22222,2855,8,present
22223,2855,9,present
22224,2855,10,present
22225,2855,11,present
22226,2855,12,present
22227,2855,13,present
22228,2855,14,present
22229,2855,15,present
22230,2855,16,present
22231,2856,1,present
22232,2856,2,present
22233,2856,3,present
22234,2856,4,present
22235,2856,5,present
22236,2856,6,present
22237,2856,7,present
22238,2856,8,present
22239,2856,9,absent
22240,2856,10,present
22241,2856,11,present
22242,2856,12,present
22243,2856,13,present
22244,2856,14,present
22245,2856,15,present
22246,2856,16,present
22247,2857,1,present
22248,2857,2,present
22249,2857,3,present
22250,2857,4,present
22251,2857,5,present
22252,2857,6,present
22253,2857,7,present
22254,2857,8,present
22255,2857,9,present
22256,2857,10,absent
22257,2857,11,present
22258,2857,12,present
22259,2857,13,present
22260,2857,14,present
22261,2857,15,present
22262,2857,16,present
22263,2858,1,present
22264,2858,2,present
22265,2858,3,present
22266,2858,4,present
22267,2858,5,present
22268,2858,6,present
22269,2858,7,present
22270,2858,8,present
22271,2858,9,present
22272,2858,10,present
22273,2858,11,absent
22274,2858,12,present
22275,2858,13,present
22276,2858,14,present
22277,2858,15,present
22278,2858,16,present
22279,2859,1,present
22280,2859,2,present
22281,2859,3,present
22282,2859,4,absent
22283,2859,5,present
22284,2859,6,present
22285,2859,7,present
22286,2859,8,present
22287,2859,9,absent
22288,2859,10,present
22289,2859,11,present
22290,2859,12,present
22291,2859,13,absent
22292,2859,14,present
22293,2859,15,present
22294,2859,16,present
22295,2860,1,present
22296,2860,2,present
22297,2860,3,present
22298,2860,4,present
22299,2860,5,present
22300,2860,6,present
22301,2860,7,absent
22302,2860,8,present
22303,2860,9,present
22304,2860,10,present
22305,2860,11,present
22306,2860,12,present
22307,2860,13,present
22308,2860,14,present
22309,2860,15,present
22310,2860,16,present
22311,2861,1,present
22312,2861,2,present
22313,2861,3,present
22314,2861,4,present
22315,2861,5,present
22316,2861,6,present
22317,2861,7,present
22318,2861,8,present
22319,2861,9,present
22320,2861,10,present
22321,2861,11,present
22322,2861,12,present
22323,2861,13,present
22324,2861,14,present
22325,2861,15,present
22326,2861,16,present
22327,2862,1,present
22328,2862,2,present
22329,2862,3,present
22330,2862,4,present
22331,2862,5,present
22332,2862,6,present
22333,2862,7,present
22334,2862,8,present
22335,2862,9,absent
22336,2862,10,present
22337,2862,11,present
22338,2862,12,present
22339,2862,13,present
22340,2862,14,present
22341,2862,15,present
22342,2862,16,present
22343,2863,1,present
22344,2863,2,present
22345,2863,3,present
22346,2863,4,present
22347,2863,5,present
22348,2863,6,present
22349,2863,7,present
22350,2863,8,present
22351,2863,9,present
22352,2863,10,present
22353,2863,11,absent
22354,2863,12,absent
22355,2863,13,present
22356,2863,14,absent
22357,2863,15,present
22358,2863,16,present
22359,2864,1,present
22360,2864,2,present
22361,2864,3,present
22362,2864,4,present
22363,2864,5,present
22364,2864,6,present
22365,2864,7,late
22366,2864,8,present
22367,2864,9,absent
22368,2864,10,present
22369,2864,11,present
22370,2864,12,absent
22371,2864,13,excused
22372,2864,14,absent
22373,2864,15,present
22374,2864,16,present
22375,2865,1,present
22376,2865,2,present
22377,2865,3,present
22378,2865,4,present
22379,2865,5,present
22380,2865,6,present
22381,2865,7,present
22382,2865,8,present
22383,2865,9,present
22384,2865,10,present
22385,2865,11,present
22386,2865,12,present
22387,2865,13,present
22388,2865,14,present
22389,2865,15,present
22390,2865,16,present
22391,2866,1,present
22392,2866,2,present
22393,2866,3,present
22394,2866,4,present
22395,2866,5,present
22396,2866,6,present
22397,2866,7,present
22398,2866,8,absent
22399,2866,9,present
22400,2866,10,present
22401,2866,11,present
22402,2866,12,present
22403,2866,13,present
22404,2866,14,present
22405,2866,15,present
22406,2866,16,present
22407,2867,1,present
22408,2867,2,present
22409,2867,3,present
22410,2867,4,present
22411,2867,5,present
22412,2867,6,present
22413,2867,7,present
22414,2867,8,present
22415,2867,9,present
22416,2867,10,present
22417,2867,11,present
22418,2867,12,present
22419,2867,13,present
22420,2867,14,present
22421,2867,15,present
22422,2867,16,present
22423,2868,1,present
22424,2868,2,present
22425,2868,3,present
22426,2868,4,present
22427,2868,5,present
22428,2868,6,present
22429,2868,7,absent
22430,2868,8,present
22431,2868,9,absent
22432,2868,10,present
22433,2868,11,present
22434,2868,12,present
22435,2868,13,present
22436,2868,14,present
22437,2868,15,present
22438,2868,16,present
22439,2869,1,present
22440,2869,2,present
22441,2869,3,present
22442,2869,4,present
22443,2869,5,present
22444,2869,6,present
22445,2869,7,present
22446,2869,8,present
22447,2869,9,absent
22448,2869,10,absent
22449,2869,11,present
22450,2869,12,present
22451,2869,13,present
22452,2869,14,present
22453,2869,15,present
22454,2869,16,present
22455,2870,1,present
22456,2870,2,present
22457,2870,3,present
22458,2870,4,present
22459,2870,5,present
22460,2870,6,present
22461,2870,7,present
22462,2870,8,present
22463,2870,9,absent
22464,2870,10,present
22465,2870,11,present
22466,2870,12,present
22467,2870,13,present
22468,2870,14,present
22469,2870,15,present
22470,2870,16,present
22471,2871,1,present
22472,2871,2,present
22473,2871,3,present
22474,2871,4,present
22475,2871,5,present
22476,2871,6,late
22477,2871,7,present
22478,2871,8,present
22479,2871,9,absent
22480,2871,10,absent
22481,2871,11,excused
22482,2871,12,absent
22483,2871,13,present
22484,2871,14,present
22485,2871,15,present
22486,2871,16,present
22487,2872,1,present
22488,2872,2,absent
22489,2872,3,present
22490,2872,4,present
22491,2872,5,present
22492,2872,6,present
22493,2872,7,present
22494,2872,8,present
22495,2872,9,present
22496,2872,10,present
22497,2872,11,present
22498,2872,12,present
22499,2872,13,absent
22500,2872,14,present
22501,2872,15,present
22502,2872,16,present
22503,2873,1,present
22504,2873,2,present
22505,2873,3,present
22506,2873,4,present
22507,2873,5,absent
22508,2873,6,present
22509,2873,7,present
22510,2873,8,present
22511,2873,9,present
22512,2873,10,present
22513,2873,11,absent
22514,2873,12,present
22515,2873,13,present
22516,2873,14,present
22517,2873,15,present
22518,2873,16,present
22519,2874,1,present
22520,2874,2,present
22521,2874,3,present
22522,2874,4,absent
22523,2874,5,present
22524,2874,6,present
22525,2874,7,present
22526,2874,8,present
22527,2874,9,present
22528,2874,10,present
22529,2874,11,present
22530,2874,12,present
22531,2874,13,present
22532,2874,14,present
22533,2874,15,present
22534,2874,16,present
22535,2875,1,present
22536,2875,2,present
22537,2875,3,present
22538,2875,4,present
22539,2875,5,present
22540,2875,6,present
22541,2875,7,present
22542,2875,8,present
22543,2875,9,absent
22544,2875,10,absent
22545,2875,11,present
22546,2875,12,present
22547,2875,13,present
22548,2875,14,present
22549,2875,15,present
22550,2875,16,present
22551,2876,1,present
22552,2876,2,absent
22553,2876,3,present
22554,2876,4,present
22555,2876,5,present
22556,2876,6,present
22557,2876,7,excused
22558,2876,8,present
22559,2876,9,present
22560,2876,10,present
22561,2876,11,present
22562,2876,12,absent
22563,2876,13,present
22564,2876,14,present
22565,2876,15,present
22566,2876,16,present
22567,2877,1,present
22568,2877,2,late
22569,2877,3,present
22570,2877,4,present
22571,2877,5,present
22572,2877,6,present
22573,2877,7,present
22574,2877,8,absent
22575,2877,9,present
22576,2877,10,absent
22577,2877,11,present
22578,2877,12,present
22579,2877,13,absent
22580,2877,14,present
22581,2877,15,present
22582,2877,16,present
22583,2878,1,present
22584,2878,2,present
22585,2878,3,present
22586,2878,4,present
22587,2878,5,present
22588,2878,6,present
22589,2878,7,present
22590,2878,8,absent
22591,2878,9,present
22592,2878,10,present
22593,2878,11,present
22594,2878,12,present
22595,2878,13,absent
22596,2878,14,present
22597,2878,15,present
22598,2878,16,present
22599,2879,1,present
22600,2879,2,present
22601,2879,3,present
22602,2879,4,present
22603,2879,5,present
22604,2879,6,present
22605,2879,7,present
22606,2879,8,present
22607,2879,9,present
22608,2879,10,present
22609,2879,11,absent
22610,2879,12,present
22611,2879,13,present
22612,2879,14,present
22613,2879,15,present
22614,2879,16,present
22615,2880,1,present
22616,2880,2,absent
22617,2880,3,present
22618,2880,4,present
22619,2880,5,absent
22620,2880,6,present
22621,2880,7,present
22622,2880,8,present
22623,2880,9,present
22624,2880,10,present
22625,2880,11,present
22626,2880,12,present
22627,2880,13,present
22628,2880,14,present
22629,2880,15,present
22630,2880,16,present
22631,2881,1,present
22632,2881,2,present
22633,2881,3,present
22634,2881,4,present
22635,2881,5,absent
22636,2881,6,present
22637,2881,7,present
22638,2881,8,present
22639,2881,9,present
22640,2881,10,present
22641,2881,11,present
22642,2881,12,present
22643,2881,13,present
22644,2881,14,present
22645,2881,15,present
22646,2881,16,present
22647,2882,1,present
22648,2882,2,present
22649,2882,3,present
22650,2882,4,present
22651,2882,5,present
22652,2882,6,present
22653,2882,7,present
22654,2882,8,present
22655,2882,9,present
22656,2882,10,excused
22657,2882,11,present
22658,2882,12,present
22659,2882,13,present
22660,2882,14,absent
22661,2882,15,present
22662,2882,16,present
22663,2883,1,present
22664,2883,2,present
22665,2883,3,present
22666,2883,4,present
22667,2883,5,present
22668,2883,6,present
22669,2883,7,present
22670,2883,8,present
22671,2883,9,present
22672,2883,10,present
22673,2883,11,present
22674,2883,12,absent
22675,2883,13,absent
22676,2883,14,present
22677,2883,15,present
22678,2883,16,present
22679,2884,1,present
22680,2884,2,present
22681,2884,3,present
22682,2884,4,present
22683,2884,5,absent
22684,2884,6,present
22685,2884,7,present
22686,2884,8,present
22687,2884,9,present
22688,2884,10,present
22689,2884,11,present
22690,2884,12,present
22691,2884,13,present
22692,2884,14,present
22693,2884,15,present
22694,2884,16,present
22695,2885,1,present
22696,2885,2,present
22697,2885,3,present
22698,2885,4,present
22699,2885,5,present
22700,2885,6,present
22701,2885,7,present
22702,2885,8,present
22703,2885,9,present
22704,2885,10,present
22705,2885,11,late
22706,2885,12,present
22707,2885,13,present
22708,2885,14,present
22709,2885,15,present
22710,2885,16,present
22711,2886,1,present
22712,2886,2,present
22713,2886,3,absent
22714,2886,4,present
22715,2886,5,present
22716,2886,6,late
22717,2886,7,present
22718,2886,8,present
22719,2886,9,present
22720,2886,10,present
22721,2886,11,present
22722,2886,12,present
22723,2886,13,present
22724,2886,14,present
22725,2886,15,present
22726,2886,16,present
22727,2887,1,present
22728,2887,2,absent
22729,2887,3,present
22730,2887,4,present
22731,2887,5,present
22732,2887,6,present
22733,2887,7,present
22734,2887,8,present
22735,2887,9,present
22736,2887,10,present
22737,2887,11,present
22738,2887,12,present
22739,2887,13,present
22740,2887,14,present
22741,2887,15,present
22742,2887,16,present
22743,2888,1,present
22744,2888,2,present
22745,2888,3,present
22746,2888,4,present
22747,2888,5,present
22748,2888,6,present
22749,2888,7,present
22750,2888,8,present
22751,2888,9,present
22752,2888,10,present
22753,2888,11,present
22754,2888,12,present
22755,2888,13,present
22756,2888,14,present
22757,2888,15,present
22758,2888,16,present
22759,2889,1,present
22760,2889,2,present
22761,2889,3,present
22762,2889,4,present
22763,2889,5,present
22764,2889,6,present
22765,2889,7,present
22766,2889,8,absent
22767,2889,9,present
22768,2889,10,absent
22769,2889,11,present
22770,2889,12,present
22771,2889,13,present
22772,2889,14,present
22773,2889,15,present
22774,2889,16,present
22775,2890,1,present
22776,2890,2,absent
22777,2890,3,present
22778,2890,4,present
22779,2890,5,present
22780,2890,6,present
22781,2890,7,present
22782,2890,8,present
22783,2890,9,present
22784,2890,10,present
22785,2890,11,present
22786,2890,12,present
22787,2890,13,present
22788,2890,14,present
22789,2890,15,present
22790,2890,16,present
22791,2891,1,present
22792,2891,2,present
22793,2891,3,present
22794,2891,4,absent
22795,2891,5,present
22796,2891,6,absent
22797,2891,7,present
22798,2891,8,present
22799,2891,9,present
22800,2891,10,present
22801,2891,11,present
22802,2891,12,present
22803,2891,13,present
22804,2891,14,present
22805,2891,15,present
22806,2891,16,present
22807,2892,1,present
22808,2892,2,present
22809,2892,3,present
22810,2892,4,present
22811,2892,5,present
22812,2892,6,present
22813,2892,7,present
22814,2892,8,present
22815,2892,9,present
22816,2892,10,absent
22817,2892,11,present
22818,2892,12,present
22819,2892,13,present
22820,2892,14,absent
22821,2892,15,present
22822,2892,16,present
22823,2893,1,present
22824,2893,2,present
22825,2893,3,present
22826,2893,4,present
22827,2893,5,present
22828,2893,6,present
22829,2893,7,present
22830,2893,8,present
22831,2893,9,present
22832,2893,10,present
22833,2893,11,absent
22834,2893,12,present
22835,2893,13,present
22836,2893,14,late
22837,2893,15,present
22838,2893,16,present
22839,2894,1,present
22840,2894,2,present
22841,2894,3,present
22842,2894,4,present
22843,2894,5,present
22844,2894,6,present
22845,2894,7,absent
22846,2894,8,present
22847,2894,9,present
22848,2894,10,present
22849,2894,11,present
22850,2894,12,present
22851,2894,13,present
22852,2894,14,present
22853,2894,15,present
22854,2894,16,present
22855,2895,1,present
22856,2895,2,present
22857,2895,3,present
22858,2895,4,present
22859,2895,5,present
22860,2895,6,present
22861,2895,7,present
22862,2895,8,present
22863,2895,9,present
22864,2895,10,present
22865,2895,11,present
22866,2895,12,present
22867,2895,13,present
22868,2895,14,present
22869,2895,15,present
22870,2895,16,present
22871,2896,1,present
22872,2896,2,present
22873,2896,3,present
22874,2896,4,present
22875,2896,5,present
22876,2896,6,present
22877,2896,7,present
22878,2896,8,present
22879,2896,9,absent
22880,2896,10,present
22881,2896,11,absent
22882,2896,12,absent
22883,2896,13,present
22884,2896,14,present
22885,2896,15,present
22886,2896,16,present
22887,2897,1,present
22888,2897,2,present
22889,2897,3,present
22890,2897,4,present
22891,2897,5,present
22892,2897,6,present
22893,2897,7,present
22894,2897,8,present
22895,2897,9,absent
22896,2897,10,present
22897,2897,11,present
22898,2897,12,present
22899,2897,13,present
22900,2897,14,present
22901,2897,15,late
22902,2897,16,absent
22903,2898,1,present
22904,2898,2,present
22905,2898,3,present
22906,2898,4,present
22907,2898,5,absent
22908,2898,6,present
22909,2898,7,present
22910,2898,8,present
22911,2898,9,present
22912,2898,10,present
22913,2898,11,present
22914,2898,12,present
22915,2898,13,present
22916,2898,14,present
22917,2898,15,present
22918,2898,16,present
22919,2899,1,present
22920,2899,2,absent
22921,2899,3,present
22922,2899,4,present
22923,2899,5,present
22924,2899,6,present
22925,2899,7,present
22926,2899,8,present
22927,2899,9,present
22928,2899,10,present
22929,2899,11,present
22930,2899,12,present
22931,2899,13,present
22932,2899,14,present
22933,2899,15,present
22934,2899,16,present
22935,2900,1,present
22936,2900,2,present
22937,2900,3,present
22938,2900,4,present
22939,2900,5,present
22940,2900,6,absent
22941,2900,7,present
22942,2900,8,present
22943,2900,9,present
22944,2900,10,present
22945,2900,11,present
22946,2900,12,present
22947,2900,13,present
22948,2900,14,present
22949,2900,15,present
22950,2900,16,present
22951,2901,1,present
22952,2901,2,present
22953,2901,3,present
22954,2901,4,present
22955,2901,5,present
22956,2901,6,present
22957,2901,7,present
22958,2901,8,present
22959,2901,9,present
22960,2901,10,present
22961,2901,11,present
22962,2901,12,present
22963,2901,13,excused
22964,2901,14,present
22965,2901,15,present
22966,2901,16,present
22967,2902,1,present
22968,2902,2,present
22969,2902,3,present
22970,2902,4,present
22971,2902,5,present
22972,2902,6,present
22973,2902,7,present
22974,2902,8,present
22975,2902,9,present
22976,2902,10,present
22977,2902,11,present
22978,2902,12,present
22979,2902,13,present
22980,2902,14,present
22981,2902,15,present
22982,2902,16,present
22983,2903,1,present
22984,2903,2,absent
22985,2903,3,present
22986,2903,4,late
22987,2903,5,present
22988,2903,6,absent
22989,2903,7,present
22990,2903,8,present
22991,2903,9,present
22992,2903,10,present
22993,2903,11,present
22994,2903,12,present
22995,2903,13,absent
22996,2903,14,present
22997,2903,15,present
22998,2903,16,present
22999,2904,1,present
23000,2904,2,present
23001,2904,3,present
23002,2904,4,present
23003,2904,5,present
23004,2904,6,present
23005,2904,7,absent
23006,2904,8,present
23007,2904,9,present
23008,2904,10,present
23009,2904,11,present
23010,2904,12,present
23011,2904,13,present
23012,2904,14,present
23013,2904,15,present
23014,2904,16,present
23015,2905,1,present
23016,2905,2,present
23017,2905,3,present
23018,2905,4,present
23019,2905,5,present
23020,2905,6,late
23021,2905,7,present
23022,2905,8,present
23023,2905,9,present
23024,2905,10,present
23025,2905,11,present
23026,2905,12,present
23027,2905,13,present
23028,2905,14,present
23029,2905,15,present
23030,2905,16,present
23031,2906,1,present
23032,2906,2,present
23033,2906,3,present
23034,2906,4,present
23035,2906,5,absent
23036,2906,6,present
23037,2906,7,present
23038,2906,8,present
23039,2906,9,present
23040,2906,10,present
23041,2906,11,present
23042,2906,12,present
23043,2906,13,present
23044,2906,14,present
23045,2906,15,present
23046,2906,16,present
23047,2907,1,present
23048,2907,2,present
23049,2907,3,present
23050,2907,4,present
23051,2907,5,present
23052,2907,6,absent
23053,2907,7,present
23054,2907,8,present
23055,2907,9,absent
23056,2907,10,present
23057,2907,11,present
23058,2907,12,present
23059,2907,13,present
23060,2907,14,present
23061,2907,15,present
23062,2907,16,present
23063,2908,1,present
23064,2908,2,present
23065,2908,3,present
23066,2908,4,present
23067,2908,5,present
23068,2908,6,present
23069,2908,7,present
23070,2908,8,present
23071,2908,9,present
23072,2908,10,present
23073,2908,11,present
23074,2908,12,present
23075,2908,13,present
23076,2908,14,present
23077,2908,15,present
23078,2908,16,present
23079,2909,1,present
23080,2909,2,present
23081,2909,3,present
23082,2909,4,present
23083,2909,5,present
23084,2909,6,present
23085,2909,7,present
23086,2909,8,absent
23087,2909,9,present
23088,2909,10,present
23089,2909,11,present
23090,2909,12,present
23091,2909,13,absent
23092,2909,14,present
23093,2909,15,present
23094,2909,16,present
23095,2910,1,present
23096,2910,2,present
23097,2910,3,present
23098,2910,4,present
23099,2910,5,absent
23100,2910,6,present
23101,2910,7,present
23102,2910,8,present
23103,2910,9,present
23104,2910,10,present
23105,2910,11,present
23106,2910,12,present
23107,2910,13,present
23108,2910,14,present
23109,2910,15,present
23110,2910,16,present
23111,2911,1,present
23112,2911,2,present
23113,2911,3,present
23114,2911,4,present
23115,2911,5,absent
23116,2911,6,present
23117,2911,7,present
23118,2911,8,present
23119,2911,9,present
23120,2911,10,present
23121,2911,11,present
23122,2911,12,present
23123,2911,13,present
23124,2911,14,absent
23125,2911,15,present
23126,2911,16,present
23127,2912,1,present
23128,2912,2,present
23129,2912,3,present
23130,2912,4,present
23131,2912,5,present
23132,2912,6,present
23133,2912,7,present
23134,2912,8,present
23135,2912,9,present
23136,2912,10,present
23137,2912,11,present
23138,2912,12,present
23139,2912,13,present
23140,2912,14,present
23141,2912,15,present
23142,2912,16,present
23143,2913,1,present
23144,2913,2,present
23145,2913,3,present
23146,2913,4,present
23147,2913,5,present
23148,2913,6,present
23149,2913,7,present
23150,2913,8,present
23151,2913,9,present
23152,2913,10,absent
23153,2913,11,present
23154,2913,12,present
23155,2913,13,present
23156,2913,14,present
23157,2913,15,present
23158,2913,16,present
23159,2914,1,absent
23160,2914,2,present
23161,2914,3,present
23162,2914,4,present
23163,2914,5,present
23164,2914,6,present
23165,2914,7,present
23166,2914,8,present
23167,2914,9,absent
23168,2914,10,absent
23169,2914,11,present
23170,2914,12,present
23171,2914,13,present
23172,2914,14,present
23173,2914,15,present
23174,2914,16,present
23175,2915,1,present
23176,2915,2,absent
23177,2915,3,present
23178,2915,4,present
23179,2915,5,absent
23180,2915,6,present
23181,2915,7,present
23182,2915,8,present
23183,2915,9,present
23184,2915,10,absent
23185,2915,11,present
23186,2915,12,present
23187,2915,13,present
23188,2915,14,present
23189,2915,15,present
23190,2915,16,present
23191,2916,1,present
23192,2916,2,present
23193,2916,3,absent
23194,2916,4,present
23195,2916,5,absent
23196,2916,6,present
23197,2916,7,present
23198,2916,8,absent
23199,2916,9,present
23200,2916,10,absent
23201,2916,11,present
23202,2916,12,present
23203,2916,13,present
23204,2916,14,present
23205,2916,15,present
23206,2916,16,present
23207,2917,1,present
23208,2917,2,present
23209,2917,3,present
23210,2917,4,present
23211,2917,5,present
23212,2917,6,present
23213,2917,7,present
23214,2917,8,present
23215,2917,9,present
23216,2917,10,absent
23217,2917,11,present
23218,2917,12,present
23219,2917,13,present
23220,2917,14,present
23221,2917,15,present
23222,2917,16,present
23223,2918,1,present
23224,2918,2,present
23225,2918,3,present
23226,2918,4,present
23227,2918,5,present
23228,2918,6,present
23229,2918,7,present
23230,2918,8,present
23231,2918,9,present
23232,2918,10,absent
23233,2918,11,present
23234,2918,12,present
23235,2918,13,present
23236,2918,14,present
23237,2918,15,present
23238,2918,16,present
23239,2919,1,present
23240,2919,2,absent
23241,2919,3,present
23242,2919,4,present
23243,2919,5,present
23244,2919,6,present
23245,2919,7,present
23246,2919,8,present
23247,2919,9,present
23248,2919,10,present
23249,2919,11,absent
23250,2919,12,present
23251,2919,13,present
23252,2919,14,present
23253,2919,15,present
23254,2919,16,present
23255,2920,1,present
23256,2920,2,present
23257,2920,3,present
23258,2920,4,present
23259,2920,5,absent
23260,2920,6,present
23261,2920,7,present
23262,2920,8,present
23263,2920,9,present
23264,2920,10,present
23265,2920,11,present
23266,2920,12,present
23267,2920,13,present
23268,2920,14,present
23269,2920,15,present
23270,2920,16,present
23271,2921,1,present
23272,2921,2,present
23273,2921,3,present
23274,2921,4,present
23275,2921,5,present
23276,2921,6,present
23277,2921,7,present
23278,2921,8,present
23279,2921,9,present
23280,2921,10,present
23281,2921,11,present
23282,2921,12,present
23283,2921,13,present
23284,2921,14,present
23285,2921,15,present
23286,2921,16,present
23287,2922,1,present
23288,2922,2,present
23289,2922,3,present
23290,2922,4,present
23291,2922,5,present
23292,2922,6,late
23293,2922,7,present
23294,2922,8,present
23295,2922,9,present
23296,2922,10,present
23297,2922,11,present
23298,2922,12,present
23299,2922,13,present
23300,2922,14,present
23301,2922,15,present
23302,2922,16,absent
23303,2923,1,absent
23304,2923,2,present
23305,2923,3,present
23306,2923,4,present
23307,2923,5,present
23308,2923,6,present
23309,2923,7,present
23310,2923,8,late
23311,2923,9,present
23312,2923,10,present
23313,2923,11,present
23314,2923,12,present
23315,2923,13,present
23316,2923,14,present
23317,2923,15,present
23318,2923,16,present
23319,2924,1,present
23320,2924,2,present
23321,2924,3,present
23322,2924,4,present
23323,2924,5,present
23324,2924,6,present
23325,2924,7,present
23326,2924,8,present
23327,2924,9,present
23328,2924,10,present
23329,2924,11,excused
23330,2924,12,present
23331,2924,13,present
23332,2924,14,present
23333,2924,15,present
23334,2924,16,present
23335,2925,1,present
23336,2925,2,present
23337,2925,3,present
23338,2925,4,present
23339,2925,5,present
23340,2925,6,present
23341,2925,7,present
23342,2925,8,present
23343,2925,9,present
23344,2925,10,present
23345,2925,11,present
23346,2925,12,present
23347,2925,13,present
23348,2925,14,present
23349,2925,15,present
23350,2925,16,present
23351,2926,1,present
23352,2926,2,absent
23353,2926,3,present
23354,2926,4,present
23355,2926,5,present
23356,2926,6,present
23357,2926,7,present
23358,2926,8,absent
23359,2926,9,present
23360,2926,10,present
23361,2926,11,present
23362,2926,12,present
23363,2926,13,present
23364,2926,14,present
23365,2926,15,present
23366,2926,16,present
23367,2927,1,present
23368,2927,2,present
23369,2927,3,present
23370,2927,4,present
23371,2927,5,present
23372,2927,6,present
23373,2927,7,present
23374,2927,8,present
23375,2927,9,present
23376,2927,10,absent
23377,2927,11,present
23378,2927,12,present
23379,2927,13,present
23380,2927,14,absent
23381,2927,15,present
23382,2927,16,present
23383,2928,1,present
23384,2928,2,present
23385,2928,3,present
23386,2928,4,present
23387,2928,5,present
23388,2928,6,present
23389,2928,7,present
23390,2928,8,present
23391,2928,9,present
23392,2928,10,present
23393,2928,11,present
23394,2928,12,present
23395,2928,13,present
23396,2928,14,absent
23397,2928,15,present
23398,2928,16,absent
23399,2929,1,present
23400,2929,2,present
23401,2929,3,absent
23402,2929,4,present
23403,2929,5,present
23404,2929,6,present
23405,2929,7,present
23406,2929,8,present
23407,2929,9,present
23408,2929,10,present
23409,2929,11,present
23410,2929,12,present
23411,2929,13,present
23412,2929,14,present
23413,2929,15,present
23414,2929,16,present
23415,2930,1,present
23416,2930,2,present
23417,2930,3,present
23418,2930,4,present
23419,2930,5,present
23420,2930,6,present
23421,2930,7,present
23422,2930,8,present
23423,2930,9,present
23424,2930,10,present
23425,2930,11,present
23426,2930,12,absent
23427,2930,13,present
23428,2930,14,present
23429,2930,15,present
23430,2930,16,late
23431,2931,1,present
23432,2931,2,present
23433,2931,3,present
23434,2931,4,present
23435,2931,5,present
23436,2931,6,present
23437,2931,7,present
23438,2931,8,present
23439,2931,9,present
23440,2931,10,present
23441,2931,11,present
23442,2931,12,present
23443,2931,13,present
23444,2931,14,present
23445,2931,15,present
23446,2931,16,present
23447,2932,1,present
23448,2932,2,present
23449,2932,3,present
23450,2932,4,present
23451,2932,5,present
23452,2932,6,present
23453,2932,7,present
23454,2932,8,present
23455,2932,9,present
23456,2932,10,present
23457,2932,11,present
23458,2932,12,present
23459,2932,13,absent
23460,2932,14,present
23461,2932,15,present
23462,2932,16,present
23463,2933,1,present
23464,2933,2,present
23465,2933,3,present
23466,2933,4,present
23467,2933,5,present
23468,2933,6,present
23469,2933,7,late
23470,2933,8,absent
23471,2933,9,present
23472,2933,10,present
23473,2933,11,present
23474,2933,12,present
23475,2933,13,present
23476,2933,14,present
23477,2933,15,present
23478,2933,16,present
23479,2934,1,present
23480,2934,2,present
23481,2934,3,present
23482,2934,4,absent
23483,2934,5,present
23484,2934,6,present
23485,2934,7,present
23486,2934,8,present
23487,2934,9,present
23488,2934,10,present
23489,2934,11,present
23490,2934,12,present
23491,2934,13,present
23492,2934,14,present
23493,2934,15,present
23494,2934,16,present
23495,2935,1,present
23496,2935,2,present
23497,2935,3,present
23498,2935,4,present
23499,2935,5,present
23500,2935,6,late
23501,2935,7,present
23502,2935,8,present
23503,2935,9,absent
23504,2935,10,present
23505,2935,11,present
23506,2935,12,present
23507,2935,13,present
23508,2935,14,present
23509,2935,15,present
23510,2935,16,present
23511,2936,1,present
23512,2936,2,present
23513,2936,3,present
23514,2936,4,present
23515,2936,5,present
23516,2936,6,present
23517,2936,7,present
23518,2936,8,absent
23519,2936,9,absent
23520,2936,10,present
23521,2936,11,present
23522,2936,12,present
23523,2936,13,present
23524,2936,14,present
23525,2936,15,present
23526,2936,16,absent
23527,2937,1,absent
23528,2937,2,present
23529,2937,3,present
23530,2937,4,present
23531,2937,5,present
23532,2937,6,present
23533,2937,7,present
23534,2937,8,absent
23535,2937,9,present
23536,2937,10,present
23537,2937,11,present
23538,2937,12,present
23539,2937,13,absent
23540,2937,14,present
23541,2937,15,present
23542,2937,16,present
23543,2938,1,present
23544,2938,2,present
23545,2938,3,present
23546,2938,4,present
23547,2938,5,present
23548,2938,6,present
23549,2938,7,present
23550,2938,8,present
23551,2938,9,present
23552,2938,10,absent
23553,2938,11,present
23554,2938,12,present
23555,2938,13,present
23556,2938,14,present
23557,2938,15,present
23558,2938,16,absent
23559,2939,1,present
23560,2939,2,present
23561,2939,3,present
23562,2939,4,present
23563,2939,5,present
23564,2939,6,absent
23565,2939,7,present
23566,2939,8,present
23567,2939,9,present
23568,2939,10,present
23569,2939,11,present
23570,2939,12,present
23571,2939,13,present
23572,2939,14,present
23573,2939,15,present
23574,2939,16,present
23575,2940,1,excused
23576,2940,2,present
23577,2940,3,present
23578,2940,4,present
23579,2940,5,present
23580,2940,6,present
23581,2940,7,present
23582,2940,8,present
23583,2940,9,present
23584,2940,10,present
23585,2940,11,present
23586,2940,12,absent
23587,2940,13,absent
23588,2940,14,present
23589,2940,15,present
23590,2940,16,present
23591,2941,1,present
23592,2941,2,present
23593,2941,3,present
23594,2941,4,present
23595,2941,5,present
23596,2941,6,present
23597,2941,7,absent
23598,2941,8,present
23599,2941,9,present
23600,2941,10,present
23601,2941,11,present
23602,2941,12,present
23603,2941,13,present
23604,2941,14,present
23605,2941,15,present
23606,2941,16,present
23607,2942,1,present
23608,2942,2,present
23609,2942,3,present
23610,2942,4,present
23611,2942,5,present
23612,2942,6,present
23613,2942,7,present
23614,2942,8,present
23615,2942,9,present
23616,2942,10,present
23617,2942,11,present
23618,2942,12,present
23619,2942,13,present
23620,2942,14,present
23621,2942,15,present
23622,2942,16,present
23623,2943,1,absent
23624,2943,2,absent
23625,2943,3,present
23626,2943,4,absent
23627,2943,5,present
23628,2943,6,present
23629,2943,7,late
23630,2943,8,present
23631,2943,9,present
23632,2943,10,present
23633,2943,11,present
23634,2943,12,present
23635,2943,13,present
23636,2943,14,present
23637,2943,15,present
23638,2943,16,present
23639,2944,1,present
23640,2944,2,present
23641,2944,3,present
23642,2944,4,absent
23643,2944,5,present
23644,2944,6,present
23645,2944,7,present
23646,2944,8,present
23647,2944,9,present
23648,2944,10,present
23649,2944,11,present
23650,2944,12,present
23651,2944,13,present
23652,2944,14,present
23653,2944,15,present
23654,2944,16,present
23655,2945,1,present
23656,2945,2,present
23657,2945,3,absent
23658,2945,4,present
23659,2945,5,present
23660,2945,6,present
23661,2945,7,late
23662,2945,8,absent
23663,2945,9,present
23664,2945,10,present
23665,2945,11,present
23666,2945,12,absent
23667,2945,13,present
23668,2945,14,present
23669,2945,15,present
23670,2945,16,present
23671,2946,1,absent
23672,2946,2,present
23673,2946,3,present
23674,2946,4,present
23675,2946,5,present
23676,2946,6,present
23677,2946,7,present
23678,2946,8,absent
23679,2946,9,absent
23680,2946,10,present
23681,2946,11,present
23682,2946,12,present
23683,2946,13,present
23684,2946,14,present
23685,2946,15,present
23686,2946,16,present
23687,2947,1,present
23688,2947,2,present
23689,2947,3,present
23690,2947,4,present
23691,2947,5,present
23692,2947,6,present
23693,2947,7,present
23694,2947,8,present
23695,2947,9,present
23696,2947,10,present
23697,2947,11,present
23698,2947,12,present
23699,2947,13,present
23700,2947,14,late
23701,2947,15,present
23702,2947,16,present
23703,2948,1,present
23704,2948,2,excused
23705,2948,3,present
23706,2948,4,present
23707,2948,5,present
23708,2948,6,absent
23709,2948,7,present
23710,2948,8,present
23711,2948,9,present
23712,2948,10,present
23713,2948,11,present
23714,2948,12,present
23715,2948,13,present
23716,2948,14,present
23717,2948,15,present
23718,2948,16,present
23719,2949,1,absent
23720,2949,2,present
23721,2949,3,absent
23722,2949,4,present
23723,2949,5,present
23724,2949,6,present
23725,2949,7,present
23726,2949,8,present
23727,2949,9,present
23728,2949,10,present
23729,2949,11,present
23730,2949,12,present
23731,2949,13,present
23732,2949,14,present
23733,2949,15,present
23734,2949,16,present
23735,2950,1,absent
23736,2950,2,present
23737,2950,3,present
23738,2950,4,present
23739,2950,5,present
23740,2950,6,present
23741,2950,7,present
23742,2950,8,present
23743,2950,9,absent
23744,2950,10,present
23745,2950,11,present
23746,2950,12,present
23747,2950,13,present
23748,2950,14,present
23749,2950,15,present
23750,2950,16,present
23751,2951,1,present
23752,2951,2,present
23753,2951,3,late
23754,2951,4,absent
23755,2951,5,absent
23756,2951,6,present
23757,2951,7,present
23758,2951,8,present
23759,2951,9,present
23760,2951,10,present
23761,2951,11,present
23762,2951,12,absent
23763,2951,13,present
23764,2951,14,present
23765,2951,15,present
23766,2951,16,present
23767,2952,1,present
23768,2952,2,present
23769,2952,3,present
23770,2952,4,present
23771,2952,5,present
23772,2952,6,present
23773,2952,7,present
23774,2952,8,present
23775,2952,9,present
23776,2952,10,present
23777,2952,11,present
23778,2952,12,present
23779,2952,13,present
23780,2952,14,present
23781,2952,15,present
23782,2952,16,present
23783,2953,1,present
23784,2953,2,absent
23785,2953,3,present
23786,2953,4,present
23787,2953,5,present
23788,2953,6,present
23789,2953,7,present
23790,2953,8,absent
23791,2953,9,present
23792,2953,10,present
23793,2953,11,present
23794,2953,12,excused
23795,2953,13,present
23796,2953,14,present
23797,2953,15,present
23798,2953,16,present
23799,2954,1,present
23800,2954,2,present
23801,2954,3,present
23802,2954,4,present
23803,2954,5,absent
23804,2954,6,late
23805,2954,7,present
23806,2954,8,present
23807,2954,9,present
23808,2954,10,late
23809,2954,11,present
23810,2954,12,present
23811,2954,13,present
23812,2954,14,present
23813,2954,15,present
23814,2954,16,present
23815,2955,1,present
23816,2955,2,present
23817,2955,3,present
23818,2955,4,present
23819,2955,5,present
23820,2955,6,present
23821,2955,7,present
23822,2955,8,present
23823,2955,9,present
23824,2955,10,present
23825,2955,11,present
23826,2955,12,absent
23827,2955,13,present
23828,2955,14,present
23829,2955,15,present
23830,2955,16,present
23831,2956,1,absent
23832,2956,2,present
23833,2956,3,present
23834,2956,4,present
23835,2956,5,present
23836,2956,6,present
23837,2956,7,present
23838,2956,8,present
23839,2956,9,present
23840,2956,10,late
23841,2956,11,absent
23842,2956,12,absent
23843,2956,13,late
23844,2956,14,absent
23845,2956,15,present
23846,2956,16,present
23847,2957,1,present
23848,2957,2,present
23849,2957,3,present
23850,2957,4,present
23851,2957,5,present
23852,2957,6,present
23853,2957,7,present
23854,2957,8,present
23855,2957,9,present
23856,2957,10,absent
23857,2957,11,present
23858,2957,12,present
23859,2957,13,late
23860,2957,14,present
23861,2957,15,present
23862,2957,16,present
23863,2958,1,present
23864,2958,2,present
23865,2958,3,present
23866,2958,4,present
23867,2958,5,absent
23868,2958,6,present
23869,2958,7,present
23870,2958,8,present
23871,2958,9,present
23872,2958,10,absent
23873,2958,11,present
23874,2958,12,present
23875,2958,13,present
23876,2958,14,present
23877,2958,15,present
23878,2958,16,present
23879,2959,1,present
23880,2959,2,present
23881,2959,3,present
23882,2959,4,absent
23883,2959,5,present
23884,2959,6,present
23885,2959,7,present
23886,2959,8,present
23887,2959,9,present
23888,2959,10,present
23889,2959,11,present
23890,2959,12,present
23891,2959,13,late
23892,2959,14,present
23893,2959,15,present
23894,2959,16,present
23895,2960,1,present
23896,2960,2,present
23897,2960,3,present
23898,2960,4,present
23899,2960,5,absent
23900,2960,6,present
23901,2960,7,present
23902,2960,8,present
23903,2960,9,present
23904,2960,10,absent
23905,2960,11,late
23906,2960,12,present
23907,2960,13,present
23908,2960,14,present
23909,2960,15,present
23910,2960,16,present
23911,2961,1,present
23912,2961,2,absent
23913,2961,3,present
23914,2961,4,present
23915,2961,5,absent
23916,2961,6,absent
23917,2961,7,present
23918,2961,8,present
23919,2961,9,present
23920,2961,10,present
23921,2961,11,absent
23922,2961,12,present
23923,2961,13,absent
23924,2961,14,present
23925,2961,15,absent
23926,2961,16,present
23927,2962,1,present
23928,2962,2,absent
23929,2962,3,present
23930,2962,4,present
23931,2962,5,absent
23932,2962,6,present
23933,2962,7,absent
23934,2962,8,present
23935,2962,9,present
23936,2962,10,late
23937,2962,11,present
23938,2962,12,present
23939,2962,13,absent
23940,2962,14,present
23941,2962,15,present
23942,2962,16,present
23943,2963,1,present
23944,2963,2,present
23945,2963,3,present
23946,2963,4,present
23947,2963,5,present
23948,2963,6,present
23949,2963,7,present
23950,2963,8,present
23951,2963,9,absent
23952,2963,10,present
23953,2963,11,present
23954,2963,12,present
23955,2963,13,present
23956,2963,14,present
23957,2963,15,present
23958,2963,16,present
23959,2964,1,present
23960,2964,2,present
23961,2964,3,present
23962,2964,4,present
23963,2964,5,absent
23964,2964,6,present
23965,2964,7,present
23966,2964,8,present
23967,2964,9,present
23968,2964,10,present
23969,2964,11,present
23970,2964,12,present
23971,2964,13,present
23972,2964,14,present
23973,2964,15,present
23974,2964,16,present
23975,2965,1,present
23976,2965,2,present
23977,2965,3,present
23978,2965,4,present
23979,2965,5,present
23980,2965,6,present
23981,2965,7,present
23982,2965,8,present
23983,2965,9,present
23984,2965,10,present
23985,2965,11,late
23986,2965,12,present
23987,2965,13,present
23988,2965,14,present
23989,2965,15,present
23990,2965,16,present
23991,2966,1,present
23992,2966,2,present
23993,2966,3,present
23994,2966,4,present
23995,2966,5,present
23996,2966,6,absent
23997,2966,7,present
23998,2966,8,present
23999,2966,9,present
24000,2966,10,absent
24001,2966,11,present
24002,2966,12,present
24003,2966,13,present
24004,2966,14,present
24005,2966,15,present
24006,2966,16,present
24007,2967,1,present
24008,2967,2,present
24009,2967,3,present
24010,2967,4,present
24011,2967,5,absent
24012,2967,6,absent
24013,2967,7,present
24014,2967,8,absent
24015,2968,1,present
24016,2968,2,present
24017,2968,3,present
24018,2968,4,present
24019,2968,5,present
24020,2968,6,present
24021,2968,7,absent
24022,2968,8,present
24023,2969,1,present
24024,2969,2,present
24025,2969,3,present
24026,2969,4,present
24027,2969,5,present
24028,2969,6,present
24029,2969,7,present
24030,2969,8,present
24031,2970,1,present
24032,2970,2,absent
24033,2970,3,present
24034,2970,4,present
24035,2970,5,present
24036,2970,6,absent
24037,2970,7,present
24038,2970,8,present
24039,2971,1,present
24040,2971,2,present
24041,2971,3,present
24042,2971,4,present
24043,2971,5,present
24044,2971,6,present
24045,2971,7,present
24046,2971,8,present
24047,2972,1,absent
24048,2972,2,present
24049,2972,3,present
24050,2972,4,present
24051,2972,5,present
24052,2972,6,present
24053,2972,7,present
24054,2972,8,present
24055,2973,1,present
24056,2973,2,present
24057,2973,3,present
24058,2973,4,present
24059,2973,5,absent
24060,2973,6,present
24061,2973,7,present
24062,2973,8,present
24063,2974,1,present
24064,2974,2,present
24065,2974,3,present
24066,2974,4,present
24067,2974,5,absent
24068,2974,6,present
24069,2974,7,absent
24070,2974,8,present
24071,2975,1,absent
24072,2975,2,present
24073,2975,3,present
24074,2975,4,present
24075,2975,5,present
24076,2975,6,present
24077,2975,7,present
24078,2975,8,present
24079,2976,1,present
24080,2976,2,absent
24081,2976,3,present
24082,2976,4,present
24083,2976,5,late
24084,2976,6,present
24085,2976,7,present
24086,2976,8,present
24087,2977,1,present
24088,2977,2,absent
24089,2977,3,present
24090,2977,4,present
24091,2977,5,present
24092,2977,6,excused
24093,2977,7,absent
24094,2977,8,present
24095,2978,1,present
24096,2978,2,present
24097,2978,3,present
24098,2978,4,present
24099,2978,5,present
24100,2978,6,present
24101,2978,7,present
24102,2978,8,present
24103,2979,1,present
24104,2979,2,present
24105,2979,3,present
24106,2979,4,present
24107,2979,5,present
24108,2979,6,present
24109,2979,7,present
24110,2979,8,present
24111,2980,1,present
24112,2980,2,present
24113,2980,3,present
24114,2980,4,present
24115,2980,5,present
24116,2980,6,present
24117,2980,7,present
24118,2980,8,present
24119,2981,1,present
24120,2981,2,present
24121,2981,3,present
24122,2981,4,present
24123,2981,5,present
24124,2981,6,present
24125,2981,7,present
24126,2981,8,absent
24127,2982,1,present
24128,2982,2,present
24129,2982,3,present
24130,2982,4,present
24131,2982,5,present
24132,2982,6,present
24133,2982,7,absent
24134,2982,8,absent
24135,2983,1,present
24136,2983,2,present
24137,2983,3,present
24138,2983,4,present
24139,2983,5,present
24140,2983,6,present
24141,2983,7,present
24142,2983,8,present
24143,2984,9,present
24144,2984,10,present
24145,2984,11,present
24146,2984,12,present
24147,2984,13,present
24148,2984,14,present
24149,2984,15,present
24150,2984,16,present
24151,2985,9,late
24152,2985,10,present
24153,2985,11,present
24154,2985,12,present
24155,2985,13,present
24156,2985,14,present
24157,2985,15,late
24158,2985,16,present
24159,2986,9,absent
24160,2986,10,present
24161,2986,11,absent
24162,2986,12,present
24163,2986,13,present
24164,2986,14,present
24165,2986,15,present
24166,2986,16,present
24167,2987,9,present
24168,2987,10,present
24169,2987,11,present
24170,2987,12,present
24171,2987,13,present
24172,2987,14,present
24173,2987,15,absent
24174,2987,16,present
24175,2988,9,present
24176,2988,10,present
24177,2988,11,present
24178,2988,12,present
24179,2988,13,present
24180,2988,14,present
24181,2988,15,present
24182,2988,16,present
24183,2989,9,present
24184,2989,10,present
24185,2989,11,present
24186,2989,12,present
24187,2989,13,present
24188,2989,14,absent
24189,2989,15,present
24190,2989,16,present
24191,2990,9,late
24192,2990,10,present
24193,2990,11,present
24194,2990,12,present
24195,2990,13,present
24196,2990,14,present
24197,2990,15,present
24198,2990,16,present
24199,2991,9,present
24200,2991,10,present
24201,2991,11,absent
24202,2991,12,absent
24203,2991,13,present
24204,2991,14,present
24205,2991,15,present
24206,2991,16,absent
24207,2992,9,present
24208,2992,10,present
24209,2992,11,present
24210,2992,12,present
24211,2992,13,excused
24212,2992,14,present
24213,2992,15,present
24214,2992,16,present
24215,2993,9,present
24216,2993,10,present
24217,2993,11,present
24218,2993,12,absent
24219,2993,13,present
24220,2993,14,present
24221,2993,15,present
24222,2993,16,present
24223,2994,9,present
24224,2994,10,present
24225,2994,11,absent
24226,2994,12,present
24227,2994,13,present
24228,2994,14,present
24229,2994,15,late
24230,2994,16,present
24231,2995,9,present
24232,2995,10,present
24233,2995,11,present
24234,2995,12,present
24235,2995,13,present
24236,2995,14,absent
24237,2995,15,present
24238,2995,16,present
24239,2996,9,present
24240,2996,10,present
24241,2996,11,present
24242,2996,12,absent
24243,2996,13,present
24244,2996,14,present
24245,2996,15,present
24246,2996,16,absent
24247,2997,9,present
24248,2997,10,present
24249,2997,11,present
24250,2997,12,present
24251,2997,13,absent
24252,2997,14,present
24253,2997,15,absent
24254,2997,16,present
24255,2998,9,present
24256,2998,10,present
24257,2998,11,present
24258,2998,12,present
24259,2998,13,present
24260,2998,14,present
24261,2998,15,late
24262,2998,16,present
24263,2999,9,present
24264,2999,10,present
24265,2999,11,present
24266,2999,12,present
24267,2999,13,present
24268,2999,14,present
24269,2999,15,present
24270,2999,16,absent
24271,3000,17,present
24272,3000,18,present
24273,3000,19,present
24274,3000,20,present
24275,3000,21,present
24276,3000,22,present
24277,3000,23,present
24278,3000,24,present
24279,3000,25,present
24280,3000,26,present
24281,3001,17,present
24282,3001,18,present
24283,3001,19,present
24284,3001,20,present
24285,3001,21,present
24286,3001,22,absent
24287,3001,23,present
24288,3001,24,present
24289,3001,25,absent
24290,3001,26,present
24291,3002,17,present
24292,3002,18,present
24293,3002,19,present
24294,3002,20,present
24295,3002,21,present
24296,3002,22,present
24297,3002,23,present
24298,3002,24,present
24299,3002,25,present
24300,3002,26,absent
24301,3003,17,present
24302,3003,18,present
24303,3003,19,present
24304,3003,20,present
24305,3003,21,present
24306,3003,22,present
24307,3003,23,present
24308,3003,24,present
24309,3003,25,present
24310,3003,26,present
24311,3004,17,present
24312,3004,18,absent
24313,3004,19,present
24314,3004,20,present
24315,3004,21,absent
24316,3004,22,present
24317,3004,23,present
24318,3004,24,present
24319,3004,25,present
24320,3004,26,present
24321,3005,17,present
24322,3005,18,present
24323,3005,19,present
24324,3005,20,present
24325,3005,21,absent
24326,3005,22,present
24327,3005,23,present
24328,3005,24,present
24329,3005,25,present
24330,3005,26,present
24331,3006,17,present
24332,3006,18,present
24333,3006,19,present
24334,3006,20,present
24335,3006,21,present
24336,3006,22,present
24337,3006,23,present
24338,3006,24,present
24339,3006,25,present
24340,3006,26,present
24341,3007,17,present
24342,3007,18,present
24343,3007,19,present
24344,3007,20,present
24345,3007,21,absent
24346,3007,22,present
24347,3007,23,present
24348,3007,24,present
24349,3007,25,present
24350,3007,26,late
24351,3008,17,present
24352,3008,18,present
24353,3008,19,present
24354,3008,20,present
24355,3008,21,present
24356,3008,22,present
24357,3008,23,present
24358,3008,24,present
24359,3008,25,present
24360,3008,26,present
24361,3009,17,present
24362,3009,18,present
24363,3009,19,present
24364,3009,20,present
24365,3009,21,present
24366,3009,22,present
24367,3009,23,present
24368,3009,24,present
24369,3009,25,present
24370,3009,26,present
24371,3010,17,present
24372,3010,18,present
24373,3010,19,present
24374,3010,20,present
24375,3010,21,present
24376,3010,22,absent
24377,3010,23,present
24378,3010,24,present
24379,3010,25,present
24380,3010,26,present
24381,3011,17,present
24382,3011,18,present
24383,3011,19,present
24384,3011,20,present
24385,3011,21,present
24386,3011,22,present
24387,3011,23,present
24388,3011,24,present
24389,3011,25,present
24390,3011,26,absent
24391,3012,17,present
24392,3012,18,present
24393,3012,19,present
24394,3012,20,absent
24395,3012,21,present
24396,3012,22,present
24397,3012,23,present
24398,3012,24,present
24399,3012,25,present
24400,3012,26,present
24401,3013,17,present
24402,3013,18,absent
24403,3013,19,present
24404,3013,20,absent
24405,3013,21,present
24406,3013,22,present
24407,3013,23,present
24408,3013,24,present
24409,3013,25,present
24410,3013,26,present
24411,3014,17,present
24412,3014,18,present
24413,3014,19,present
24414,3014,20,late
24415,3014,21,present
24416,3014,22,present
24417,3014,23,present
24418,3014,24,present
24419,3014,25,present
24420,3014,26,present
24421,3015,17,present
24422,3015,18,present
24423,3015,19,present
24424,3015,20,absent
24425,3015,21,present
24426,3015,22,present
24427,3015,23,present
24428,3015,24,present
24429,3015,25,present
24430,3015,26,present
24431,3016,17,present
24432,3016,18,absent
24433,3016,19,present
24434,3016,20,present
24435,3016,21,present
24436,3016,22,present
24437,3016,23,present
24438,3016,24,present
24439,3016,25,present
24440,3016,26,present
24441,3017,17,present
24442,3017,18,present
24443,3017,19,present
24444,3017,20,present
24445,3017,21,present
24446,3017,22,absent
24447,3017,23,present
24448,3017,24,present
24449,3017,25,present
24450,3017,26,present
24451,3018,17,present
24452,3018,18,present
24453,3018,19,present
24454,3018,20,present
24455,3018,21,present
24456,3018,22,present
24457,3018,23,present
24458,3018,24,present
24459,3018,25,present
24460,3018,26,present
24461,3019,17,present
24462,3019,18,present
24463,3019,19,present
24464,3019,20,present
24465,3019,21,present
24466,3019,22,present
24467,3019,23,present
24468,3019,24,present
24469,3019,25,late
24470,3019,26,present
24471,3020,17,present
24472,3020,18,present
24473,3020,19,present
24474,3020,20,present
24475,3020,21,present
24476,3020,22,present
24477,3020,23,absent
24478,3020,24,present
24479,3020,25,present
24480,3020,26,present
24481,3021,17,present
24482,3021,18,present
24483,3021,19,present
24484,3021,20,present
24485,3021,21,present
24486,3021,22,present
24487,3021,23,excused
24488,3021,24,present
24489,3021,25,present
24490,3021,26,present
24491,3022,17,present
24492,3022,18,present
24493,3022,19,present
24494,3022,20,present
24495,3022,21,present
24496,3022,22,present
24497,3022,23,present
24498,3022,24,present
24499,3022,25,present
24500,3022,26,absent
24501,3023,17,present
24502,3023,18,present
24503,3023,19,present
24504,3023,20,present
24505,3023,21,present
24506,3023,22,present
24507,3023,23,present
24508,3023,24,present
24509,3023,25,present
24510,3023,26,present
24511,3024,17,present
24512,3024,18,absent
24513,3024,19,present
24514,3024,20,absent
24515,3024,21,present
24516,3024,22,present
24517,3024,23,present
24518,3024,24,present
24519,3024,25,present
24520,3024,26,present
24521,3025,17,present
24522,3025,18,present
24523,3025,19,present
24524,3025,20,present
24525,3025,21,present
24526,3025,22,present
24527,3025,23,present
24528,3025,24,present
24529,3025,25,present
24530,3025,26,present
24531,3026,17,present
24532,3026,18,absent
24533,3026,19,present
24534,3026,20,present
24535,3026,21,present
24536,3026,22,present
24537,3026,23,present
24538,3026,24,present
24539,3026,25,present
24540,3026,26,present
24541,3027,17,present
24542,3027,18,present
24543,3027,19,present
24544,3027,20,present
24545,3027,21,present
24546,3027,22,present
24547,3027,23,present
24548,3027,24,present
24549,3027,25,present
24550,3027,26,present
24551,3028,17,present
24552,3028,18,present
24553,3028,19,present
24554,3028,20,absent
24555,3028,21,present
24556,3028,22,present
24557,3028,23,present
24558,3028,24,present
24559,3028,25,present
24560,3028,26,present
24561,3029,17,present
24562,3029,18,absent
24563,3029,19,present
24564,3029,20,present
24565,3029,21,present
24566,3029,22,absent
24567,3029,23,present
24568,3029,24,present
24569,3029,25,present
24570,3029,26,present
24571,3030,17,present
24572,3030,18,present
24573,3030,19,present
24574,3030,20,excused
24575,3030,21,present
24576,3030,22,present
24577,3030,23,present
24578,3030,24,present
24579,3030,25,absent
24580,3030,26,present
24581,3031,17,present
24582,3031,18,absent
24583,3031,19,present
24584,3031,20,absent
24585,3031,21,absent
24586,3031,22,present
24587,3031,23,present
24588,3031,24,present
24589,3031,25,present
24590,3031,26,present
24591,3032,17,late
24592,3032,18,present
24593,3032,19,present
24594,3032,20,present
24595,3032,21,present
24596,3032,22,absent
24597,3032,23,present
24598,3032,24,present
24599,3032,25,present
24600,3032,26,present
24601,3033,17,present
24602,3033,18,present
24603,3033,19,present
24604,3033,20,present
24605,3033,21,present
24606,3033,22,present
24607,3033,23,present
24608,3033,24,present
24609,3033,25,present
24610,3033,26,present
24611,3034,17,present
24612,3034,18,present
24613,3034,19,present
24614,3034,20,present
24615,3034,21,present
24616,3034,22,present
24617,3034,23,present
24618,3034,24,present
24619,3034,25,present
24620,3034,26,present
24621,3035,17,present
24622,3035,18,present
24623,3035,19,absent
24624,3035,20,present
24625,3035,21,present
24626,3035,22,present
24627,3035,23,present
24628,3035,24,present
24629,3035,25,present
24630,3035,26,present
24631,3036,17,present
24632,3036,18,present
24633,3036,19,present
24634,3036,20,present
24635,3036,21,present
24636,3036,22,present
24637,3036,23,present
24638,3036,24,present
24639,3036,25,present
24640,3036,26,present
24641,3037,17,present
24642,3037,18,late
24643,3037,19,present
24644,3037,20,present
24645,3037,21,present
24646,3037,22,present
24647,3037,23,present
24648,3037,24,present
24649,3037,25,present
24650,3037,26,present
24651,3038,17,present
24652,3038,18,present
24653,3038,19,present
24654,3038,20,present
24655,3038,21,late
24656,3038,22,present
24657,3038,23,present
24658,3038,24,present
24659,3038,25,present
24660,3038,26,present
24661,3039,17,present
24662,3039,18,present
24663,3039,19,present
24664,3039,20,present
24665,3039,21,present
24666,3039,22,present
24667,3039,23,present
24668,3039,24,present
24669,3039,25,absent
24670,3039,26,present
24671,3040,17,present
24672,3040,18,present
24673,3040,19,present
24674,3040,20,present
24675,3040,21,present
24676,3040,22,present
24677,3040,23,present
24678,3040,24,present
24679,3040,25,present
24680,3040,26,present
24681,3041,17,present
24682,3041,18,present
24683,3041,19,present
24684,3041,20,present
24685,3041,21,present
24686,3041,22,present
24687,3041,23,present
24688,3041,24,present
24689,3041,25,present
24690,3041,26,absent
24691,3042,17,present
24692,3042,18,present
24693,3042,19,present
24694,3042,20,present
24695,3042,21,present
24696,3042,22,late
24697,3042,23,present
24698,3042,24,present
24699,3042,25,present
24700,3042,26,absent
24701,3043,17,present
24702,3043,18,present
24703,3043,19,absent
24704,3043,20,present
24705,3043,21,present
24706,3043,22,present
24707,3043,23,present
24708,3043,24,present
24709,3043,25,present
24710,3043,26,present
24711,3044,17,present
24712,3044,18,present
24713,3044,19,present
24714,3044,20,present
24715,3044,21,present
24716,3044,22,present
24717,3044,23,present
24718,3044,24,present
24719,3044,25,present
24720,3044,26,present
24721,3045,17,present
24722,3045,18,present
24723,3045,19,present
24724,3045,20,present
24725,3045,21,present
24726,3045,22,present
24727,3045,23,present
24728,3045,24,present
24729,3045,25,present
24730,3045,26,present
24731,3046,17,present
24732,3046,18,present
24733,3046,19,present
24734,3046,20,present
24735,3046,21,present
24736,3046,22,present
24737,3046,23,present
24738,3046,24,present
24739,3046,25,present
24740,3046,26,present
24741,3047,17,present
24742,3047,18,present
24743,3047,19,present
24744,3047,20,present
24745,3047,21,present
24746,3047,22,present
24747,3047,23,present
24748,3047,24,absent
24749,3047,25,present
24750,3047,26,present
24751,3048,17,present
24752,3048,18,present
24753,3048,19,present
24754,3048,20,present
24755,3048,21,present
24756,3048,22,present
24757,3048,23,present
24758,3048,24,present
24759,3048,25,present
24760,3048,26,present
24761,3049,17,present
24762,3049,18,present
24763,3049,19,present
24764,3049,20,present
24765,3049,21,present
24766,3049,22,present
24767,3049,23,present
24768,3049,24,absent
24769,3049,25,present
24770,3049,26,present
24771,3050,17,present
24772,3050,18,present
24773,3050,19,present
24774,3050,20,present
24775,3050,21,present
24776,3050,22,present
24777,3050,23,present
24778,3050,24,present
24779,3050,25,present
24780,3050,26,present
24781,3051,17,present
24782,3051,18,absent
24783,3051,19,present
24784,3051,20,present
24785,3051,21,present
24786,3051,22,present
24787,3051,23,present
24788,3051,24,absent
24789,3051,25,present
24790,3051,26,present
24791,3052,17,present
24792,3052,18,present
24793,3052,19,present
24794,3052,20,present
24795,3052,21,present
24796,3052,22,present
24797,3052,23,present
24798,3052,24,present
24799,3052,25,present
24800,3052,26,present
24801,3053,17,present
24802,3053,18,present
24803,3053,19,present
24804,3053,20,present
24805,3053,21,present
24806,3053,22,present
24807,3053,23,present
24808,3053,24,present
24809,3053,25,present
24810,3053,26,present
24811,3054,17,present
24812,3054,18,present
24813,3054,19,present
24814,3054,20,present
24815,3054,21,present
24816,3054,22,present
24817,3054,23,present
24818,3054,24,present
24819,3054,25,present
24820,3054,26,present
24821,3055,17,present
24822,3055,18,present
24823,3055,19,present
24824,3055,20,present
24825,3055,21,present
24826,3055,22,present
24827,3055,23,present
24828,3055,24,present
24829,3055,25,present
24830,3055,26,present
24831,3056,17,present
24832,3056,18,present
24833,3056,19,present
24834,3056,20,present
24835,3056,21,present
24836,3056,22,present
24837,3056,23,present
24838,3056,24,present
24839,3056,25,present
24840,3056,26,present
24841,3057,17,present
24842,3057,18,present
24843,3057,19,present
24844,3057,20,present
24845,3057,21,absent
24846,3057,22,present
24847,3057,23,present
24848,3057,24,present
24849,3057,25,present
24850,3057,26,present
24851,3058,17,present
24852,3058,18,present
24853,3058,19,present
24854,3058,20,present
24855,3058,21,present
24856,3058,22,present
24857,3058,23,present
24858,3058,24,present
24859,3058,25,present
24860,3058,26,present
24861,3059,17,present
24862,3059,18,present
24863,3059,19,present
24864,3059,20,present
24865,3059,21,present
24866,3059,22,absent
24867,3059,23,present
24868,3059,24,present
24869,3059,25,present
24870,3059,26,present
24871,3060,17,present
24872,3060,18,present
24873,3060,19,present
24874,3060,20,present
24875,3060,21,present
24876,3060,22,absent
24877,3060,23,present
24878,3060,24,present
24879,3060,25,present
24880,3060,26,present
24881,3061,17,excused
24882,3061,18,present
24883,3061,19,present
24884,3061,20,present
24885,3061,21,present
24886,3061,22,present
24887,3061,23,present
24888,3061,24,present
24889,3061,25,present
24890,3061,26,present
24891,3062,17,present
24892,3062,18,present
24893,3062,19,present
24894,3062,20,present
24895,3062,21,present
24896,3062,22,present
24897,3062,23,present
24898,3062,24,present
24899,3062,25,absent
24900,3062,26,present
24901,3063,17,present
24902,3063,18,absent
24903,3063,19,absent
24904,3063,20,present
24905,3063,21,present
24906,3063,22,late
24907,3063,23,present
24908,3063,24,present
24909,3063,25,present
24910,3063,26,present
24911,3064,17,present
24912,3064,18,absent
24913,3064,19,present
24914,3064,20,present
24915,3064,21,present
24916,3064,22,present
24917,3064,23,present
24918,3064,24,present
24919,3064,25,present
24920,3064,26,present
24921,3065,17,present
24922,3065,18,absent
24923,3065,19,present
24924,3065,20,present
24925,3065,21,present
24926,3065,22,present
24927,3065,23,present
24928,3065,24,present
24929,3065,25,present
24930,3065,26,present
24931,3066,17,present
24932,3066,18,absent
24933,3066,19,present
24934,3066,20,present
24935,3066,21,present
24936,3066,22,present
24937,3066,23,present
24938,3066,24,present
24939,3066,25,present
24940,3066,26,present
24941,3067,17,present
24942,3067,18,present
24943,3067,19,present
24944,3067,20,present
24945,3067,21,present
24946,3067,22,late
24947,3067,23,present
24948,3067,24,present
24949,3067,25,present
24950,3067,26,present
24951,3068,17,present
24952,3068,18,present
24953,3068,19,present
24954,3068,20,present
24955,3068,21,present
24956,3068,22,absent
24957,3068,23,present
24958,3068,24,present
24959,3068,25,present
24960,3068,26,present
24961,3069,17,present
24962,3069,18,present
24963,3069,19,present
24964,3069,20,present
24965,3069,21,present
24966,3069,22,present
24967,3069,23,present
24968,3069,24,present
24969,3069,25,present
24970,3069,26,present
24971,3070,17,present
24972,3070,18,present
24973,3070,19,present
24974,3070,20,present
24975,3070,21,present
24976,3070,22,present
24977,3070,23,present
24978,3070,24,present
24979,3070,25,present
24980,3070,26,present
24981,3071,17,present
24982,3071,18,present
24983,3071,19,present
24984,3071,20,present
24985,3071,21,present
24986,3071,22,present
24987,3071,23,present
24988,3071,24,late
24989,3071,25,absent
24990,3071,26,absent
24991,3072,17,present
24992,3072,18,absent
24993,3072,19,present
24994,3072,20,present
24995,3072,21,present
24996,3072,22,present
24997,3072,23,present
24998,3072,24,present
24999,3072,25,present
25000,3072,26,present
25001,3073,17,present
25002,3073,18,absent
25003,3073,19,present
25004,3073,20,present
25005,3073,21,present
25006,3073,22,present
25007,3073,23,present
25008,3073,24,present
25009,3073,25,present
25010,3073,26,present
25011,3074,17,present
25012,3074,18,present
25013,3074,19,absent
25014,3074,20,present
25015,3074,21,present
25016,3074,22,present
25017,3074,23,present
25018,3074,24,present
25019,3074,25,present
25020,3074,26,present
25021,3075,17,present
25022,3075,18,present
25023,3075,19,present
25024,3075,20,present
25025,3075,21,present
25026,3075,22,present
25027,3075,23,present
25028,3075,24,present
25029,3075,25,present
25030,3075,26,present
25031,3076,17,present
25032,3076,18,present
25033,3076,19,present
25034,3076,20,present
25035,3076,21,present
25036,3076,22,absent
25037,3076,23,present
25038,3076,24,present
25039,3076,25,present
25040,3076,26,present
25041,3077,17,present
25042,3077,18,present
25043,3077,19,present
25044,3077,20,present
25045,3077,21,absent
25046,3077,22,present
25047,3077,23,present
25048,3077,24,present
25049,3077,25,present
25050,3077,26,absent
25051,3078,17,present
25052,3078,18,present
25053,3078,19,absent
25054,3078,20,present
25055,3078,21,present
25056,3078,22,absent
25057,3078,23,present
25058,3078,24,present
25059,3078,25,present
25060,3078,26,present
25061,3079,17,late
25062,3079,18,present
25063,3079,19,present
25064,3079,20,present
25065,3079,21,present
25066,3079,22,present
25067,3079,23,present
25068,3079,24,present
25069,3079,25,present
25070,3079,26,present
25071,3080,17,present
25072,3080,18,present
25073,3080,19,absent
25074,3080,20,absent
25075,3080,21,absent
25076,3080,22,present
25077,3080,23,present
25078,3080,24,absent
25079,3080,25,present
25080,3080,26,present
25081,3081,17,present
25082,3081,18,present
25083,3081,19,present
25084,3081,20,present
25085,3081,21,present
25086,3081,22,present
25087,3081,23,present
25088,3081,24,present
25089,3081,25,present
25090,3081,26,present
25091,3082,17,present
25092,3082,18,present
25093,3082,19,absent
25094,3082,20,present
25095,3082,21,present
25096,3082,22,present
25097,3082,23,present
25098,3082,24,present
25099,3082,25,present
25100,3082,26,present
25101,3083,17,present
25102,3083,18,present
25103,3083,19,present
25104,3083,20,present
25105,3083,21,present
25106,3083,22,absent
25107,3083,23,present
25108,3083,24,present
25109,3083,25,present
25110,3083,26,present
25111,3084,17,present
25112,3084,18,present
25113,3084,19,present
25114,3084,20,present
25115,3084,21,late
25116,3084,22,present
25117,3084,23,present
25118,3084,24,present
25119,3084,25,present
25120,3084,26,present
25121,3085,17,absent
25122,3085,18,present
25123,3085,19,present
25124,3085,20,present
25125,3085,21,present
25126,3085,22,present
25127,3085,23,present
25128,3085,24,present
25129,3085,25,present
25130,3085,26,present
25131,3086,17,late
25132,3086,18,excused
25133,3086,19,present
25134,3086,20,present
25135,3086,21,present
25136,3086,22,present
25137,3086,23,present
25138,3086,24,present
25139,3086,25,present
25140,3086,26,present
25141,3087,17,present
25142,3087,18,present
25143,3087,19,late
25144,3087,20,present
25145,3087,21,present
25146,3087,22,present
25147,3087,23,present
25148,3087,24,present
25149,3087,25,present
25150,3087,26,present
25151,3088,17,present
25152,3088,18,absent
25153,3088,19,late
25154,3088,20,present
25155,3088,21,present
25156,3088,22,present
25157,3088,23,present
25158,3088,24,present
25159,3088,25,absent
25160,3088,26,present
25161,3089,17,late
25162,3089,18,present
25163,3089,19,present
25164,3089,20,present
25165,3089,21,present
25166,3089,22,present
25167,3089,23,present
25168,3089,24,present
25169,3089,25,absent
25170,3089,26,present
25171,3090,17,absent
25172,3090,18,absent
25173,3090,19,present
25174,3090,20,present
25175,3090,21,present
25176,3090,22,present
25177,3090,23,present
25178,3090,24,present
25179,3090,25,present
25180,3090,26,present
25181,3091,17,present
25182,3091,18,present
25183,3091,19,present
25184,3091,20,present
25185,3091,21,absent
25186,3091,22,present
25187,3091,23,present
25188,3091,24,present
25189,3091,25,present
25190,3091,26,absent
25191,3092,17,present
25192,3092,18,present
25193,3092,19,absent
25194,3092,20,present
25195,3092,21,absent
25196,3092,22,present
25197,3092,23,present
25198,3092,24,present
25199,3092,25,present
25200,3092,26,present
25201,3093,17,present
25202,3093,18,present
25203,3093,19,late
25204,3093,20,present
25205,3093,21,present
25206,3093,22,present
25207,3093,23,present
25208,3093,24,present
25209,3093,25,present
25210,3093,26,present
25211,3094,17,present
25212,3094,18,late
25213,3094,19,absent
25214,3094,20,present
25215,3094,21,present
25216,3094,22,present
25217,3094,23,present
25218,3094,24,present
25219,3094,25,present
25220,3094,26,excused
25221,3095,17,present
25222,3095,18,present
25223,3095,19,present
25224,3095,20,present
25225,3095,21,present
25226,3095,22,present
25227,3095,23,absent
25228,3095,24,present
25229,3095,25,late
25230,3095,26,present
25231,3096,17,present
25232,3096,18,present
25233,3096,19,present
25234,3096,20,present
25235,3096,21,present
25236,3096,22,present
25237,3096,23,present
25238,3096,24,present
25239,3096,25,present
25240,3096,26,present
25241,3097,17,present
25242,3097,18,present
25243,3097,19,present
25244,3097,20,absent
25245,3097,21,absent
25246,3097,22,present
25247,3097,23,present
25248,3097,24,absent
25249,3097,25,present
25250,3097,26,present
25251,3098,17,present
25252,3098,18,absent
25253,3098,19,present
25254,3098,20,present
25255,3098,21,present
25256,3098,22,present
25257,3098,23,present
25258,3098,24,present
25259,3098,25,present
25260,3098,26,present
25261,3099,17,present
25262,3099,18,present
25263,3099,19,present
25264,3099,20,present
25265,3099,21,present
25266,3099,22,present
25267,3099,23,present
25268,3099,24,present
25269,3099,25,absent
25270,3099,26,present
25271,3100,17,late
25272,3100,18,present
25273,3100,19,absent
25274,3100,20,present
25275,3100,21,present
25276,3100,22,present
25277,3100,23,present
25278,3100,24,present
25279,3100,25,present
25280,3100,26,excused
25281,3101,17,present
25282,3101,18,present
25283,3101,19,absent
25284,3101,20,present
25285,3101,21,present
25286,3101,22,present
25287,3101,23,present
25288,3101,24,present
25289,3101,25,present
25290,3101,26,present
25291,3102,17,present
25292,3102,18,present
25293,3102,19,present
25294,3102,20,present
25295,3102,21,present
25296,3102,22,present
25297,3102,23,present
25298,3102,24,present
25299,3102,25,present
25300,3102,26,absent
25301,3103,17,present
25302,3103,18,present
25303,3103,19,present
25304,3103,20,absent
25305,3103,21,present
25306,3103,22,present
25307,3103,23,present
25308,3103,24,present
25309,3103,25,absent
25310,3103,26,present
25311,3104,17,present
25312,3104,18,present
25313,3104,19,present
25314,3104,20,present
25315,3104,21,present
25316,3104,22,present
25317,3104,23,present
25318,3104,24,present
25319,3104,25,present
25320,3104,26,present
25321,3105,17,present
25322,3105,18,present
25323,3105,19,present
25324,3105,20,present
25325,3105,21,present
25326,3105,22,present
25327,3105,23,present
25328,3105,24,present
25329,3105,25,late
25330,3105,26,absent
25331,3106,17,present
25332,3106,18,present
25333,3106,19,present
25334,3106,20,present
25335,3106,21,present
25336,3106,22,present
25337,3106,23,present
25338,3106,24,present
25339,3106,25,present
25340,3106,26,present
25341,3107,17,present
25342,3107,18,absent
25343,3107,19,present
25344,3107,20,present
25345,3107,21,present
25346,3107,22,late
25347,3107,23,present
25348,3107,24,present
25349,3107,25,present
25350,3107,26,present
25351,3108,17,present
25352,3108,18,present
25353,3108,19,present
25354,3108,20,absent
25355,3108,21,present
25356,3108,22,present
25357,3108,23,present
25358,3108,24,present
25359,3108,25,present
25360,3108,26,present
25361,3109,17,present
25362,3109,18,present
25363,3109,19,absent
25364,3109,20,present
25365,3109,21,present
25366,3109,22,present
25367,3109,23,present
25368,3109,24,present
25369,3109,25,late
25370,3109,26,present
25371,3110,17,present
25372,3110,18,present
25373,3110,19,present
25374,3110,20,present
25375,3110,21,present
25376,3110,22,present
25377,3110,23,present
25378,3110,24,present
25379,3110,25,absent
25380,3110,26,present
25381,3111,17,present
25382,3111,18,present
25383,3111,19,present
25384,3111,20,late
25385,3111,21,present
25386,3111,22,present
25387,3111,23,present
25388,3111,24,present
25389,3111,25,present
25390,3111,26,present
25391,3112,17,present
25392,3112,18,present
25393,3112,19,present
25394,3112,20,present
25395,3112,21,present
25396,3112,22,present
25397,3112,23,present
25398,3112,24,present
25399,3112,25,present
25400,3112,26,present
25401,3113,17,present
25402,3113,18,present
25403,3113,19,excused
25404,3113,20,present
25405,3113,21,present
25406,3113,22,present
25407,3113,23,present
25408,3113,24,present
25409,3113,25,present
25410,3113,26,late
25411,3114,17,present
25412,3114,18,present
25413,3114,19,present
25414,3114,20,late
25415,3114,21,present
25416,3114,22,present
25417,3114,23,present
25418,3114,24,absent
25419,3114,25,present
25420,3114,26,present
25421,3115,17,absent
25422,3115,18,present
25423,3115,19,present
25424,3115,20,present
25425,3115,21,present
25426,3115,22,present
25427,3115,23,present
25428,3115,24,present
25429,3115,25,present
25430,3115,26,present
25431,3116,17,present
25432,3116,18,present
25433,3116,19,absent
25434,3116,20,present
25435,3116,21,present
25436,3116,22,present
25437,3116,23,present
25438,3116,24,present
25439,3116,25,absent
25440,3116,26,present
25441,3117,17,present
25442,3117,18,present
25443,3117,19,present
25444,3117,20,present
25445,3117,21,present
25446,3117,22,present
25447,3117,23,present
25448,3117,24,present
25449,3117,25,present
25450,3117,26,present
25451,3118,17,present
25452,3118,18,present
25453,3118,19,absent
25454,3118,20,present
25455,3118,21,present
25456,3118,22,present
25457,3118,23,present
25458,3118,24,absent
25459,3118,25,present
25460,3118,26,present
25461,3119,17,present
25462,3119,18,present
25463,3119,19,absent
25464,3119,20,present
25465,3119,21,absent
25466,3119,22,present
25467,3119,23,present
25468,3119,24,present
25469,3119,25,present
25470,3119,26,present
25471,3120,17,present
25472,3120,18,present
25473,3120,19,absent
25474,3120,20,present
25475,3120,21,absent
25476,3120,22,present
25477,3120,23,present
25478,3120,24,present
25479,3120,25,present
25480,3120,26,present
25481,3121,17,present
25482,3121,18,present
25483,3121,19,absent
25484,3121,20,present
25485,3121,21,present
25486,3121,22,present
25487,3121,23,present
25488,3121,24,present
25489,3121,25,present
25490,3121,26,present
25491,3122,17,present
25492,3122,18,present
25493,3122,19,present
25494,3122,20,present
25495,3122,21,present
25496,3122,22,present
25497,3122,23,present
25498,3122,24,present
25499,3122,25,present
25500,3122,26,present
25501,3123,17,present
25502,3123,18,present
25503,3123,19,present
25504,3123,20,present
25505,3123,21,present
25506,3123,22,present
25507,3123,23,present
25508,3123,24,present
25509,3123,25,absent
25510,3123,26,present
25511,3124,17,present
25512,3124,18,present
25513,3124,19,absent
25514,3124,20,present
25515,3124,21,present
25516,3124,22,present
25517,3124,23,present
25518,3124,24,present
25519,3124,25,present
25520,3124,26,present
25521,3125,17,present
25522,3125,18,absent
25523,3125,19,present
25524,3125,20,present
25525,3125,21,present
25526,3125,22,present
25527,3125,23,present
25528,3125,24,present
25529,3125,25,late
25530,3125,26,present
25531,3126,17,present
25532,3126,18,present
25533,3126,19,present
25534,3126,20,present
25535,3126,21,present
25536,3126,22,present
25537,3126,23,present
25538,3126,24,present
25539,3126,25,absent
25540,3126,26,present
25541,3127,17,absent
25542,3127,18,present
25543,3127,19,absent
25544,3127,20,late
25545,3127,21,present
25546,3128,17,present
25547,3128,18,present
25548,3128,19,absent
25549,3128,20,present
25550,3128,21,present
25551,3129,17,present
25552,3129,18,present
25553,3129,19,present
25554,3129,20,present
25555,3129,21,present
25556,3130,17,present
25557,3130,18,present
25558,3130,19,present
25559,3130,20,present
25560,3130,21,present
25561,3131,17,present
25562,3131,18,present
25563,3131,19,present
25564,3131,20,present
25565,3131,21,present
25566,3132,17,present
25567,3132,18,present
25568,3132,19,absent
25569,3132,20,present
25570,3132,21,present
25571,3133,17,present
25572,3133,18,present
25573,3133,19,present
25574,3133,20,present
25575,3133,21,present
25576,3134,17,present
25577,3134,18,present
25578,3134,19,excused
25579,3134,20,present
25580,3134,21,present
25581,3135,17,present
25582,3135,18,present
25583,3135,19,present
25584,3135,20,present
25585,3135,21,present
25586,3136,17,present
25587,3136,18,present
25588,3136,19,present
25589,3136,20,present
25590,3136,21,present
25591,3137,17,present
25592,3137,18,present
25593,3137,19,present
25594,3137,20,absent
25595,3137,21,present
25596,3138,17,present
25597,3138,18,present
25598,3138,19,present
25599,3138,20,present
25600,3138,21,present
25601,3139,17,present
25602,3139,18,present
25603,3139,19,late
25604,3139,20,present
25605,3139,21,present
25606,3140,17,present
25607,3140,18,present
25608,3140,19,absent
25609,3140,20,present
25610,3140,21,present
25611,3141,17,present
25612,3141,18,present
25613,3141,19,present
25614,3141,20,absent
25615,3141,21,absent
25616,3142,17,present
25617,3142,18,late
25618,3142,19,present
25619,3142,20,absent
25620,3142,21,present
25621,3143,22,present
25622,3143,23,present
25623,3143,24,present
25624,3143,25,present
25625,3143,26,present
25626,3144,22,present
25627,3144,23,present
25628,3144,24,present
25629,3144,25,present
25630,3144,26,present
25631,3145,22,present
25632,3145,23,present
25633,3145,24,present
25634,3145,25,present
25635,3145,26,present
25636,3146,22,present
25637,3146,23,present
25638,3146,24,present
25639,3146,25,present
25640,3146,26,present
25641,3147,22,present
25642,3147,23,present
25643,3147,24,present
25644,3147,25,present
25645,3147,26,present
25646,3148,22,present
25647,3148,23,present
25648,3148,24,present
25649,3148,25,present
25650,3148,26,present
25651,3149,22,present
25652,3149,23,present
25653,3149,24,present
25654,3149,25,present
25655,3149,26,present
25656,3150,22,present
25657,3150,23,present
25658,3150,24,present
25659,3150,25,present
25660,3150,26,absent
25661,3151,22,present
25662,3151,23,present
25663,3151,24,present
25664,3151,25,present
25665,3151,26,present
25666,3152,22,present
25667,3152,23,present
25668,3152,24,present
25669,3152,25,present
25670,3152,26,present
25671,3153,22,absent
25672,3153,23,present
25673,3153,24,present
25674,3153,25,present
25675,3153,26,present
25676,3154,22,present
25677,3154,23,present
25678,3154,24,present
25679,3154,25,absent
25680,3154,26,present
25681,3155,22,present
25682,3155,23,present
25683,3155,24,present
25684,3155,25,present
25685,3155,26,present
25686,3156,22,absent
25687,3156,23,present
25688,3156,24,present
25689,3156,25,present
25690,3156,26,present
25691,3157,22,present
25692,3157,23,present
25693,3157,24,present
25694,3157,25,present
25695,3157,26,present
25696,3158,17,present
25697,3158,18,present
25698,3158,19,present
25699,3158,20,late
25700,3158,21,present
25701,3158,22,absent
25702,3158,23,present
25703,3158,24,present
25704,3158,25,present
25705,3158,26,present
25706,3159,17,present
25707,3159,18,present
25708,3159,19,absent
25709,3159,20,present
25710,3159,21,late
25711,3159,22,present
25712,3159,23,present
25713,3159,24,present
25714,3159,25,present
25715,3159,26,present
25716,3160,17,present
25717,3160,18,present
25718,3160,19,present
25719,3160,20,present
25720,3160,21,present
25721,3160,22,present
25722,3160,23,absent
25723,3160,24,late
25724,3160,25,absent
25725,3160,26,present
25726,3161,17,present
25727,3161,18,present
25728,3161,19,present
25729,3161,20,present
25730,3161,21,absent
25731,3161,22,present
25732,3161,23,present
25733,3161,24,present
25734,3161,25,present
25735,3161,26,present
25736,3162,17,present
25737,3162,18,present
25738,3162,19,present
25739,3162,20,present
25740,3162,21,present
25741,3162,22,present
25742,3162,23,present
25743,3162,24,present
25744,3162,25,present
25745,3162,26,present
25746,3163,17,present
25747,3163,18,present
25748,3163,19,present
25749,3163,20,present
25750,3163,21,present
25751,3163,22,present
25752,3163,23,present
25753,3163,24,present
25754,3163,25,present
25755,3163,26,present
25756,3164,17,present
25757,3164,18,absent
25758,3164,19,present
25759,3164,20,present
25760,3164,21,absent
25761,3164,22,present
25762,3164,23,present
25763,3164,24,present
25764,3164,25,present
25765,3164,26,present
25766,3165,17,present
25767,3165,18,present
25768,3165,19,present
25769,3165,20,present
25770,3165,21,present
25771,3165,22,present
25772,3165,23,absent
25773,3165,24,present
25774,3165,25,present
25775,3165,26,present
25776,3166,17,present
25777,3166,18,present
25778,3166,19,present
25779,3166,20,present
25780,3166,21,present
25781,3166,22,present
25782,3166,23,present
25783,3166,24,present
25784,3166,25,present
25785,3166,26,present
25786,3167,17,present
25787,3167,18,present
25788,3167,19,present
25789,3167,20,present
25790,3167,21,present
25791,3167,22,present
25792,3167,23,present
25793,3167,24,absent
25794,3167,25,present
25795,3167,26,absent
25796,3168,17,present
25797,3168,18,present
25798,3168,19,present
25799,3168,20,present
25800,3168,21,present
25801,3168,22,present
25802,3168,23,present
25803,3168,24,present
25804,3168,25,present
25805,3168,26,absent
25806,3169,17,absent
25807,3169,18,absent
25808,3169,19,present
25809,3169,20,present
25810,3169,21,present
25811,3169,22,present
25812,3169,23,present
25813,3169,24,present
25814,3169,25,present
25815,3169,26,absent
25816,3170,17,present
25817,3170,18,present
25818,3170,19,present
25819,3170,20,present
25820,3170,21,present
25821,3170,22,present
25822,3170,23,present
25823,3170,24,present
25824,3170,25,present
25825,3170,26,present
25826,3171,17,present
25827,3171,18,present
25828,3171,19,present
25829,3171,20,absent
25830,3171,21,present
25831,3171,22,absent
25832,3171,23,absent
25833,3171,24,present
25834,3171,25,present
25835,3171,26,present
25836,3172,17,present
25837,3172,18,present
25838,3172,19,present
25839,3172,20,absent
25840,3172,21,present
25841,3172,22,present
25842,3172,23,present
25843,3172,24,absent
25844,3172,25,present
25845,3172,26,present
25846,3173,17,present
25847,3173,18,present
25848,3173,19,present
25849,3173,20,present
25850,3173,21,present
25851,3173,22,present
25852,3173,23,present
25853,3173,24,present
25854,3173,25,present
25855,3173,26,present
25856,3174,17,present
25857,3174,18,absent
25858,3174,19,present
25859,3174,20,present
25860,3174,21,present
25861,3174,22,present
25862,3174,23,absent
25863,3174,24,present
25864,3174,25,present
25865,3174,26,present
25866,3175,17,present
25867,3175,18,present
25868,3175,19,absent
25869,3175,20,present
25870,3175,21,present
25871,3175,22,present
25872,3175,23,present
25873,3175,24,present
25874,3175,25,present
25875,3175,26,present
25876,3176,17,present
25877,3176,18,present
25878,3176,19,present
25879,3176,20,late
25880,3176,21,present
25881,3176,22,present
25882,3176,23,present
25883,3176,24,present
25884,3176,25,present
25885,3176,26,present
25886,3177,17,present
25887,3177,18,present
25888,3177,19,absent
25889,3177,20,absent
25890,3177,21,present
25891,3177,22,present
25892,3177,23,present
25893,3177,24,present
25894,3177,25,present
25895,3177,26,present
25896,3178,17,present
25897,3178,18,present
25898,3178,19,present
25899,3178,20,present
25900,3178,21,present
25901,3178,22,present
25902,3178,23,present
25903,3178,24,present
25904,3178,25,present
25905,3178,26,present
25906,3179,17,present
25907,3179,18,present
25908,3179,19,present
25909,3179,20,present
25910,3179,21,present
25911,3179,22,present
25912,3179,23,present
25913,3179,24,present
25914,3179,25,present
25915,3179,26,present
25916,3180,17,present
25917,3180,18,present
25918,3180,19,present
25919,3180,20,present
25920,3180,21,absent
25921,3180,22,present
25922,3180,23,present
25923,3180,24,late
25924,3180,25,present
25925,3180,26,present
25926,3181,17,present
25927,3181,18,present
25928,3181,19,present
25929,3181,20,absent
25930,3181,21,present
25931,3181,22,present
25932,3181,23,present
25933,3181,24,present
25934,3181,25,present
25935,3181,26,absent
25936,3182,17,present
25937,3182,18,late
25938,3182,19,present
25939,3182,20,present
25940,3182,21,present
25941,3182,22,present
25942,3182,23,present
25943,3182,24,present
25944,3182,25,present
25945,3182,26,absent
25946,3183,17,present
25947,3183,18,present
25948,3183,19,present
25949,3183,20,excused
25950,3183,21,present
25951,3183,22,present
25952,3183,23,present
25953,3183,24,present
25954,3183,25,present
25955,3183,26,present
25956,3184,17,present
25957,3184,18,late
25958,3184,19,present
25959,3184,20,late
25960,3184,21,absent
25961,3184,22,present
25962,3184,23,present
25963,3184,24,present
25964,3184,25,present
25965,3184,26,present
25966,3185,17,absent
25967,3185,18,present
25968,3185,19,present
25969,3185,20,present
25970,3185,21,present
25971,3185,22,present
25972,3185,23,present
25973,3185,24,present
25974,3185,25,present
25975,3185,26,present
25976,3186,17,present
25977,3186,18,present
25978,3186,19,present
25979,3186,20,present
25980,3186,21,present
25981,3186,22,present
25982,3186,23,present
25983,3186,24,present
25984,3186,25,present
25985,3186,26,present
25986,3187,17,absent
25987,3187,18,absent
25988,3187,19,present
25989,3187,20,present
25990,3187,21,present
25991,3187,22,present
25992,3187,23,present
25993,3187,24,present
25994,3187,25,present
25995,3187,26,present
25996,3188,17,present
25997,3188,18,present
25998,3188,19,present
25999,3188,20,present
26000,3188,21,present
26001,3188,22,present
26002,3188,23,present
26003,3188,24,present
26004,3188,25,present
26005,3188,26,present
26006,3189,17,present
26007,3189,18,present
26008,3189,19,absent
26009,3189,20,present
26010,3189,21,present
26011,3189,22,present
26012,3189,23,absent
26013,3189,24,present
26014,3189,25,present
26015,3189,26,present
26016,3190,17,present
26017,3190,18,present
26018,3190,19,present
26019,3190,20,present
26020,3190,21,present
26021,3190,22,present
26022,3190,23,present
26023,3190,24,present
26024,3190,25,present
26025,3190,26,present
26026,3191,17,present
26027,3191,18,present
26028,3191,19,absent
26029,3191,20,present
26030,3191,21,present
26031,3191,22,present
26032,3191,23,present
26033,3191,24,present
26034,3191,25,present
26035,3191,26,present
26036,3192,17,present
26037,3192,18,present
26038,3192,19,present
26039,3192,20,present
26040,3192,21,present
26041,3192,22,present
26042,3192,23,present
26043,3192,24,present
26044,3192,25,present
26045,3192,26,present
26046,3193,17,present
26047,3193,18,present
26048,3193,19,present
26049,3193,20,present
26050,3193,21,present
26051,3193,22,present
26052,3193,23,present
26053,3193,24,present
26054,3193,25,present
26055,3193,26,present
26056,3194,17,present
26057,3194,18,present
26058,3194,19,present
26059,3194,20,present
26060,3194,21,present
26061,3194,22,absent
26062,3194,23,present
26063,3194,24,present
26064,3194,25,present
26065,3194,26,absent
26066,3195,17,present
26067,3195,18,absent
26068,3195,19,present
26069,3195,20,present
26070,3195,21,present
26071,3195,22,absent
26072,3195,23,present
26073,3195,24,present
26074,3195,25,present
26075,3195,26,absent
26076,3196,17,present
26077,3196,18,present
26078,3196,19,present
26079,3196,20,present
26080,3196,21,absent
26081,3196,22,absent
26082,3196,23,present
26083,3196,24,present
26084,3196,25,present
26085,3196,26,present
26086,3197,17,present
26087,3197,18,present
26088,3197,19,absent
26089,3197,20,present
26090,3197,21,present
26091,3197,22,present
26092,3197,23,present
26093,3197,24,present
26094,3197,25,absent
26095,3197,26,present
26096,3198,17,present
26097,3198,18,present
26098,3198,19,present
26099,3198,20,present
26100,3198,21,present
26101,3198,22,present
26102,3198,23,present
26103,3198,24,present
26104,3198,25,present
26105,3198,26,present
26106,3199,17,present
26107,3199,18,absent
26108,3199,19,present
26109,3199,20,present
26110,3199,21,present
26111,3199,22,present
26112,3199,23,present
26113,3199,24,present
26114,3199,25,present
26115,3199,26,present
26116,3200,17,late
26117,3200,18,present
26118,3200,19,present
26119,3200,20,present
26120,3200,21,present
26121,3200,22,present
26122,3200,23,present
26123,3200,24,present
26124,3200,25,present
26125,3200,26,present
26126,3201,17,present
26127,3201,18,absent
26128,3201,19,present
26129,3201,20,present
26130,3201,21,present
26131,3201,22,absent
26132,3201,23,present
26133,3201,24,absent
26134,3201,25,present
26135,3201,26,present
26136,3202,17,present
26137,3202,18,present
26138,3202,19,absent
26139,3202,20,present
26140,3202,21,late
26141,3202,22,present
26142,3202,23,present
26143,3202,24,present
26144,3202,25,present
26145,3202,26,present
26146,3203,17,present
26147,3203,18,present
26148,3203,19,present
26149,3203,20,present
26150,3203,21,present
26151,3203,22,present
26152,3203,23,present
26153,3203,24,present
26154,3203,25,present
26155,3203,26,present
26156,3204,17,present
26157,3204,18,present
26158,3204,19,present
26159,3204,20,present
26160,3204,21,absent
26161,3204,22,present
26162,3204,23,absent
26163,3204,24,present
26164,3204,25,present
26165,3204,26,present
26166,3205,17,present
26167,3205,18,present
26168,3205,19,present
26169,3205,20,present
26170,3205,21,present
26171,3205,22,present
26172,3205,23,present
26173,3205,24,present
26174,3205,25,present
26175,3205,26,present
26176,3206,17,present
26177,3206,18,present
26178,3206,19,present
26179,3206,20,present
26180,3206,21,present
26181,3207,17,present
26182,3207,18,present
26183,3207,19,present
26184,3207,20,present
26185,3207,21,present
26186,3208,17,present
26187,3208,18,present
26188,3208,19,present
26189,3208,20,present
26190,3208,21,present
26191,3209,17,present
26192,3209,18,present
26193,3209,19,present
26194,3209,20,present
26195,3209,21,present
26196,3210,17,present
26197,3210,18,present
26198,3210,19,absent
26199,3210,20,present
26200,3210,21,present
26201,3211,17,present
26202,3211,18,present
26203,3211,19,present
26204,3211,20,present
26205,3211,21,present
26206,3212,17,present
26207,3212,18,present
26208,3212,19,present
26209,3212,20,present
26210,3212,21,present
26211,3213,17,present
26212,3213,18,present
26213,3213,19,present
26214,3213,20,present
26215,3213,21,present
26216,3214,17,present
26217,3214,18,present
26218,3214,19,absent
26219,3214,20,present
26220,3214,21,present
26221,3215,17,present
26222,3215,18,present
26223,3215,19,absent
26224,3215,20,present
26225,3215,21,present
26226,3216,17,present
26227,3216,18,present
26228,3216,19,present
26229,3216,20,present
26230,3216,21,present
26231,3217,17,present
26232,3217,18,absent
26233,3217,19,present
26234,3217,20,present
26235,3217,21,absent
26236,3218,17,present
26237,3218,18,present
26238,3218,19,present
26239,3218,20,absent
26240,3218,21,present
26241,3219,17,present
26242,3219,18,present
26243,3219,19,present
26244,3219,20,present
26245,3219,21,present
26246,3220,17,present
26247,3220,18,present
26248,3220,19,present
26249,3220,20,present
26250,3220,21,present
26251,3221,17,present
26252,3221,18,present
26253,3221,19,present
26254,3221,20,present
26255,3221,21,excused
26256,3222,17,present
26257,3222,18,present
26258,3222,19,present
26259,3222,20,present
26260,3222,21,present
26261,3223,22,present
26262,3223,23,present
26263,3223,24,present
26264,3223,25,present
26265,3223,26,absent
26266,3224,22,present
26267,3224,23,absent
26268,3224,24,absent
26269,3224,25,present
26270,3224,26,present
26271,3225,22,present
26272,3225,23,present
26273,3225,24,present
26274,3225,25,present
26275,3225,26,absent
26276,3226,22,present
26277,3226,23,present
26278,3226,24,present
26279,3226,25,present
26280,3226,26,absent
26281,3227,22,present
26282,3227,23,present
26283,3227,24,present
26284,3227,25,present
26285,3227,26,present
26286,3228,22,present
26287,3228,23,present
26288,3228,24,present
26289,3228,25,present
26290,3228,26,present
26291,3229,22,present
26292,3229,23,present
26293,3229,24,present
26294,3229,25,present
26295,3229,26,absent
26296,3230,22,present
26297,3230,23,present
26298,3230,24,present
26299,3230,25,present
26300,3230,26,present
26301,3231,22,present
26302,3231,23,present
26303,3231,24,present
26304,3231,25,present
26305,3231,26,present
26306,3232,22,present
26307,3232,23,present
26308,3232,24,present
26309,3232,25,present
26310,3232,26,present
26311,3233,22,present
26312,3233,23,present
26313,3233,24,present
26314,3233,25,present
26315,3233,26,present
26316,3234,22,present
26317,3234,23,present
26318,3234,24,present
26319,3234,25,present
26320,3234,26,present
26321,3235,22,present
26322,3235,23,present
26323,3235,24,present
26324,3235,25,present
26325,3235,26,present
26326,3236,22,present
26327,3236,23,present
26328,3236,24,present
26329,3236,25,present
26330,3236,26,present
26331,3237,22,present
26332,3237,23,absent
26333,3237,24,present
26334,3237,25,present
26335,3237,26,present
26336,3238,22,present
26337,3238,23,present
26338,3238,24,present
26339,3238,25,present
26340,3238,26,absent
26341,3239,17,present
26342,3239,18,present
26343,3239,19,present
26344,3239,20,present
26345,3239,21,present
26346,3240,17,present
26347,3240,18,present
26348,3240,19,present
26349,3240,20,present
26350,3240,21,present
26351,3241,17,present
26352,3241,18,present
26353,3241,19,present
26354,3241,20,present
26355,3241,21,present
26356,3242,17,present
26357,3242,18,absent
26358,3242,19,absent
26359,3242,20,present
26360,3242,21,present
26361,3243,17,present
26362,3243,18,present
26363,3243,19,present
26364,3243,20,present
26365,3243,21,present
26366,3244,17,present
26367,3244,18,absent
26368,3244,19,present
26369,3244,20,absent
26370,3244,21,present
26371,3245,17,present
26372,3245,18,absent
26373,3245,19,present
26374,3245,20,present
26375,3245,21,present
26376,3246,17,present
26377,3246,18,present
26378,3246,19,present
26379,3246,20,present
26380,3246,21,present
26381,3247,17,present
26382,3247,18,present
26383,3247,19,absent
26384,3247,20,present
26385,3247,21,present
26386,3248,17,late
26387,3248,18,present
26388,3248,19,present
26389,3248,20,absent
26390,3248,21,present
26391,3249,17,present
26392,3249,18,present
26393,3249,19,present
26394,3249,20,present
26395,3249,21,present
26396,3250,17,present
26397,3250,18,absent
26398,3250,19,present
26399,3250,20,late
26400,3250,21,present
26401,3251,17,present
26402,3251,18,present
26403,3251,19,absent
26404,3251,20,present
26405,3251,21,present
26406,3252,17,present
26407,3252,18,present
26408,3252,19,absent
26409,3252,20,present
26410,3252,21,present
26411,3253,17,present
26412,3253,18,present
26413,3253,19,present
26414,3253,20,present
26415,3253,21,present
26416,3254,22,present
26417,3254,23,present
26418,3254,24,present
26419,3254,25,present
26420,3254,26,present
26421,3255,22,absent
26422,3255,23,present
26423,3255,24,present
26424,3255,25,present
26425,3255,26,present
26426,3256,22,present
26427,3256,23,present
26428,3256,24,present
26429,3256,25,present
26430,3256,26,present
26431,3257,22,present
26432,3257,23,present
26433,3257,24,present
26434,3257,25,present
26435,3257,26,present
26436,3258,22,present
26437,3258,23,present
26438,3258,24,present
26439,3258,25,present
26440,3258,26,present
26441,3259,22,present
26442,3259,23,present
26443,3259,24,present
26444,3259,25,absent
26445,3259,26,present
26446,3260,22,present
26447,3260,23,present
26448,3260,24,present
26449,3260,25,present
26450,3260,26,present
26451,3261,22,present
26452,3261,23,present
26453,3261,24,present
26454,3261,25,present
26455,3261,26,present
26456,3262,22,present
26457,3262,23,present
26458,3262,24,present
26459,3262,25,excused
26460,3262,26,present
26461,3263,22,present
26462,3263,23,present
26463,3263,24,present
26464,3263,25,present
26465,3263,26,present
26466,3264,22,present
26467,3264,23,present
26468,3264,24,present
26469,3264,25,absent
26470,3264,26,present
26471,3265,22,present
26472,3265,23,present
26473,3265,24,present
26474,3265,25,present
26475,3265,26,present
26476,3266,22,present
26477,3266,23,present
26478,3266,24,present
26479,3266,25,present
26480,3266,26,present
26481,3267,22,absent
26482,3267,23,present
26483,3267,24,present
26484,3267,25,present
26485,3267,26,present
26486,3268,22,present
26487,3268,23,present
26488,3268,24,present
26489,3268,25,present
26490,3268,26,present
26491,3269,22,present
26492,3269,23,present
26493,3269,24,absent
26494,3269,25,present
26495,3269,26,present
26496,3270,17,present
26497,3270,18,present
26498,3270,19,late
26499,3270,20,present
26500,3270,21,present
26501,3270,22,present
26502,3270,23,present
26503,3270,24,present
26504,3270,25,present
26505,3270,26,present
26506,3271,17,present
26507,3271,18,present
26508,3271,19,present
26509,3271,20,present
26510,3271,21,present
26511,3271,22,present
26512,3271,23,present
26513,3271,24,present
26514,3271,25,absent
26515,3271,26,absent
26516,3272,17,present
26517,3272,18,present
26518,3272,19,present
26519,3272,20,present
26520,3272,21,present
26521,3272,22,present
26522,3272,23,present
26523,3272,24,present
26524,3272,25,present
26525,3272,26,present
26526,3273,17,present
26527,3273,18,present
26528,3273,19,absent
26529,3273,20,present
26530,3273,21,present
26531,3273,22,absent
26532,3273,23,present
26533,3273,24,present
26534,3273,25,present
26535,3273,26,present
26536,3274,17,present
26537,3274,18,present
26538,3274,19,present
26539,3274,20,present
26540,3274,21,present
26541,3274,22,present
26542,3274,23,absent
26543,3274,24,present
26544,3274,25,late
26545,3274,26,present
26546,3275,17,present
26547,3275,18,present
26548,3275,19,present
26549,3275,20,present
26550,3275,21,present
26551,3275,22,present
26552,3275,23,present
26553,3275,24,present
26554,3275,25,late
26555,3275,26,late
26556,3276,17,present
26557,3276,18,present
26558,3276,19,present
26559,3276,20,present
26560,3276,21,present
26561,3276,22,present
26562,3276,23,present
26563,3276,24,present
26564,3276,25,present
26565,3276,26,present
26566,3277,17,present
26567,3277,18,present
26568,3277,19,present
26569,3277,20,present
26570,3277,21,present
26571,3277,22,present
26572,3277,23,present
26573,3277,24,late
26574,3277,25,present
26575,3277,26,excused
26576,3278,17,present
26577,3278,18,present
26578,3278,19,present
26579,3278,20,present
26580,3278,21,present
26581,3278,22,absent
26582,3278,23,present
26583,3278,24,present
26584,3278,25,absent
26585,3278,26,present
26586,3279,17,present
26587,3279,18,present
26588,3279,19,absent
26589,3279,20,present
26590,3279,21,present
26591,3279,22,present
26592,3279,23,present
26593,3279,24,present
26594,3279,25,present
26595,3279,26,present
26596,3280,17,present
26597,3280,18,present
26598,3280,19,absent
26599,3280,20,present
26600,3280,21,present
26601,3280,22,present
26602,3280,23,present
26603,3280,24,present
26604,3280,25,present
26605,3280,26,excused
26606,3281,17,present
26607,3281,18,present
26608,3281,19,present
26609,3281,20,present
26610,3281,21,present
26611,3281,22,present
26612,3281,23,absent
26613,3281,24,present
26614,3281,25,present
26615,3281,26,present
26616,3282,17,present
26617,3282,18,present
26618,3282,19,present
26619,3282,20,present
26620,3282,21,present
26621,3282,22,present
26622,3282,23,present
26623,3282,24,present
26624,3282,25,present
26625,3282,26,present
26626,3283,17,present
26627,3283,18,present
26628,3283,19,present
26629,3283,20,present
26630,3283,21,present
26631,3283,22,present
26632,3283,23,present
26633,3283,24,present
26634,3283,25,present
26635,3283,26,present
26636,3284,17,present
26637,3284,18,present
26638,3284,19,present
26639,3284,20,present
26640,3284,21,present
26641,3284,22,present
26642,3284,23,present
26643,3284,24,present
26644,3284,25,present
26645,3284,26,present
26646,3285,17,present
26647,3285,18,present
26648,3285,19,present
26649,3285,20,present
26650,3285,21,present
26651,3285,22,present
26652,3285,23,present
26653,3285,24,present
26654,3285,25,present
26655,3285,26,present
26656,3286,17,present
26657,3286,18,present
26658,3286,19,present
26659,3286,20,present
26660,3286,21,absent
26661,3286,22,present
26662,3286,23,present
26663,3286,24,present
26664,3286,25,present
26665,3286,26,present
26666,3287,17,present
26667,3287,18,present
26668,3287,19,present
26669,3287,20,present
26670,3287,21,present
26671,3287,22,present
26672,3287,23,present
26673,3287,24,absent
26674,3287,25,present
26675,3287,26,present
26676,3288,17,present
26677,3288,18,present
26678,3288,19,present
26679,3288,20,present
26680,3288,21,present
26681,3288,22,present
26682,3288,23,present
26683,3288,24,absent
26684,3288,25,present
26685,3288,26,present
26686,3289,17,present
26687,3289,18,present
26688,3289,19,present
26689,3289,20,present
26690,3289,21,present
26691,3289,22,present
26692,3289,23,present
26693,3289,24,present
26694,3289,25,absent
26695,3289,26,present
26696,3290,17,present
26697,3290,18,present
26698,3290,19,absent
26699,3290,20,present
26700,3290,21,present
26701,3290,22,present
26702,3290,23,present
26703,3290,24,present
26704,3290,25,late
26705,3290,26,present
26706,3291,17,present
26707,3291,18,present
26708,3291,19,present
26709,3291,20,present
26710,3291,21,present
26711,3291,22,present
26712,3291,23,present
26713,3291,24,present
26714,3291,25,present
26715,3291,26,present
26716,3292,17,present
26717,3292,18,present
26718,3292,19,present
26719,3292,20,present
26720,3292,21,present
26721,3292,22,present
26722,3292,23,present
26723,3292,24,present
26724,3292,25,present
26725,3292,26,present
26726,3293,17,present
26727,3293,18,present
26728,3293,19,present
26729,3293,20,present
26730,3293,21,present
26731,3293,22,present
26732,3293,23,present
26733,3293,24,present
26734,3293,25,present
26735,3293,26,present
26736,3294,17,present
26737,3294,18,present
26738,3294,19,present
26739,3294,20,present
26740,3294,21,present
26741,3294,22,present
26742,3294,23,present
26743,3294,24,present
26744,3294,25,present
26745,3294,26,present
26746,3295,17,present
26747,3295,18,present
26748,3295,19,present
26749,3295,20,present
26750,3295,21,present
26751,3295,22,present
26752,3295,23,present
26753,3295,24,present
26754,3295,25,present
26755,3295,26,present
26756,3296,17,present
26757,3296,18,present
26758,3296,19,present
26759,3296,20,present
26760,3296,21,present
26761,3296,22,present
26762,3296,23,present
26763,3296,24,present
26764,3296,25,present
26765,3296,26,present
26766,3297,17,present
26767,3297,18,present
26768,3297,19,present
26769,3297,20,present
26770,3297,21,present
26771,3297,22,present
26772,3297,23,present
26773,3297,24,present
26774,3297,25,present
26775,3297,26,present
26776,3298,17,present
26777,3298,18,present
26778,3298,19,absent
26779,3298,20,present
26780,3298,21,present
26781,3298,22,present
26782,3298,23,present
26783,3298,24,present
26784,3298,25,present
26785,3298,26,present
26786,3299,17,present
26787,3299,18,present
26788,3299,19,present
26789,3299,20,present
26790,3299,21,present
26791,3299,22,present
26792,3299,23,present
26793,3299,24,present
26794,3299,25,present
26795,3299,26,present
26796,3300,17,present
26797,3300,18,present
26798,3300,19,present
26799,3300,20,present
26800,3300,21,present
26801,3300,22,present
26802,3300,23,present
26803,3300,24,present
26804,3300,25,present
26805,3300,26,present
26806,3301,17,present
26807,3301,18,present
26808,3301,19,present
26809,3301,20,present
26810,3301,21,present
26811,3301,22,present
26812,3301,23,present
26813,3301,24,present
26814,3301,25,present
26815,3301,26,present
26816,3302,17,present
26817,3302,18,present
26818,3302,19,present
26819,3302,20,present
26820,3302,21,present
26821,3302,22,present
26822,3302,23,present
26823,3302,24,present
26824,3302,25,present
26825,3302,26,absent
26826,3303,17,present
26827,3303,18,present
26828,3303,19,absent
26829,3303,20,present
26830,3303,21,present
26831,3303,22,present
26832,3303,23,present
26833,3303,24,present
26834,3303,25,present
26835,3303,26,absent
26836,3304,17,present
26837,3304,18,present
26838,3304,19,present
26839,3304,20,present
26840,3304,21,present
26841,3304,22,absent
26842,3304,23,present
26843,3304,24,present
26844,3304,25,present
26845,3304,26,present
26846,3305,17,present
26847,3305,18,present
26848,3305,19,present
26849,3305,20,present
26850,3305,21,present
26851,3305,22,present
26852,3305,23,absent
26853,3305,24,present
26854,3305,25,present
26855,3305,26,present
26856,3306,17,present
26857,3306,18,present
26858,3306,19,present
26859,3306,20,present
26860,3306,21,present
26861,3306,22,present
26862,3306,23,present
26863,3306,24,present
26864,3306,25,present
26865,3306,26,present
26866,3307,17,present
26867,3307,18,absent
26868,3307,19,present
26869,3307,20,present
26870,3307,21,present
26871,3307,22,present
26872,3307,23,present
26873,3307,24,present
26874,3307,25,present
26875,3307,26,present
26876,3308,17,present
26877,3308,18,present
26878,3308,19,present
26879,3308,20,present
26880,3308,21,present
26881,3308,22,present
26882,3308,23,present
26883,3308,24,present
26884,3308,25,present
26885,3308,26,absent
26886,3309,17,present
26887,3309,18,present
26888,3309,19,present
26889,3309,20,present
26890,3309,21,present
26891,3309,22,present
26892,3309,23,present
26893,3309,24,present
26894,3309,25,present
26895,3309,26,present
26896,3310,17,present
26897,3310,18,present
26898,3310,19,present
26899,3310,20,present
26900,3310,21,present
26901,3310,22,present
26902,3310,23,present
26903,3310,24,present
26904,3310,25,present
26905,3310,26,present
26906,3311,17,present
26907,3311,18,present
26908,3311,19,present
26909,3311,20,present
26910,3311,21,absent
26911,3311,22,absent
26912,3311,23,absent
26913,3311,24,present
26914,3311,25,present
26915,3311,26,present
26916,3312,17,present
26917,3312,18,present
26918,3312,19,present
26919,3312,20,present
26920,3312,21,present
26921,3312,22,absent
26922,3312,23,present
26923,3312,24,present
26924,3312,25,absent
26925,3312,26,present
26926,3313,17,present
26927,3313,18,present
26928,3313,19,present
26929,3313,20,present
26930,3313,21,present
26931,3313,22,present
26932,3313,23,present
26933,3313,24,present
26934,3313,25,present
26935,3313,26,present
26936,3314,17,present
26937,3314,18,present
26938,3314,19,present
26939,3314,20,present
26940,3314,21,present
26941,3314,22,present
26942,3314,23,present
26943,3314,24,present
26944,3314,25,present
26945,3314,26,present
26946,3315,17,present
26947,3315,18,present
26948,3315,19,present
26949,3315,20,present
26950,3315,21,present
26951,3315,22,present
26952,3315,23,present
26953,3315,24,present
26954,3315,25,present
26955,3315,26,present
26956,3316,17,present
26957,3316,18,present
26958,3316,19,present
26959,3316,20,present
26960,3316,21,present
26961,3316,22,present
26962,3316,23,present
26963,3316,24,present
26964,3316,25,present
26965,3316,26,present
26966,3317,17,present
26967,3317,18,present
26968,3317,19,present
26969,3317,20,present
26970,3317,21,absent
26971,3317,22,present
26972,3317,23,present
26973,3317,24,present
26974,3317,25,present
26975,3317,26,present
26976,3318,17,present
26977,3318,18,late
26978,3318,19,present
26979,3318,20,present
26980,3318,21,absent
26981,3318,22,present
26982,3318,23,present
26983,3318,24,present
26984,3318,25,present
26985,3318,26,present
26986,3319,17,present
26987,3319,18,present
26988,3319,19,present
26989,3319,20,present
26990,3319,21,present
26991,3319,22,present
26992,3319,23,present
26993,3319,24,present
26994,3319,25,present
26995,3319,26,present
26996,3320,17,present
26997,3320,18,present
26998,3320,19,present
26999,3320,20,absent
27000,3320,21,present
27001,3320,22,present
27002,3320,23,present
27003,3320,24,present
27004,3320,25,present
27005,3320,26,present
27006,3321,17,present
27007,3321,18,present
27008,3321,19,present
27009,3321,20,present
27010,3321,21,present
27011,3321,22,present
27012,3321,23,present
27013,3321,24,present
27014,3321,25,present
27015,3321,26,present
27016,3322,17,present
27017,3322,18,present
27018,3322,19,present
27019,3322,20,excused
27020,3322,21,present
27021,3322,22,present
27022,3322,23,present
27023,3322,24,present
27024,3322,25,present
27025,3322,26,present
27026,3323,17,present
27027,3323,18,present
27028,3323,19,present
27029,3323,20,present
27030,3323,21,present
27031,3323,22,present
27032,3323,23,present
27033,3323,24,present
27034,3323,25,present
27035,3323,26,present
27036,3324,17,present
27037,3324,18,present
27038,3324,19,present
27039,3324,20,present
27040,3324,21,present
27041,3324,22,present
27042,3324,23,absent
27043,3324,24,present
27044,3324,25,present
27045,3324,26,present
27046,3325,17,present
27047,3325,18,present
27048,3325,19,absent
27049,3325,20,present
27050,3325,21,present
27051,3325,22,present
27052,3325,23,present
27053,3325,24,present
27054,3325,25,present
27055,3325,26,present
27056,3326,17,absent
27057,3326,18,present
27058,3326,19,present
27059,3326,20,absent
27060,3326,21,present
27061,3326,22,present
27062,3326,23,present
27063,3326,24,present
27064,3326,25,present
27065,3326,26,absent
27066,3327,17,present
27067,3327,18,present
27068,3327,19,present
27069,3327,20,present
27070,3327,21,present
27071,3327,22,present
27072,3327,23,present
27073,3327,24,present
27074,3327,25,present
27075,3327,26,present
27076,3328,17,present
27077,3328,18,absent
27078,3328,19,absent
27079,3328,20,present
27080,3328,21,present
27081,3328,22,present
27082,3328,23,late
27083,3328,24,present
27084,3328,25,present
27085,3328,26,present
27086,3329,17,present
27087,3329,18,present
27088,3329,19,absent
27089,3329,20,absent
27090,3329,21,present
27091,3329,22,present
27092,3329,23,present
27093,3329,24,present
27094,3329,25,absent
27095,3329,26,present
27096,3330,17,present
27097,3330,18,present
27098,3330,19,present
27099,3330,20,present
27100,3330,21,present
27101,3330,22,present
27102,3330,23,present
27103,3330,24,present
27104,3330,25,present
27105,3330,26,present
27106,3331,17,present
27107,3331,18,present
27108,3331,19,present
27109,3331,20,present
27110,3331,21,present
27111,3331,22,present
27112,3331,23,present
27113,3331,24,present
27114,3331,25,present
27115,3331,26,present
27116,3332,17,present
27117,3332,18,present
27118,3332,19,present
27119,3332,20,absent
27120,3332,21,present
27121,3332,22,present
27122,3332,23,present
27123,3332,24,present
27124,3332,25,excused
27125,3332,26,present
27126,3333,17,present
27127,3333,18,present
27128,3333,19,present
27129,3333,20,present
27130,3333,21,present
27131,3333,22,present
27132,3333,23,present
27133,3333,24,present
27134,3333,25,present
27135,3333,26,present
27136,3334,17,present
27137,3334,18,present
27138,3334,19,present
27139,3334,20,present
27140,3334,21,present
27141,3334,22,present
27142,3334,23,present
27143,3334,24,present
27144,3334,25,present
27145,3334,26,present
27146,3335,17,present
27147,3335,18,present
27148,3335,19,present
27149,3335,20,present
27150,3335,21,present
27151,3335,22,present
27152,3335,23,present
27153,3335,24,present
27154,3335,25,present
27155,3335,26,excused
27156,3336,17,present
27157,3336,18,present
27158,3336,19,present
27159,3336,20,late
27160,3336,21,present
27161,3336,22,present
27162,3336,23,absent
27163,3336,24,present
27164,3336,25,present
27165,3336,26,absent
27166,3337,17,present
27167,3337,18,present
27168,3337,19,present
27169,3337,20,present
27170,3337,21,present
27171,3337,22,present
27172,3337,23,present
27173,3337,24,present
27174,3337,25,present
27175,3337,26,present
27176,3338,17,present
27177,3338,18,present
27178,3338,19,present
27179,3338,20,present
27180,3338,21,present
27181,3338,22,absent
27182,3338,23,present
27183,3338,24,present
27184,3338,25,present
27185,3338,26,present
27186,3339,17,present
27187,3339,18,present
27188,3339,19,present
27189,3339,20,present
27190,3339,21,present
27191,3339,22,present
27192,3339,23,present
27193,3339,24,present
27194,3339,25,present
27195,3339,26,present
27196,3340,17,present
27197,3340,18,present
27198,3340,19,present
27199,3340,20,present
27200,3340,21,late
27201,3340,22,late
27202,3340,23,present
27203,3340,24,present
27204,3340,25,present
27205,3340,26,present
27206,3341,17,present
27207,3341,18,present
27208,3341,19,present
27209,3341,20,present
27210,3341,21,present
27211,3341,22,present
27212,3341,23,present
27213,3341,24,present
27214,3341,25,present
27215,3341,26,present
27216,3342,17,present
27217,3342,18,present
27218,3342,19,present
27219,3342,20,present
27220,3342,21,absent
27221,3342,22,absent
27222,3342,23,present
27223,3342,24,present
27224,3342,25,present
27225,3342,26,present
27226,3343,17,present
27227,3343,18,present
27228,3343,19,present
27229,3343,20,present
27230,3343,21,present
27231,3343,22,present
27232,3343,23,present
27233,3343,24,present
27234,3343,25,present
27235,3343,26,present
27236,3344,17,present
27237,3344,18,present
27238,3344,19,present
27239,3344,20,present
27240,3344,21,present
27241,3344,22,present
27242,3344,23,present
27243,3344,24,present
27244,3344,25,present
27245,3344,26,present
27246,3345,17,present
27247,3345,18,present
27248,3345,19,present
27249,3345,20,present
27250,3345,21,present
27251,3345,22,present
27252,3345,23,absent
27253,3345,24,present
27254,3345,25,present
27255,3345,26,absent
27256,3346,17,present
27257,3346,18,present
27258,3346,19,present
27259,3346,20,present
27260,3346,21,present
27261,3346,22,present
27262,3346,23,present
27263,3346,24,present
27264,3346,25,present
27265,3346,26,present
27266,3347,17,present
27267,3347,18,present
27268,3347,19,present
27269,3347,20,present
27270,3347,21,present
27271,3347,22,late
27272,3347,23,present
27273,3347,24,present
27274,3347,25,present
27275,3347,26,present
27276,3348,17,present
27277,3348,18,present
27278,3348,19,present
27279,3348,20,present
27280,3348,21,present
27281,3348,22,present
27282,3348,23,present
27283,3348,24,present
27284,3348,25,absent
27285,3348,26,present
27286,3349,17,present
27287,3349,18,excused
27288,3349,19,present
27289,3349,20,absent
27290,3349,21,absent
27291,3349,22,present
27292,3349,23,present
27293,3349,24,present
27294,3349,25,present
27295,3349,26,present
27296,3350,17,present
27297,3350,18,present
27298,3350,19,present
27299,3350,20,present
27300,3350,21,present
27301,3351,17,present
27302,3351,18,present
27303,3351,19,present
27304,3351,20,present
27305,3351,21,present
27306,3352,17,present
27307,3352,18,present
27308,3352,19,present
27309,3352,20,present
27310,3352,21,present
27311,3353,17,present
27312,3353,18,present
27313,3353,19,present
27314,3353,20,present
27315,3353,21,present
27316,3354,17,present
27317,3354,18,excused
27318,3354,19,present
27319,3354,20,present
27320,3354,21,present
27321,3355,17,present
27322,3355,18,present
27323,3355,19,present
27324,3355,20,present
27325,3355,21,absent
27326,3356,17,present
27327,3356,18,absent
27328,3356,19,absent
27329,3356,20,present
27330,3356,21,present
27331,3357,17,present
27332,3357,18,absent
27333,3357,19,present
27334,3357,20,present
27335,3357,21,present
27336,3358,17,present
27337,3358,18,present
27338,3358,19,present
27339,3358,20,present
27340,3358,21,present
27341,3359,17,present
27342,3359,18,present
27343,3359,19,present
27344,3359,20,present
27345,3359,21,present
27346,3360,17,present
27347,3360,18,present
27348,3360,19,present
27349,3360,20,present
27350,3360,21,present
27351,3361,17,present
27352,3361,18,late
27353,3361,19,present
27354,3361,20,present
27355,3361,21,present
27356,3362,17,present
27357,3362,18,present
27358,3362,19,present
27359,3362,20,present
27360,3362,21,absent
27361,3363,17,present
27362,3363,18,present
27363,3363,19,present
27364,3363,20,present
27365,3363,21,present
27366,3364,17,present
27367,3364,18,present
27368,3364,19,absent
27369,3364,20,present
27370,3364,21,present
27371,3365,17,present
27372,3365,18,present
27373,3365,19,present
27374,3365,20,present
27375,3365,21,absent
27376,3366,22,present
27377,3366,23,present
27378,3366,24,present
27379,3366,25,present
27380,3366,26,present
27381,3367,22,present
27382,3367,23,absent
27383,3367,24,present
27384,3367,25,present
27385,3367,26,present
27386,3368,22,present
27387,3368,23,present
27388,3368,24,present
27389,3368,25,present
27390,3368,26,present
27391,3369,22,present
27392,3369,23,present
27393,3369,24,present
27394,3369,25,present
27395,3369,26,present
27396,3370,22,absent
27397,3370,23,present
27398,3370,24,present
27399,3370,25,present
27400,3370,26,absent
27401,3371,22,present
27402,3371,23,present
27403,3371,24,present
27404,3371,25,present
27405,3371,26,present
27406,3372,22,present
27407,3372,23,present
27408,3372,24,present
27409,3372,25,present
27410,3372,26,present
27411,3373,22,present
27412,3373,23,present
27413,3373,24,present
27414,3373,25,present
27415,3373,26,present
27416,3374,22,present
27417,3374,23,present
27418,3374,24,absent
27419,3374,25,present
27420,3374,26,present
27421,3375,22,present
27422,3375,23,present
27423,3375,24,present
27424,3375,25,present
27425,3375,26,present
27426,3376,22,present
27427,3376,23,absent
27428,3376,24,present
27429,3376,25,present
27430,3376,26,absent
27431,3377,22,present
27432,3377,23,absent
27433,3377,24,present
27434,3377,25,present
27435,3377,26,present
27436,3378,22,present
27437,3378,23,present
27438,3378,24,present
27439,3378,25,present
27440,3378,26,present
27441,3379,22,present
27442,3379,23,present
27443,3379,24,present
27444,3379,25,present
27445,3379,26,present
27446,3380,22,present
27447,3380,23,present
27448,3380,24,absent
27449,3380,25,present
27450,3380,26,present
27451,3381,27,present
27452,3381,28,present
27453,3381,29,present
27454,3381,30,present
27455,3381,31,present
27456,3381,32,present
27457,3382,27,present
27458,3382,28,present
27459,3382,29,present
27460,3382,30,present
27461,3382,31,present
27462,3382,32,present
27463,3383,27,present
27464,3383,28,present
27465,3383,29,present
27466,3383,30,late
27467,3383,31,present
27468,3383,32,absent
27469,3384,27,present
27470,3384,28,absent
27471,3384,29,present
27472,3384,30,present
27473,3384,31,present
27474,3384,32,present
27475,3385,27,present
27476,3385,28,present
27477,3385,29,present
27478,3385,30,present
27479,3385,31,absent
27480,3385,32,present
27481,3386,27,present
27482,3386,28,present
27483,3386,29,present
27484,3386,30,present
27485,3386,31,present
27486,3386,32,present
27487,3387,27,present
27488,3387,28,present
27489,3387,29,present
27490,3387,30,present
27491,3387,31,present
27492,3387,32,present
27493,3388,27,present
27494,3388,28,present
27495,3388,29,present
27496,3388,30,present
27497,3388,31,present
27498,3388,32,present
27499,3389,27,present
27500,3389,28,present
27501,3389,29,present
27502,3389,30,present
27503,3389,31,present
27504,3389,32,present
27505,3390,27,present
27506,3390,28,present
27507,3390,29,present
27508,3390,30,absent
27509,3390,31,absent
27510,3390,32,present
27511,3391,27,present
27512,3391,28,present
27513,3391,29,absent
27514,3391,30,present
27515,3391,31,present
27516,3391,32,present
27517,3392,27,present
27518,3392,28,present
27519,3392,29,present
27520,3392,30,absent
27521,3392,31,present
27522,3392,32,present
27523,3393,27,present
27524,3393,28,present
27525,3393,29,absent
27526,3393,30,present
27527,3393,31,present
27528,3393,32,present
27529,3394,27,present
27530,3394,28,present
27531,3394,29,present
27532,3394,30,present
27533,3394,31,present
27534,3394,32,present
27535,3395,27,present
27536,3395,28,present
27537,3395,29,present
27538,3395,30,late
27539,3395,31,present
27540,3395,32,present
27541,3396,27,present
27542,3396,28,absent
27543,3396,29,present
27544,3396,30,present
27545,3396,31,present
27546,3396,32,present
27547,3397,27,present
27548,3397,28,absent
27549,3397,29,present
27550,3397,30,late
27551,3397,31,present
27552,3397,32,present
27553,3398,27,present
27554,3398,28,present
27555,3398,29,present
27556,3398,30,present
27557,3398,31,present
27558,3398,32,present
27559,3399,27,present
27560,3399,28,present
27561,3399,29,present
27562,3399,30,present
27563,3399,31,present
27564,3399,32,present
27565,3400,27,present
27566,3400,28,present
27567,3400,29,present
27568,3400,30,late
27569,3400,31,present
27570,3400,32,present
27571,3401,27,present
27572,3401,28,present
27573,3401,29,present
27574,3401,30,present
27575,3401,31,present
27576,3401,32,present
27577,3402,27,present
27578,3402,28,present
27579,3402,29,present
27580,3402,30,present
27581,3402,31,present
27582,3402,32,present
27583,3403,27,present
27584,3403,28,present
27585,3403,29,present
27586,3403,30,present
27587,3403,31,present
27588,3403,32,absent
27589,3404,27,present
27590,3404,28,present
27591,3404,29,excused
27592,3404,30,present
27593,3404,31,present
27594,3404,32,absent
27595,3405,27,present
27596,3405,28,present
27597,3405,29,present
27598,3405,30,present
27599,3405,31,present
27600,3405,32,present
27601,3406,27,present
27602,3406,28,present
27603,3406,29,present
27604,3406,30,present
27605,3406,31,absent
27606,3406,32,present
27607,3407,27,present
27608,3407,28,present
27609,3407,29,present
27610,3407,30,present
27611,3407,31,present
27612,3407,32,present
27613,3408,27,present
27614,3408,28,present
27615,3408,29,present
27616,3408,30,present
27617,3408,31,absent
27618,3408,32,absent
27619,3409,27,present
27620,3409,28,present
27621,3409,29,present
27622,3409,30,present
27623,3409,31,present
27624,3409,32,present
27625,3410,27,present
27626,3410,28,present
27627,3410,29,present
27628,3410,30,present
27629,3410,31,present
27630,3410,32,present
27631,3411,27,present
27632,3411,28,present
27633,3411,29,present
27634,3411,30,present
27635,3411,31,present
27636,3411,32,present
27637,3412,27,present
27638,3412,28,present
27639,3412,29,present
27640,3412,30,present
27641,3412,31,present
27642,3412,32,present
27643,3413,27,present
27644,3413,28,present
27645,3413,29,present
27646,3413,30,present
27647,3413,31,present
27648,3413,32,present
27649,3414,27,present
27650,3414,28,absent
27651,3414,29,present
27652,3414,30,absent
27653,3414,31,present
27654,3414,32,present
27655,3415,27,present
27656,3415,28,present
27657,3415,29,present
27658,3415,30,present
27659,3415,31,present
27660,3415,32,absent
27661,3416,27,present
27662,3416,28,absent
27663,3416,29,present
27664,3416,30,present
27665,3416,31,present
27666,3416,32,present
27667,3417,27,present
27668,3417,28,present
27669,3417,29,present
27670,3417,30,present
27671,3417,31,present
27672,3417,32,present
27673,3418,27,present
27674,3418,28,present
27675,3418,29,present
27676,3418,30,present
27677,3418,31,present
27678,3418,32,present
27679,3419,27,present
27680,3419,28,present
27681,3419,29,present
27682,3419,30,present
27683,3419,31,present
27684,3419,32,present
27685,3420,27,present
27686,3420,28,present
27687,3420,29,present
27688,3420,30,present
27689,3420,31,present
27690,3420,32,present
27691,3421,27,present
27692,3421,28,present
27693,3421,29,present
27694,3421,30,present
27695,3421,31,present
27696,3421,32,absent
27697,3422,27,present
27698,3422,28,present
27699,3422,29,present
27700,3422,30,present
27701,3422,31,present
27702,3422,32,present
27703,3423,27,present
27704,3423,28,present
27705,3423,29,present
27706,3423,30,present
27707,3423,31,present
27708,3423,32,present
27709,3424,27,present
27710,3424,28,present
27711,3424,29,present
27712,3424,30,present
27713,3424,31,present
27714,3424,32,present
27715,3425,27,excused
27716,3425,28,present
27717,3425,29,present
27718,3425,30,present
27719,3425,31,present
27720,3425,32,absent
27721,3426,27,present
27722,3426,28,present
27723,3426,29,present
27724,3426,30,present
27725,3426,31,present
27726,3426,32,absent
27727,3427,27,present
27728,3427,28,absent
27729,3427,29,present
27730,3427,30,present
27731,3427,31,present
27732,3427,32,present
27733,3428,27,present
27734,3428,28,present
27735,3428,29,present
27736,3428,30,present
27737,3428,31,present
27738,3428,32,present
27739,3429,27,present
27740,3429,28,present
27741,3429,29,present
27742,3429,30,present
27743,3429,31,present
27744,3429,32,present
27745,3430,27,present
27746,3430,28,present
27747,3430,29,present
27748,3430,30,present
27749,3430,31,present
27750,3430,32,present
27751,3431,27,present
27752,3431,28,present
27753,3431,29,present
27754,3431,30,present
27755,3431,31,present
27756,3431,32,late
27757,3432,27,present
27758,3432,28,present
27759,3432,29,present
27760,3432,30,present
27761,3432,31,present
27762,3432,32,present
27763,3433,27,present
27764,3433,28,present
27765,3433,29,present
27766,3433,30,excused
27767,3433,31,present
27768,3433,32,absent
27769,3434,27,present
27770,3434,28,present
27771,3434,29,present
27772,3434,30,present
27773,3434,31,present
27774,3434,32,present
27775,3435,27,present
27776,3435,28,present
27777,3435,29,present
27778,3435,30,present
27779,3435,31,present
27780,3435,32,present
27781,3436,27,present
27782,3436,28,present
27783,3436,29,present
27784,3436,30,present
27785,3436,31,present
27786,3436,32,present
27787,3437,27,present
27788,3437,28,present
27789,3437,29,present
27790,3437,30,absent
27791,3437,31,present
27792,3437,32,present
27793,3438,27,present
27794,3438,28,present
27795,3438,29,present
27796,3438,30,present
27797,3438,31,present
27798,3438,32,present
27799,3439,27,present
27800,3439,28,present
27801,3439,29,present
27802,3439,30,present
27803,3439,31,present
27804,3439,32,present
27805,3440,27,present
27806,3440,28,present
27807,3440,29,present
27808,3440,30,present
27809,3440,31,present
27810,3440,32,present
27811,3441,27,present
27812,3441,28,late
27813,3441,29,present
27814,3441,30,present
27815,3441,31,present
27816,3441,32,present
27817,3442,27,present
27818,3442,28,present
27819,3442,29,present
27820,3442,30,absent
27821,3442,31,present
27822,3442,32,present
27823,3443,27,present
27824,3443,28,present
27825,3443,29,present
27826,3443,30,late
27827,3443,31,present
27828,3443,32,present
27829,3444,27,present
27830,3444,28,present
27831,3444,29,present
27832,3444,30,absent
27833,3444,31,present
27834,3444,32,present
27835,3445,27,present
27836,3445,28,present
27837,3445,29,present
27838,3445,30,present
27839,3445,31,present
27840,3445,32,present
27841,3446,27,present
27842,3446,28,present
27843,3446,29,present
27844,3446,30,present
27845,3446,31,present
27846,3446,32,present
27847,3447,27,absent
27848,3447,28,present
27849,3447,29,present
27850,3447,30,present
27851,3447,31,present
27852,3447,32,present
27853,3448,27,present
27854,3448,28,present
27855,3448,29,present
27856,3448,30,absent
27857,3448,31,present
27858,3448,32,absent
27859,3449,27,present
27860,3449,28,present
27861,3449,29,present
27862,3449,30,absent
27863,3449,31,present
27864,3449,32,present
27865,3450,27,present
27866,3450,28,present
27867,3450,29,present
27868,3450,30,present
27869,3450,31,present
27870,3450,32,present
27871,3451,27,present
27872,3451,28,present
27873,3451,29,present
27874,3451,30,present
27875,3451,31,present
27876,3451,32,late
27877,3452,27,present
27878,3452,28,present
27879,3452,29,present
27880,3452,30,present
27881,3452,31,present
27882,3452,32,present
27883,3453,27,present
27884,3453,28,present
27885,3453,29,present
27886,3453,30,present
27887,3453,31,present
27888,3453,32,present
27889,3454,27,present
27890,3454,28,present
27891,3454,29,present
27892,3454,30,present
27893,3454,31,absent
27894,3454,32,present
27895,3455,27,present
27896,3455,28,absent
27897,3455,29,present
27898,3455,30,present
27899,3455,31,present
27900,3455,32,present
27901,3456,27,present
27902,3456,28,present
27903,3456,29,present
27904,3456,30,present
27905,3456,31,present
27906,3456,32,present
27907,3457,27,present
27908,3457,28,present
27909,3457,29,present
27910,3457,30,present
27911,3457,31,present
27912,3457,32,present
27913,3458,27,present
27914,3458,28,present
27915,3458,29,present
27916,3458,30,present
27917,3458,31,present
27918,3458,32,present
27919,3459,27,present
27920,3459,28,present
27921,3459,29,present
27922,3459,30,present
27923,3459,31,present
27924,3459,32,present
27925,3460,27,present
27926,3460,28,late
27927,3460,29,present
27928,3460,30,present
27929,3460,31,present
27930,3460,32,present
27931,3461,27,present
27932,3461,28,present
27933,3461,29,present
27934,3461,30,absent
27935,3461,31,present
27936,3461,32,present
27937,3462,27,present
27938,3462,28,present
27939,3462,29,absent
27940,3462,30,absent
27941,3462,31,present
27942,3462,32,present
27943,3463,27,present
27944,3463,28,present
27945,3463,29,present
27946,3463,30,present
27947,3463,31,present
27948,3463,32,present
27949,3464,27,absent
27950,3464,28,present
27951,3464,29,present
27952,3464,30,absent
27953,3464,31,present
27954,3464,32,present
27955,3465,27,present
27956,3465,28,present
27957,3465,29,present
27958,3465,30,present
27959,3465,31,present
27960,3465,32,present
27961,3466,27,present
27962,3466,28,late
27963,3466,29,present
27964,3466,30,excused
27965,3466,31,present
27966,3466,32,present
27967,3467,27,present
27968,3467,28,present
27969,3467,29,present
27970,3467,30,present
27971,3467,31,present
27972,3467,32,present
27973,3468,27,absent
27974,3468,28,present
27975,3468,29,present
27976,3468,30,present
27977,3468,31,present
27978,3468,32,present
27979,3469,27,absent
27980,3469,28,present
27981,3469,29,present
27982,3469,30,late
27983,3469,31,present
27984,3469,32,present
27985,3470,27,present
27986,3470,28,present
27987,3470,29,present
27988,3470,30,present
27989,3470,31,present
27990,3470,32,present
27991,3471,27,absent
27992,3471,28,present
27993,3471,29,present
27994,3471,30,present
27995,3471,31,present
27996,3471,32,present
27997,3472,27,present
27998,3472,28,absent
27999,3472,29,present
28000,3472,30,present
28001,3472,31,present
28002,3472,32,present
28003,3473,27,present
28004,3473,28,present
28005,3473,29,present
28006,3473,30,present
28007,3473,31,present
28008,3473,32,present
28009,3474,27,present
28010,3474,28,present
28011,3474,29,present
28012,3474,30,present
28013,3474,31,present
28014,3474,32,present
28015,3475,27,present
28016,3475,28,present
28017,3475,29,excused
28018,3475,30,present
28019,3475,31,present
28020,3475,32,present
28021,3476,27,absent
28022,3476,28,present
28023,3476,29,present
28024,3476,30,present
28025,3476,31,present
28026,3476,32,present
28027,3477,27,present
28028,3477,28,present
28029,3477,29,present
28030,3477,30,present
28031,3477,31,present
28032,3477,32,present
28033,3478,27,present
28034,3478,28,present
28035,3478,29,present
28036,3478,30,present
28037,3478,31,present
28038,3478,32,present
28039,3479,27,absent
28040,3479,28,present
28041,3479,29,absent
28042,3479,30,absent
28043,3479,31,present
28044,3479,32,present
28045,3480,27,present
28046,3480,28,present
28047,3480,29,present
28048,3480,30,present
28049,3480,31,present
28050,3480,32,present
28051,3481,27,present
28052,3481,28,present
28053,3481,29,present
28054,3481,30,present
28055,3481,31,present
28056,3481,32,present
28057,3482,27,present
28058,3482,28,present
28059,3482,29,present
28060,3482,30,absent
28061,3482,31,present
28062,3482,32,present
28063,3483,27,absent
28064,3483,28,present
28065,3483,29,present
28066,3483,30,absent
28067,3483,31,present
28068,3483,32,present
28069,3484,27,present
28070,3484,28,present
28071,3484,29,present
28072,3484,30,present
28073,3484,31,present
28074,3484,32,present
28075,3485,27,present
28076,3485,28,present
28077,3485,29,present
28078,3485,30,present
28079,3485,31,present
28080,3485,32,present
28081,3486,27,present
28082,3486,28,present
28083,3486,29,present
28084,3486,30,absent
28085,3486,31,present
28086,3486,32,present
28087,3487,27,present
28088,3487,28,present
28089,3487,29,present
28090,3487,30,late
28091,3487,31,present
28092,3487,32,present
28093,3488,27,present
28094,3488,28,present
28095,3488,29,absent
28096,3488,30,present
28097,3488,31,present
28098,3488,32,present
28099,3489,27,present
28100,3489,28,present
28101,3489,29,present
28102,3489,30,absent
28103,3489,31,present
28104,3489,32,present
28105,3490,27,present
28106,3490,28,present
28107,3490,29,present
28108,3490,30,present
28109,3490,31,present
28110,3490,32,present
28111,3491,27,present
28112,3491,28,present
28113,3491,29,present
28114,3491,30,present
28115,3491,31,absent
28116,3491,32,present
28117,3492,27,present
28118,3492,28,present
28119,3492,29,present
28120,3492,30,excused
28121,3492,31,present
28122,3492,32,present
28123,3493,27,absent
28124,3493,28,present
28125,3493,29,present
28126,3493,30,absent
28127,3493,31,present
28128,3493,32,present
28129,3494,27,present
28130,3494,28,present
28131,3494,29,present
28132,3494,30,present
28133,3494,31,present
28134,3494,32,present
28135,3495,27,present
28136,3495,28,present
28137,3495,29,present
28138,3495,30,present
28139,3495,31,present
28140,3495,32,present
28141,3496,27,present
28142,3496,28,present
28143,3496,29,present
28144,3496,30,absent
28145,3496,31,present
28146,3496,32,present
28147,3497,27,present
28148,3497,28,absent
28149,3497,29,present
28150,3497,30,present
28151,3497,31,present
28152,3497,32,present
28153,3498,27,present
28154,3498,28,present
28155,3498,29,absent
28156,3498,30,present
28157,3498,31,present
28158,3498,32,present
28159,3499,27,present
28160,3499,28,present
28161,3499,29,present
28162,3499,30,absent
28163,3499,31,present
28164,3499,32,present
28165,3500,27,present
28166,3500,28,present
28167,3500,29,absent
28168,3500,30,present
28169,3500,31,present
28170,3500,32,present
28171,3501,27,present
28172,3501,28,present
28173,3501,29,present
28174,3501,30,present
28175,3501,31,present
28176,3501,32,present
28177,3502,27,present
28178,3502,28,present
28179,3502,29,present
28180,3502,30,present
28181,3502,31,present
28182,3502,32,present
28183,3503,27,present
28184,3503,28,present
28185,3503,29,absent
28186,3503,30,present
28187,3503,31,present
28188,3503,32,present
28189,3504,27,absent
28190,3504,28,present
28191,3504,29,present
28192,3504,30,present
28193,3504,31,present
28194,3504,32,present
28195,3505,27,absent
28196,3505,28,present
28197,3505,29,present
28198,3505,30,absent
28199,3505,31,late
28200,3505,32,present
28201,3506,27,present
28202,3506,28,present
28203,3506,29,present
28204,3507,27,present
28205,3507,28,present
28206,3507,29,present
28207,3508,27,present
28208,3508,28,present
28209,3508,29,present
28210,3509,27,present
28211,3509,28,present
28212,3509,29,present
28213,3510,27,present
28214,3510,28,present
28215,3510,29,present
28216,3511,27,present
28217,3511,28,present
28218,3511,29,present
28219,3512,27,late
28220,3512,28,present
28221,3512,29,present
28222,3513,27,present
28223,3513,28,present
28224,3513,29,present
28225,3514,27,present
28226,3514,28,present
28227,3514,29,present
28228,3515,27,present
28229,3515,28,present
28230,3515,29,present
28231,3516,27,absent
28232,3516,28,present
28233,3516,29,present
28234,3517,27,present
28235,3517,28,present
28236,3517,29,present
28237,3518,27,present
28238,3518,28,present
28239,3518,29,present
28240,3519,27,absent
28241,3519,28,present
28242,3519,29,present
28243,3520,27,present
28244,3520,28,present
28245,3520,29,present
28246,3521,30,present
28247,3521,31,present
28248,3521,32,present
28249,3522,30,present
28250,3522,31,present
28251,3522,32,present
28252,3523,30,present
28253,3523,31,present
28254,3523,32,present
28255,3524,30,present
28256,3524,31,present
28257,3524,32,present
28258,3525,30,present
28259,3525,31,present
28260,3525,32,present
28261,3526,30,present
28262,3526,31,present
28263,3526,32,present
28264,3527,30,present
28265,3527,31,present
28266,3527,32,present
28267,3528,30,present
28268,3528,31,absent
28269,3528,32,present
28270,3529,30,present
28271,3529,31,present
28272,3529,32,present
28273,3530,30,present
28274,3530,31,absent
28275,3530,32,present
28276,3531,30,present
28277,3531,31,present
28278,3531,32,present
28279,3532,30,present
28280,3532,31,present
28281,3532,32,present
28282,3533,30,present
28283,3533,31,present
28284,3533,32,present
28285,3534,30,present
28286,3534,31,present
28287,3534,32,present
28288,3535,30,present
28289,3535,31,present
28290,3535,32,present
28291,3536,30,present
28292,3536,31,present
28293,3536,32,absent
28294,3537,27,present
28295,3537,28,present
28296,3537,29,present
28297,3537,30,present
28298,3537,31,present
28299,3537,32,present
28300,3538,27,present
28301,3538,28,present
28302,3538,29,present
28303,3538,30,present
28304,3538,31,present
28305,3538,32,present
28306,3539,27,present
28307,3539,28,present
28308,3539,29,present
28309,3539,30,present
28310,3539,31,present
28311,3539,32,present
28312,3540,27,present
28313,3540,28,present
28314,3540,29,present
28315,3540,30,present
28316,3540,31,present
28317,3540,32,present
28318,3541,27,present
28319,3541,28,absent
28320,3541,29,present
28321,3541,30,absent
28322,3541,31,present
28323,3541,32,present
28324,3542,27,present
28325,3542,28,present
28326,3542,29,present
28327,3542,30,present
28328,3542,31,present
28329,3542,32,present
28330,3543,27,present
28331,3543,28,present
28332,3543,29,present
28333,3543,30,present
28334,3543,31,late
28335,3543,32,present
28336,3544,27,present
28337,3544,28,present
28338,3544,29,present
28339,3544,30,present
28340,3544,31,present
28341,3544,32,present
28342,3545,27,present
28343,3545,28,present
28344,3545,29,present
28345,3545,30,present
28346,3545,31,present
28347,3545,32,present
28348,3546,27,present
28349,3546,28,present
28350,3546,29,present
28351,3546,30,present
28352,3546,31,present
28353,3546,32,present
28354,3547,27,present
28355,3547,28,present
28356,3547,29,present
28357,3547,30,present
28358,3547,31,present
28359,3547,32,absent
28360,3548,27,present
28361,3548,28,present
28362,3548,29,present
28363,3548,30,present
28364,3548,31,present
28365,3548,32,present
28366,3549,27,absent
28367,3549,28,present
28368,3549,29,late
28369,3549,30,present
28370,3549,31,present
28371,3549,32,present
28372,3550,27,present
28373,3550,28,present
28374,3550,29,present
28375,3550,30,present
28376,3550,31,present
28377,3550,32,absent
28378,3551,27,present
28379,3551,28,present
28380,3551,29,present
28381,3551,30,present
28382,3551,31,present
28383,3551,32,present
28384,3552,27,present
28385,3552,28,present
28386,3552,29,present
28387,3552,30,present
28388,3552,31,present
28389,3552,32,present
28390,3553,27,present
28391,3553,28,present
28392,3553,29,absent
28393,3553,30,present
28394,3553,31,present
28395,3553,32,present
28396,3554,27,absent
28397,3554,28,late
28398,3554,29,present
28399,3554,30,absent
28400,3554,31,present
28401,3554,32,present
28402,3555,27,present
28403,3555,28,present
28404,3555,29,present
28405,3555,30,present
28406,3555,31,present
28407,3555,32,present
28408,3556,27,present
28409,3556,28,present
28410,3556,29,present
28411,3556,30,present
28412,3556,31,present
28413,3556,32,absent
28414,3557,27,present
28415,3557,28,absent
28416,3557,29,present
28417,3557,30,present
28418,3557,31,present
28419,3557,32,present
28420,3558,27,present
28421,3558,28,present
28422,3558,29,present
28423,3558,30,present
28424,3558,31,present
28425,3558,32,present
28426,3559,27,present
28427,3559,28,absent
28428,3559,29,present
28429,3559,30,absent
28430,3559,31,present
28431,3559,32,present
28432,3560,27,present
28433,3560,28,present
28434,3560,29,absent
28435,3560,30,present
28436,3560,31,present
28437,3560,32,present
28438,3561,27,present
28439,3561,28,present
28440,3561,29,present
28441,3561,30,present
28442,3561,31,present
28443,3561,32,present
28444,3562,27,present
28445,3562,28,present
28446,3562,29,present
28447,3562,30,present
28448,3562,31,present
28449,3562,32,present
28450,3563,27,present
28451,3563,28,present
28452,3563,29,absent
28453,3563,30,present
28454,3563,31,present
28455,3563,32,present
28456,3564,27,present
28457,3564,28,present
28458,3564,29,present
28459,3564,30,present
28460,3564,31,present
28461,3564,32,present
28462,3565,27,present
28463,3565,28,present
28464,3565,29,absent
28465,3565,30,present
28466,3565,31,present
28467,3565,32,present
28468,3566,27,present
28469,3566,28,present
28470,3566,29,present
28471,3566,30,present
28472,3566,31,present
28473,3566,32,present
28474,3567,27,present
28475,3567,28,present
28476,3567,29,present
28477,3567,30,absent
28478,3567,31,present
28479,3567,32,present
28480,3568,27,present
28481,3568,28,present
28482,3568,29,present
28483,3568,30,present
28484,3568,31,present
28485,3568,32,present
28486,3569,27,present
28487,3569,28,present
28488,3569,29,present
28489,3569,30,present
28490,3569,31,present
28491,3569,32,present
28492,3570,27,present
28493,3570,28,present
28494,3570,29,present
28495,3570,30,present
28496,3570,31,absent
28497,3570,32,present
28498,3571,27,present
28499,3571,28,present
28500,3571,29,present
28501,3571,30,present
28502,3571,31,present
28503,3571,32,present
28504,3572,27,present
28505,3572,28,present
28506,3572,29,present
28507,3572,30,present
28508,3572,31,present
28509,3572,32,absent
28510,3573,27,present
28511,3573,28,present
28512,3573,29,present
28513,3573,30,present
28514,3573,31,present
28515,3573,32,present
28516,3574,27,present
28517,3574,28,present
28518,3574,29,present
28519,3574,30,present
28520,3574,31,present
28521,3574,32,present
28522,3575,27,present
28523,3575,28,present
28524,3575,29,present
28525,3575,30,present
28526,3575,31,present
28527,3575,32,present
28528,3576,27,present
28529,3576,28,absent
28530,3576,29,present
28531,3576,30,present
28532,3576,31,absent
28533,3576,32,present
28534,3577,27,present
28535,3577,28,absent
28536,3577,29,present
28537,3577,30,present
28538,3577,31,present
28539,3577,32,present
28540,3578,27,present
28541,3578,28,present
28542,3578,29,absent
28543,3578,30,present
28544,3578,31,present
28545,3578,32,present
28546,3579,27,present
28547,3579,28,absent
28548,3579,29,present
28549,3579,30,absent
28550,3579,31,present
28551,3579,32,present
28552,3580,27,present
28553,3580,28,present
28554,3580,29,present
28555,3580,30,present
28556,3580,31,present
28557,3580,32,present
28558,3581,27,absent
28559,3581,28,present
28560,3581,29,late
28561,3581,30,present
28562,3581,31,present
28563,3581,32,present
28564,3582,27,present
28565,3582,28,present
28566,3582,29,present
28567,3582,30,absent
28568,3582,31,present
28569,3582,32,present
28570,3583,27,present
28571,3583,28,present
28572,3583,29,present
28573,3583,30,present
28574,3583,31,present
28575,3583,32,present
28576,3584,27,present
28577,3584,28,present
28578,3584,29,present
28579,3584,30,present
28580,3584,31,present
28581,3584,32,excused
28582,3585,27,present
28583,3585,28,present
28584,3585,29,present
28585,3585,30,present
28586,3585,31,present
28587,3585,32,present
28588,3586,27,excused
28589,3586,28,present
28590,3586,29,absent
28591,3587,27,absent
28592,3587,28,present
28593,3587,29,present
28594,3588,27,absent
28595,3588,28,absent
28596,3588,29,present
28597,3589,27,present
28598,3589,28,present
28599,3589,29,present
28600,3590,27,present
28601,3590,28,present
28602,3590,29,present
28603,3591,27,present
28604,3591,28,present
28605,3591,29,present
28606,3592,27,absent
28607,3592,28,present
28608,3592,29,present
28609,3593,27,absent
28610,3593,28,present
28611,3593,29,present
28612,3594,27,present
28613,3594,28,present
28614,3594,29,present
28615,3595,27,absent
28616,3595,28,present
28617,3595,29,present
28618,3596,27,present
28619,3596,28,present
28620,3596,29,present
28621,3597,27,present
28622,3597,28,present
28623,3597,29,present
28624,3598,27,present
28625,3598,28,present
28626,3598,29,present
28627,3599,27,present
28628,3599,28,present
28629,3599,29,present
28630,3600,27,present
28631,3600,28,present
28632,3600,29,present
28633,3601,27,present
28634,3601,28,present
28635,3601,29,present
28636,3602,30,present
28637,3602,31,present
28638,3602,32,present
28639,3603,30,present
28640,3603,31,present
28641,3603,32,present
28642,3604,30,present
28643,3604,31,present
28644,3604,32,absent
28645,3605,30,present
28646,3605,31,present
28647,3605,32,present
28648,3606,30,present
28649,3606,31,present
28650,3606,32,present
28651,3607,30,present
28652,3607,31,absent
28653,3607,32,present
28654,3608,30,present
28655,3608,31,present
28656,3608,32,present
28657,3609,30,present
28658,3609,31,present
28659,3609,32,present
28660,3610,30,present
28661,3610,31,present
28662,3610,32,present
28663,3611,30,present
28664,3611,31,present
28665,3611,32,present
28666,3612,30,present
28667,3612,31,present
28668,3612,32,present
28669,3613,30,present
28670,3613,31,present
28671,3613,32,present
28672,3614,30,present
28673,3614,31,present
28674,3614,32,absent
28675,3615,30,present
28676,3615,31,present
28677,3615,32,present
28678,3616,30,absent
28679,3616,31,present
28680,3616,32,present
28681,3617,27,absent
28682,3617,28,present
28683,3617,29,present
28684,3618,27,absent
28685,3618,28,present
28686,3618,29,present
28687,3619,27,present
28688,3619,28,absent
28689,3619,29,present
28690,3620,27,present
28691,3620,28,present
28692,3620,29,present
28693,3621,27,absent
28694,3621,28,present
28695,3621,29,present
28696,3622,27,present
28697,3622,28,present
28698,3622,29,present
28699,3623,27,present
28700,3623,28,present
28701,3623,29,present
28702,3624,27,present
28703,3624,28,present
28704,3624,29,present
28705,3625,27,present
28706,3625,28,present
28707,3625,29,present
28708,3626,27,excused
28709,3626,28,present
28710,3626,29,present
28711,3627,27,present
28712,3627,28,present
28713,3627,29,present
28714,3628,27,late
28715,3628,28,present
28716,3628,29,present
28717,3629,27,present
28718,3629,28,present
28719,3629,29,present
28720,3630,27,present
28721,3630,28,present
28722,3630,29,present
28723,3631,27,present
28724,3631,28,present
28725,3631,29,present
28726,3632,27,present
28727,3632,28,present
28728,3632,29,present
28729,3633,30,present
28730,3633,31,present
28731,3633,32,present
28732,3634,30,present
28733,3634,31,present
28734,3634,32,present
28735,3635,30,late
28736,3635,31,present
28737,3635,32,absent
28738,3636,30,absent
28739,3636,31,present
28740,3636,32,present
28741,3637,30,present
28742,3637,31,absent
28743,3637,32,present
28744,3638,30,present
28745,3638,31,present
28746,3638,32,present
28747,3639,30,absent
28748,3639,31,present
28749,3639,32,present
28750,3640,30,late
28751,3640,31,present
28752,3640,32,present
28753,3641,30,absent
28754,3641,31,present
28755,3641,32,present
28756,3642,30,present
28757,3642,31,present
28758,3642,32,present
28759,3643,30,present
28760,3643,31,present
28761,3643,32,present
28762,3644,30,absent
28763,3644,31,present
28764,3644,32,present
28765,3645,30,absent
28766,3645,31,present
28767,3645,32,present
28768,3646,30,present
28769,3646,31,present
28770,3646,32,present
28771,3647,30,present
28772,3647,31,present
28773,3647,32,present
28774,3648,30,present
28775,3648,31,present
28776,3648,32,absent
28777,3649,30,present
28778,3649,31,present
28779,3649,32,present
28780,3650,27,present
28781,3650,28,present
28782,3650,29,present
28783,3650,30,absent
28784,3650,31,present
28785,3650,32,present
28786,3651,27,absent
28787,3651,28,present
28788,3651,29,present
28789,3651,30,present
28790,3651,31,present
28791,3651,32,present
28792,3652,27,present
28793,3652,28,present
28794,3652,29,present
28795,3652,30,present
28796,3652,31,present
28797,3652,32,present
28798,3653,27,present
28799,3653,28,present
28800,3653,29,present
28801,3653,30,absent
28802,3653,31,present
28803,3653,32,absent
28804,3654,27,present
28805,3654,28,present
28806,3654,29,absent
28807,3654,30,present
28808,3654,31,present
28809,3654,32,present
28810,3655,27,present
28811,3655,28,present
28812,3655,29,present
28813,3655,30,present
28814,3655,31,present
28815,3655,32,present
28816,3656,27,present
28817,3656,28,present
28818,3656,29,present
28819,3656,30,present
28820,3656,31,present
28821,3656,32,present
28822,3657,27,present
28823,3657,28,present
28824,3657,29,present
28825,3657,30,absent
28826,3657,31,present
28827,3657,32,present
28828,3658,27,present
28829,3658,28,present
28830,3658,29,present
28831,3658,30,present
28832,3658,31,present
28833,3658,32,present
28834,3659,27,present
28835,3659,28,present
28836,3659,29,absent
28837,3659,30,present
28838,3659,31,present
28839,3659,32,present
28840,3660,27,present
28841,3660,28,present
28842,3660,29,present
28843,3660,30,present
28844,3660,31,present
28845,3660,32,present
28846,3661,27,present
28847,3661,28,present
28848,3661,29,present
28849,3661,30,present
28850,3661,31,present
28851,3661,32,present
28852,3662,27,absent
28853,3662,28,present
28854,3662,29,present
28855,3662,30,present
28856,3662,31,present
28857,3662,32,absent
28858,3663,27,present
28859,3663,28,present
28860,3663,29,present
28861,3663,30,absent
28862,3663,31,present
28863,3663,32,present
28864,3664,27,present
28865,3664,28,present
28866,3664,29,present
28867,3664,30,present
28868,3664,31,present
28869,3664,32,present
28870,3665,27,present
28871,3665,28,present
28872,3665,29,present
28873,3665,30,present
28874,3665,31,present
28875,3665,32,present
28876,3666,27,present
28877,3666,28,present
28878,3666,29,absent
28879,3666,30,absent
28880,3666,31,absent
28881,3666,32,present
28882,3667,27,present
28883,3667,28,present
28884,3667,29,present
28885,3667,30,present
28886,3667,31,present
28887,3667,32,present
28888,3668,27,present
28889,3668,28,present
28890,3668,29,present
28891,3668,30,present
28892,3668,31,present
28893,3668,32,absent
28894,3669,27,present
28895,3669,28,present
28896,3669,29,present
28897,3669,30,present
28898,3669,31,present
28899,3669,32,present
28900,3670,27,present
28901,3670,28,present
28902,3670,29,present
28903,3670,30,present
28904,3670,31,present
28905,3670,32,absent
28906,3671,27,present
28907,3671,28,present
28908,3671,29,present
28909,3671,30,present
28910,3671,31,present
28911,3671,32,present
28912,3672,27,present
28913,3672,28,present
28914,3672,29,present
28915,3672,30,late
28916,3672,31,absent
28917,3672,32,present
28918,3673,27,absent
28919,3673,28,present
28920,3673,29,present
28921,3673,30,present
28922,3673,31,present
28923,3673,32,present
28924,3674,27,absent
28925,3674,28,present
28926,3674,29,present
28927,3674,30,present
28928,3674,31,present
28929,3674,32,present
28930,3675,27,present
28931,3675,28,present
28932,3675,29,present
28933,3675,30,present
28934,3675,31,present
28935,3675,32,present
28936,3676,27,absent
28937,3676,28,present
28938,3676,29,present
28939,3676,30,present
28940,3676,31,present
28941,3676,32,present
28942,3677,27,present
28943,3677,28,absent
28944,3677,29,present
28945,3677,30,present
28946,3677,31,present
28947,3677,32,present
28948,3678,27,present
28949,3678,28,present
28950,3678,29,absent
28951,3678,30,late
28952,3678,31,present
28953,3678,32,present
28954,3679,27,present
28955,3679,28,present
28956,3679,29,present
28957,3679,30,present
28958,3679,31,present
28959,3679,32,present
28960,3680,27,present
28961,3680,28,present
28962,3680,29,present
28963,3680,30,present
28964,3680,31,present
28965,3680,32,present
28966,3681,27,present
28967,3681,28,present
28968,3681,29,present
28969,3681,30,present
28970,3681,31,absent
28971,3681,32,present
28972,3682,27,present
28973,3682,28,present
28974,3682,29,absent
28975,3682,30,present
28976,3682,31,present
28977,3682,32,absent
28978,3683,27,present
28979,3683,28,present
28980,3683,29,present
28981,3683,30,present
28982,3683,31,present
28983,3683,32,present
28984,3684,27,present
28985,3684,28,present
28986,3684,29,present
28987,3684,30,present
28988,3684,31,present
28989,3684,32,present
28990,3685,27,present
28991,3685,28,present
28992,3685,29,present
28993,3685,30,present
28994,3685,31,present
28995,3685,32,present
28996,3686,27,present
28997,3686,28,present
28998,3686,29,present
28999,3686,30,present
29000,3686,31,present
29001,3686,32,present
29002,3687,27,present
29003,3687,28,present
29004,3687,29,present
29005,3687,30,present
29006,3687,31,present
29007,3687,32,absent
29008,3688,27,present
29009,3688,28,present
29010,3688,29,present
29011,3688,30,present
29012,3688,31,present
29013,3688,32,present
29014,3689,27,present
29015,3689,28,present
29016,3689,29,present
29017,3689,30,present
29018,3689,31,present
29019,3689,32,present
29020,3690,27,present
29021,3690,28,present
29022,3690,29,present
29023,3690,30,present
29024,3690,31,present
29025,3690,32,late
29026,3691,27,present
29027,3691,28,present
29028,3691,29,present
29029,3691,30,present
29030,3691,31,present
29031,3691,32,present
29032,3692,27,absent
29033,3692,28,present
29034,3692,29,present
29035,3692,30,present
29036,3692,31,absent
29037,3692,32,present
29038,3693,27,present
29039,3693,28,present
29040,3693,29,present
29041,3693,30,late
29042,3693,31,present
29043,3693,32,absent
29044,3694,27,present
29045,3694,28,present
29046,3694,29,present
29047,3694,30,present
29048,3694,31,present
29049,3694,32,present
29050,3695,27,present
29051,3695,28,present
29052,3695,29,present
29053,3695,30,present
29054,3695,31,present
29055,3695,32,present
29056,3696,27,present
29057,3696,28,present
29058,3696,29,present
29059,3696,30,present
29060,3696,31,present
29061,3696,32,present
29062,3697,27,present
29063,3697,28,present
29064,3697,29,present
29065,3697,30,present
29066,3697,31,present
29067,3697,32,present
29068,3698,27,present
29069,3698,28,present
29070,3698,29,present
29071,3698,30,present
29072,3698,31,present
29073,3698,32,present
29074,3699,27,present
29075,3699,28,present
29076,3699,29,present
29077,3699,30,present
29078,3699,31,present
29079,3699,32,present
29080,3700,27,present
29081,3700,28,present
29082,3700,29,present
29083,3700,30,present
29084,3700,31,absent
29085,3700,32,present
29086,3701,27,absent
29087,3701,28,present
29088,3701,29,present
29089,3701,30,present
29090,3701,31,present
29091,3701,32,present
29092,3702,27,late
29093,3702,28,present
29094,3702,29,absent
29095,3702,30,absent
29096,3702,31,present
29097,3702,32,present
29098,3703,27,absent
29099,3703,28,present
29100,3703,29,present
29101,3703,30,present
29102,3703,31,present
29103,3703,32,present
29104,3704,27,present
29105,3704,28,present
29106,3704,29,present
29107,3704,30,present
29108,3704,31,late
29109,3704,32,present
29110,3705,27,present
29111,3705,28,present
29112,3705,29,present
29113,3705,30,present
29114,3705,31,present
29115,3705,32,present
29116,3706,27,present
29117,3706,28,late
29118,3706,29,present
29119,3706,30,present
29120,3706,31,present
29121,3706,32,present
29122,3707,27,present
29123,3707,28,present
29124,3707,29,present
29125,3707,30,present
29126,3707,31,present
29127,3707,32,present
29128,3708,27,absent
29129,3708,28,late
29130,3708,29,present
29131,3708,30,present
29132,3708,31,present
29133,3708,32,present
29134,3709,27,present
29135,3709,28,present
29136,3709,29,present
29137,3709,30,absent
29138,3709,31,present
29139,3709,32,present
29140,3710,27,present
29141,3710,28,present
29142,3710,29,present
29143,3710,30,absent
29144,3710,31,present
29145,3710,32,present
29146,3711,27,present
29147,3711,28,present
29148,3711,29,excused
29149,3711,30,present
29150,3711,31,present
29151,3711,32,present
29152,3712,27,present
29153,3712,28,present
29154,3712,29,absent
29155,3712,30,present
29156,3712,31,late
29157,3712,32,present
29158,3713,27,present
29159,3713,28,present
29160,3713,29,absent
29161,3713,30,present
29162,3713,31,present
29163,3713,32,present
29164,3714,27,present
29165,3714,28,present
29166,3714,29,present
29167,3714,30,absent
29168,3714,31,present
29169,3714,32,present
29170,3715,27,present
29171,3715,28,present
29172,3715,29,present
29173,3715,30,present
29174,3715,31,present
29175,3715,32,present
29176,3716,27,present
29177,3716,28,absent
29178,3716,29,present
29179,3716,30,present
29180,3716,31,present
29181,3716,32,absent
29182,3717,27,present
29183,3717,28,present
29184,3717,29,present
29185,3717,30,present
29186,3717,31,present
29187,3717,32,present
29188,3718,27,present
29189,3718,28,present
29190,3718,29,absent
29191,3718,30,present
29192,3718,31,present
29193,3718,32,present
29194,3719,27,present
29195,3719,28,present
29196,3719,29,present
29197,3719,30,present
29198,3719,31,present
29199,3719,32,present
29200,3720,27,present
29201,3720,28,present
29202,3720,29,present
29203,3720,30,present
29204,3720,31,present
29205,3720,32,present
29206,3721,27,present
29207,3721,28,present
29208,3721,29,present
29209,3721,30,present
29210,3721,31,present
29211,3721,32,present
29212,3722,27,present
29213,3722,28,absent
29214,3722,29,present
29215,3722,30,excused
29216,3722,31,present
29217,3722,32,absent
29218,3723,27,present
29219,3723,28,present
29220,3723,29,present
29221,3723,30,present
29222,3723,31,present
29223,3723,32,present
29224,3724,27,present
29225,3724,28,present
29226,3724,29,present
29227,3724,30,absent
29228,3724,31,present
29229,3724,32,present
29230,3725,27,present
29231,3725,28,present
29232,3725,29,present
29233,3725,30,present
29234,3725,31,present
29235,3725,32,present
29236,3726,27,present
29237,3726,28,absent
29238,3726,29,present
29239,3726,30,present
29240,3726,31,present
29241,3726,32,present
29242,3727,27,present
29243,3727,28,present
29244,3727,29,present
29245,3727,30,present
29246,3727,31,present
29247,3727,32,absent
29248,3728,27,absent
29249,3728,28,present
29250,3728,29,present
29251,3728,30,present
29252,3728,31,absent
29253,3728,32,present
29254,3729,27,present
29255,3729,28,absent
29256,3729,29,present
29257,3729,30,present
29258,3729,31,present
29259,3729,32,present
29260,3730,27,absent
29261,3730,28,present
29262,3730,29,present
29263,3731,27,absent
29264,3731,28,present
29265,3731,29,present
29266,3732,27,absent
29267,3732,28,present
29268,3732,29,present
29269,3733,27,present
29270,3733,28,present
29271,3733,29,present
29272,3734,27,present
29273,3734,28,present
29274,3734,29,present
29275,3735,27,absent
29276,3735,28,present
29277,3735,29,present
29278,3736,27,present
29279,3736,28,present
29280,3736,29,present
29281,3737,27,excused
29282,3737,28,present
29283,3737,29,present
29284,3738,27,present
29285,3738,28,present
29286,3738,29,present
29287,3739,27,present
29288,3739,28,absent
29289,3739,29,present
29290,3740,27,present
29291,3740,28,present
29292,3740,29,absent
29293,3741,27,absent
29294,3741,28,present
29295,3741,29,present
29296,3742,27,present
29297,3742,28,present
29298,3742,29,present
29299,3743,27,present
29300,3743,28,present
29301,3743,29,present
29302,3744,27,absent
29303,3744,28,present
29304,3744,29,present
29305,3745,30,absent
29306,3745,31,present
29307,3745,32,present
29308,3746,30,present
29309,3746,31,present
29310,3746,32,present
29311,3747,30,present
29312,3747,31,present
29313,3747,32,present
29314,3748,30,present
29315,3748,31,present
29316,3748,32,present
29317,3749,30,present
29318,3749,31,late
29319,3749,32,present
29320,3750,30,present
29321,3750,31,present
29322,3750,32,present
29323,3751,30,absent
29324,3751,31,present
29325,3751,32,absent
29326,3752,30,absent
29327,3752,31,present
29328,3752,32,late
29329,3753,30,late
29330,3753,31,late
29331,3753,32,absent
29332,3754,30,absent
29333,3754,31,present
29334,3754,32,present
29335,3755,30,present
29336,3755,31,present
29337,3755,32,present
29338,3756,30,absent
29339,3756,31,present
29340,3756,32,present
29341,3757,30,present
29342,3757,31,present
29343,3757,32,present
29344,3758,30,absent
29345,3758,31,excused
29346,3758,32,present
29347,3759,30,present
29348,3759,31,present
29349,3759,32,present
29350,3760,30,present
29351,3760,31,absent
29352,3760,32,present
29353,3761,33,absent
29354,3761,34,present
29355,3761,35,present
29356,3761,36,present
29357,3761,37,present
29358,3761,38,present
29359,3762,33,present
29360,3762,34,present
29361,3762,35,present
29362,3762,36,present
29363,3762,37,present
29364,3762,38,present
29365,3763,33,present
29366,3763,34,present
29367,3763,35,present
29368,3763,36,present
29369,3763,37,present
29370,3763,38,present
29371,3764,33,present
29372,3764,34,present
29373,3764,35,present
29374,3764,36,present
29375,3764,37,present
29376,3764,38,present
29377,3765,33,absent
29378,3765,34,present
29379,3765,35,present
29380,3765,36,present
29381,3765,37,present
29382,3765,38,present
29383,3766,33,present
29384,3766,34,present
29385,3766,35,present
29386,3766,36,present
29387,3766,37,present
29388,3766,38,present
29389,3767,33,present
29390,3767,34,present
29391,3767,35,present
29392,3767,36,present
29393,3767,37,present
29394,3767,38,present
29395,3768,33,present
29396,3768,34,present
29397,3768,35,present
29398,3768,36,present
29399,3768,37,present
29400,3768,38,present
29401,3769,33,present
29402,3769,34,present
29403,3769,35,present
29404,3769,36,absent
29405,3769,37,present
29406,3769,38,present
29407,3770,33,present
29408,3770,34,present
29409,3770,35,present
29410,3770,36,present
29411,3770,37,present
29412,3770,38,present
29413,3771,33,present
29414,3771,34,absent
29415,3771,35,present
29416,3771,36,present
29417,3771,37,present
29418,3771,38,present
29419,3772,33,present
29420,3772,34,present
29421,3772,35,present
29422,3772,36,present
29423,3772,37,present
29424,3772,38,present
29425,3773,33,present
29426,3773,34,present
29427,3773,35,present
29428,3773,36,present
29429,3773,37,present
29430,3773,38,present
29431,3774,33,present
29432,3774,34,present
29433,3774,35,present
29434,3774,36,present
29435,3774,37,present
29436,3774,38,present
29437,3775,33,absent
29438,3775,34,present
29439,3775,35,present
29440,3775,36,absent
29441,3775,37,present
29442,3775,38,present
29443,3776,33,late
29444,3776,34,present
29445,3776,35,present
29446,3776,36,present
29447,3776,37,present
29448,3776,38,present
29449,3777,33,present
29450,3777,34,present
29451,3777,35,absent
29452,3777,36,present
29453,3777,37,present
29454,3777,38,present
29455,3778,33,present
29456,3778,34,present
29457,3778,35,present
29458,3778,36,present
29459,3778,37,present
29460,3778,38,absent
29461,3779,33,present
29462,3779,34,present
29463,3779,35,absent
29464,3779,36,present
29465,3779,37,present
29466,3779,38,present
29467,3780,33,absent
29468,3780,34,present
29469,3780,35,present
29470,3780,36,absent
29471,3780,37,present
29472,3780,38,present
29473,3781,33,present
29474,3781,34,present
29475,3781,35,present
29476,3781,36,present
29477,3781,37,present
29478,3781,38,absent
29479,3782,33,present
29480,3782,34,present
29481,3782,35,present
29482,3782,36,present
29483,3782,37,present
29484,3782,38,present
29485,3783,33,present
29486,3783,34,present
29487,3783,35,present
29488,3783,36,present
29489,3783,37,present
29490,3783,38,absent
29491,3784,33,present
29492,3784,34,present
29493,3784,35,present
29494,3784,36,present
29495,3784,37,present
29496,3784,38,present
29497,3785,33,present
29498,3785,34,present
29499,3785,35,present
29500,3785,36,present
29501,3785,37,present
29502,3785,38,present
29503,3786,33,present
29504,3786,34,present
29505,3786,35,present
29506,3786,36,present
29507,3786,37,present
29508,3786,38,present
29509,3787,33,present
29510,3787,34,absent
29511,3787,35,present
29512,3787,36,present
29513,3787,37,present
29514,3787,38,present
29515,3788,33,present
29516,3788,34,present
29517,3788,35,present
29518,3788,36,present
29519,3788,37,absent
29520,3788,38,present
29521,3789,33,present
29522,3789,34,present
29523,3789,35,present
29524,3789,36,present
29525,3789,37,present
29526,3789,38,present
29527,3790,33,present
29528,3790,34,present
29529,3790,35,present
29530,3790,36,present
29531,3790,37,present
29532,3790,38,present
29533,3791,33,present
29534,3791,34,present
29535,3791,35,present
29536,3791,36,present
29537,3791,37,absent
29538,3791,38,present
29539,3792,33,present
29540,3792,34,present
29541,3792,35,present
29542,3792,36,present
29543,3792,37,present
29544,3792,38,present
29545,3793,33,present
29546,3793,34,present
29547,3793,35,absent
29548,3793,36,present
29549,3793,37,present
29550,3793,38,present
29551,3794,33,present
29552,3794,34,present
29553,3794,35,present
29554,3794,36,present
29555,3794,37,present
29556,3794,38,present
29557,3795,33,absent
29558,3795,34,present
29559,3795,35,present
29560,3795,36,present
29561,3795,37,present
29562,3795,38,present
29563,3796,33,present
29564,3796,34,present
29565,3796,35,present
29566,3796,36,present
29567,3796,37,present
29568,3796,38,late
29569,3797,33,present
29570,3797,34,present
29571,3797,35,present
29572,3797,36,present
29573,3797,37,present
29574,3797,38,present
29575,3798,33,present
29576,3798,34,present
29577,3798,35,present
29578,3798,36,present
29579,3798,37,present
29580,3798,38,absent
29581,3799,33,present
29582,3799,34,present
29583,3799,35,present
29584,3799,36,present
29585,3799,37,present
29586,3799,38,present
29587,3800,33,present
29588,3800,34,present
29589,3800,35,present
29590,3800,36,present
29591,3800,37,present
29592,3800,38,present
29593,3801,33,present
29594,3801,34,present
29595,3801,35,present
29596,3801,36,present
29597,3801,37,present
29598,3801,38,present
29599,3802,33,present
29600,3802,34,present
29601,3802,35,present
29602,3802,36,present
29603,3802,37,present
29604,3802,38,present
29605,3803,33,present
29606,3803,34,present
29607,3803,35,present
29608,3803,36,present
29609,3803,37,present
29610,3803,38,present
29611,3804,33,absent
29612,3804,34,present
29613,3804,35,present
29614,3804,36,present
29615,3804,37,present
29616,3804,38,present
29617,3805,33,present
29618,3805,34,absent
29619,3805,35,present
29620,3805,36,present
29621,3805,37,present
29622,3805,38,absent
29623,3806,33,present
29624,3806,34,present
29625,3806,35,present
29626,3806,36,present
29627,3806,37,present
29628,3806,38,present
29629,3807,33,present
29630,3807,34,present
29631,3807,35,present
29632,3807,36,present
29633,3807,37,present
29634,3807,38,late
29635,3808,33,present
29636,3808,34,present
29637,3808,35,present
29638,3808,36,absent
29639,3808,37,absent
29640,3808,38,present
29641,3809,33,present
29642,3809,34,present
29643,3809,35,present
29644,3809,36,present
29645,3809,37,present
29646,3809,38,present
29647,3810,33,present
29648,3810,34,present
29649,3810,35,present
29650,3810,36,present
29651,3810,37,present
29652,3810,38,present
29653,3811,33,absent
29654,3811,34,present
29655,3811,35,present
29656,3811,36,present
29657,3811,37,present
29658,3811,38,present
29659,3812,33,present
29660,3812,34,present
29661,3812,35,absent
29662,3812,36,late
29663,3812,37,present
29664,3812,38,present
29665,3813,33,present
29666,3813,34,present
29667,3813,35,present
29668,3813,36,present
29669,3813,37,present
29670,3813,38,present
29671,3814,33,late
29672,3814,34,present
29673,3814,35,present
29674,3814,36,present
29675,3814,37,present
29676,3814,38,present
29677,3815,33,present
29678,3815,34,present
29679,3815,35,present
29680,3815,36,present
29681,3815,37,present
29682,3815,38,present
29683,3816,33,present
29684,3816,34,present
29685,3816,35,present
29686,3816,36,present
29687,3816,37,present
29688,3816,38,absent
29689,3817,33,present
29690,3817,34,present
29691,3817,35,present
29692,3817,36,present
29693,3817,37,present
29694,3817,38,present
29695,3818,33,absent
29696,3818,34,present
29697,3818,35,present
29698,3818,36,present
29699,3818,37,present
29700,3818,38,present
29701,3819,33,absent
29702,3819,34,present
29703,3819,35,absent
29704,3819,36,present
29705,3819,37,present
29706,3819,38,present
29707,3820,33,present
29708,3820,34,present
29709,3820,35,absent
29710,3820,36,absent
29711,3820,37,present
29712,3820,38,present
29713,3821,33,present
29714,3821,34,absent
29715,3821,35,present
29716,3821,36,present
29717,3821,37,present
29718,3821,38,present
29719,3822,33,present
29720,3822,34,present
29721,3822,35,present
29722,3822,36,present
29723,3822,37,present
29724,3822,38,present
29725,3823,33,present
29726,3823,34,absent
29727,3823,35,present
29728,3823,36,present
29729,3823,37,present
29730,3823,38,present
29731,3824,33,absent
29732,3824,34,present
29733,3824,35,present
29734,3824,36,present
29735,3824,37,present
29736,3824,38,present
29737,3825,33,present
29738,3825,34,present
29739,3825,35,present
29740,3825,36,present
29741,3825,37,present
29742,3825,38,excused
29743,3826,33,present
29744,3826,34,present
29745,3826,35,present
29746,3826,36,present
29747,3826,37,present
29748,3826,38,present
29749,3827,33,present
29750,3827,34,present
29751,3827,35,present
29752,3827,36,present
29753,3827,37,present
29754,3827,38,present
29755,3828,33,present
29756,3828,34,present
29757,3828,35,present
29758,3828,36,present
29759,3828,37,present
29760,3828,38,absent
29761,3829,33,present
29762,3829,34,present
29763,3829,35,present
29764,3829,36,present
29765,3829,37,present
29766,3829,38,present
29767,3830,33,present
29768,3830,34,present
29769,3830,35,present
29770,3830,36,present
29771,3830,37,present
29772,3830,38,present
29773,3831,33,present
29774,3831,34,present
29775,3831,35,present
29776,3831,36,absent
29777,3831,37,present
29778,3831,38,present
29779,3832,33,present
29780,3832,34,present
29781,3832,35,present
29782,3832,36,present
29783,3832,37,present
29784,3832,38,present
29785,3833,33,present
29786,3833,34,present
29787,3833,35,present
29788,3833,36,present
29789,3833,37,present
29790,3833,38,present
29791,3834,33,present
29792,3834,34,present
29793,3834,35,absent
29794,3834,36,late
29795,3834,37,present
29796,3834,38,absent
29797,3835,33,present
29798,3835,34,present
29799,3835,35,present
29800,3835,36,present
29801,3835,37,present
29802,3835,38,present
29803,3836,33,absent
29804,3836,34,present
29805,3836,35,present
29806,3836,36,present
29807,3836,37,present
29808,3836,38,present
29809,3837,33,absent
29810,3837,34,present
29811,3837,35,present
29812,3837,36,present
29813,3837,37,present
29814,3837,38,absent
29815,3838,33,present
29816,3838,34,present
29817,3838,35,present
29818,3838,36,absent
29819,3838,37,present
29820,3838,38,present
29821,3839,33,present
29822,3839,34,present
29823,3839,35,present
29824,3839,36,present
29825,3839,37,present
29826,3839,38,present
29827,3840,33,absent
29828,3840,34,present
29829,3840,35,present
29830,3840,36,present
29831,3840,37,present
29832,3840,38,present
29833,3841,33,present
29834,3841,34,present
29835,3841,35,present
29836,3841,36,present
29837,3841,37,present
29838,3841,38,present
29839,3842,33,present
29840,3842,34,present
29841,3842,35,present
29842,3842,36,present
29843,3842,37,present
29844,3842,38,absent
29845,3843,33,present
29846,3843,34,present
29847,3843,35,present
29848,3843,36,present
29849,3843,37,present
29850,3843,38,present
29851,3844,33,present
29852,3844,34,present
29853,3844,35,present
29854,3844,36,present
29855,3844,37,present
29856,3844,38,present
29857,3845,33,present
29858,3845,34,present
29859,3845,35,present
29860,3845,36,absent
29861,3845,37,present
29862,3845,38,present
29863,3846,33,present
29864,3846,34,absent
29865,3846,35,present
29866,3846,36,present
29867,3846,37,present
29868,3846,38,absent
29869,3847,33,present
29870,3847,34,present
29871,3847,35,present
29872,3847,36,present
29873,3847,37,present
29874,3847,38,present
29875,3848,33,present
29876,3848,34,present
29877,3848,35,present
29878,3848,36,present
29879,3848,37,present
29880,3848,38,present
29881,3849,33,absent
29882,3849,34,present
29883,3849,35,present
29884,3849,36,present
29885,3849,37,present
29886,3849,38,present
29887,3850,33,present
29888,3850,34,present
29889,3850,35,absent
29890,3850,36,present
29891,3850,37,present
29892,3850,38,present
29893,3851,33,present
29894,3851,34,present
29895,3851,35,present
29896,3851,36,present
29897,3851,37,present
29898,3851,38,present
29899,3852,33,absent
29900,3852,34,present
29901,3852,35,present
29902,3852,36,present
29903,3852,37,present
29904,3852,38,present
29905,3853,33,present
29906,3853,34,present
29907,3853,35,present
29908,3853,36,present
29909,3853,37,present
29910,3853,38,late
29911,3854,33,present
29912,3854,34,present
29913,3854,35,present
29914,3854,36,present
29915,3854,37,present
29916,3854,38,present
29917,3855,33,present
29918,3855,34,present
29919,3855,35,present
29920,3855,36,present
29921,3855,37,present
29922,3855,38,present
29923,3856,33,present
29924,3856,34,present
29925,3856,35,present
29926,3856,36,absent
29927,3856,37,present
29928,3856,38,present
29929,3857,33,present
29930,3857,34,present
29931,3857,35,present
29932,3857,36,present
29933,3857,37,present
29934,3857,38,present
29935,3858,33,present
29936,3858,34,present
29937,3858,35,present
29938,3859,33,present
29939,3859,34,present
29940,3859,35,present
29941,3860,33,excused
29942,3860,34,present
29943,3860,35,present
29944,3861,33,present
29945,3861,34,present
29946,3861,35,present
29947,3862,33,absent
29948,3862,34,present
29949,3862,35,present
29950,3863,33,present
29951,3863,34,present
29952,3863,35,present
29953,3864,33,present
29954,3864,34,absent
29955,3864,35,absent
29956,3865,33,present
29957,3865,34,present
29958,3865,35,present
29959,3866,33,present
29960,3866,34,present
29961,3866,35,absent
29962,3867,33,present
29963,3867,34,present
29964,3867,35,present
29965,3868,33,present
29966,3868,34,present
29967,3868,35,absent
29968,3869,33,present
29969,3869,34,present
29970,3869,35,present
29971,3870,33,present
29972,3870,34,absent
29973,3870,35,present
29974,3871,33,present
29975,3871,34,absent
29976,3871,35,absent
29977,3872,33,present
29978,3872,34,present
29979,3872,35,present
29980,3873,36,present
29981,3873,37,absent
29982,3873,38,present
29983,3874,36,present
29984,3874,37,present
29985,3874,38,present
29986,3875,36,present
29987,3875,37,present
29988,3875,38,present
29989,3876,36,present
29990,3876,37,present
29991,3876,38,present
29992,3877,36,late
29993,3877,37,present
29994,3877,38,present
29995,3878,36,present
29996,3878,37,present
29997,3878,38,present
29998,3879,36,present
29999,3879,37,present
30000,3879,38,present
30001,3880,36,present
30002,3880,37,present
30003,3880,38,present
30004,3881,36,present
30005,3881,37,present
30006,3881,38,present
30007,3882,36,present
30008,3882,37,present
30009,3882,38,present
30010,3883,36,present
30011,3883,37,present
30012,3883,38,present
30013,3884,36,present
30014,3884,37,present
30015,3884,38,present
30016,3885,36,present
30017,3885,37,present
30018,3885,38,present
30019,3886,36,present
30020,3886,37,present
30021,3886,38,present
30022,3887,36,present
30023,3887,37,present
30024,3887,38,present
30025,3888,36,present
30026,3888,37,present
30027,3888,38,present
30028,3889,33,present
30029,3889,34,present
30030,3889,35,present
30031,3889,36,present
30032,3889,37,present
30033,3889,38,present
30034,3890,33,present
30035,3890,34,present
30036,3890,35,present
30037,3890,36,present
30038,3890,37,present
30039,3890,38,present
30040,3891,33,present
30041,3891,34,present
30042,3891,35,present
30043,3891,36,present
30044,3891,37,absent
30045,3891,38,present
30046,3892,33,present
30047,3892,34,present
30048,3892,35,absent
30049,3892,36,present
30050,3892,37,present
30051,3892,38,absent
30052,3893,33,present
30053,3893,34,present
30054,3893,35,present
30055,3893,36,present
30056,3893,37,present
30057,3893,38,present
30058,3894,33,present
30059,3894,34,present
30060,3894,35,present
30061,3894,36,present
30062,3894,37,present
30063,3894,38,present
30064,3895,33,present
30065,3895,34,present
30066,3895,35,present
30067,3895,36,present
30068,3895,37,absent
30069,3895,38,present
30070,3896,33,present
30071,3896,34,late
30072,3896,35,present
30073,3896,36,present
30074,3896,37,present
30075,3896,38,present
30076,3897,33,present
30077,3897,34,present
30078,3897,35,present
30079,3897,36,present
30080,3897,37,present
30081,3897,38,present
30082,3898,33,absent
30083,3898,34,present
30084,3898,35,present
30085,3898,36,present
30086,3898,37,present
30087,3898,38,present
30088,3899,33,present
30089,3899,34,present
30090,3899,35,present
30091,3899,36,present
30092,3899,37,present
30093,3899,38,present
30094,3900,33,present
30095,3900,34,present
30096,3900,35,present
30097,3900,36,present
30098,3900,37,present
30099,3900,38,present
30100,3901,33,absent
30101,3901,34,present
30102,3901,35,present
30103,3901,36,present
30104,3901,37,absent
30105,3901,38,present
30106,3902,33,absent
30107,3902,34,present
30108,3902,35,absent
30109,3902,36,present
30110,3902,37,present
30111,3902,38,present
30112,3903,33,present
30113,3903,34,present
30114,3903,35,present
30115,3903,36,present
30116,3903,37,present
30117,3903,38,present
30118,3904,33,late
30119,3904,34,present
30120,3904,35,present
30121,3904,36,absent
30122,3904,37,present
30123,3904,38,absent
30124,3905,33,present
30125,3905,34,present
30126,3905,35,present
30127,3906,33,absent
30128,3906,34,absent
30129,3906,35,present
30130,3907,33,present
30131,3907,34,present
30132,3907,35,absent
30133,3908,33,present
30134,3908,34,present
30135,3908,35,present
30136,3909,33,present
30137,3909,34,present
30138,3909,35,present
30139,3910,33,present
30140,3910,34,present
30141,3910,35,present
30142,3911,33,present
30143,3911,34,absent
30144,3911,35,absent
30145,3912,33,present
30146,3912,34,present
30147,3912,35,present
30148,3913,33,present
30149,3913,34,present
30150,3913,35,present
30151,3914,33,present
30152,3914,34,present
30153,3914,35,absent
30154,3915,33,present
30155,3915,34,present
30156,3915,35,present
30157,3916,33,present
30158,3916,34,present
30159,3916,35,present
30160,3917,33,absent
30161,3917,34,present
30162,3917,35,present
30163,3918,33,absent
30164,3918,34,present
30165,3918,35,present
30166,3919,33,present
30167,3919,34,present
30168,3919,35,present
30169,3920,33,present
30170,3920,34,present
30171,3920,35,present
30172,3921,36,present
30173,3921,37,present
30174,3921,38,present
30175,3922,36,present
30176,3922,37,present
30177,3922,38,present
30178,3923,36,present
30179,3923,37,present
30180,3923,38,present
30181,3924,36,present
30182,3924,37,present
30183,3924,38,present
30184,3925,36,present
30185,3925,37,present
30186,3925,38,present
30187,3926,36,present
30188,3926,37,absent
30189,3926,38,present
30190,3927,36,present
30191,3927,37,present
30192,3927,38,present
30193,3928,36,present
30194,3928,37,present
30195,3928,38,present
30196,3929,36,present
30197,3929,37,present
30198,3929,38,present
30199,3930,36,present
30200,3930,37,present
30201,3930,38,present
30202,3931,36,present
30203,3931,37,present
30204,3931,38,present
30205,3932,36,present
30206,3932,37,present
30207,3932,38,present
30208,3933,36,present
30209,3933,37,present
30210,3933,38,present
30211,3934,36,present
30212,3934,37,present
30213,3934,38,present
30214,3935,36,present
30215,3935,37,present
30216,3935,38,late
30217,3936,33,present
30218,3936,34,present
30219,3936,35,present
30220,3936,36,present
30221,3936,37,present
30222,3936,38,present
30223,3937,33,present
30224,3937,34,present
30225,3937,35,present
30226,3937,36,present
30227,3937,37,present
30228,3937,38,present
30229,3938,33,present
30230,3938,34,present
30231,3938,35,present
30232,3938,36,present
30233,3938,37,present
30234,3938,38,present
30235,3939,33,present
30236,3939,34,absent
30237,3939,35,present
30238,3939,36,absent
30239,3939,37,present
30240,3939,38,absent
30241,3940,33,present
30242,3940,34,present
30243,3940,35,present
30244,3940,36,present
30245,3940,37,present
30246,3940,38,present
30247,3941,33,present
30248,3941,34,absent
30249,3941,35,present
30250,3941,36,present
30251,3941,37,present
30252,3941,38,present
30253,3942,33,present
30254,3942,34,present
30255,3942,35,absent
30256,3942,36,present
30257,3942,37,present
30258,3942,38,present
30259,3943,33,present
30260,3943,34,present
30261,3943,35,present
30262,3943,36,present
30263,3943,37,present
30264,3943,38,absent
30265,3944,33,present
30266,3944,34,present
30267,3944,35,present
30268,3944,36,present
30269,3944,37,absent
30270,3944,38,present
30271,3945,33,present
30272,3945,34,present
30273,3945,35,present
30274,3945,36,absent
30275,3945,37,absent
30276,3945,38,present
30277,3946,33,present
30278,3946,34,present
30279,3946,35,present
30280,3946,36,present
30281,3946,37,present
30282,3946,38,present
30283,3947,33,present
30284,3947,34,present
30285,3947,35,present
30286,3947,36,present
30287,3947,37,present
30288,3947,38,present
30289,3948,33,present
30290,3948,34,present
30291,3948,35,present
30292,3948,36,present
30293,3948,37,present
30294,3948,38,present
30295,3949,33,present
30296,3949,34,present
30297,3949,35,present
30298,3949,36,present
30299,3949,37,present
30300,3949,38,present
30301,3950,33,present
30302,3950,34,present
30303,3950,35,present
30304,3950,36,absent
30305,3950,37,present
30306,3950,38,present
30307,3951,33,present
30308,3951,34,present
30309,3951,35,present
30310,3951,36,present
30311,3951,37,present
30312,3951,38,present
30313,3952,33,present
30314,3952,34,present
30315,3952,35,present
30316,3952,36,late
30317,3952,37,present
30318,3952,38,present
30319,3953,33,present
30320,3953,34,present
30321,3953,35,absent
30322,3953,36,excused
30323,3953,37,present
30324,3953,38,present
30325,3954,33,present
30326,3954,34,present
30327,3954,35,present
30328,3954,36,present
30329,3954,37,present
30330,3954,38,present
30331,3955,33,late
30332,3955,34,present
30333,3955,35,present
30334,3955,36,present
30335,3955,37,present
30336,3955,38,present
30337,3956,33,present
30338,3956,34,present
30339,3956,35,present
30340,3956,36,present
30341,3956,37,present
30342,3956,38,present
30343,3957,33,present
30344,3957,34,present
30345,3957,35,present
30346,3957,36,present
30347,3957,37,present
30348,3957,38,present
30349,3958,33,present
30350,3958,34,present
30351,3958,35,present
30352,3958,36,present
30353,3958,37,present
30354,3958,38,present
30355,3959,33,present
30356,3959,34,absent
30357,3959,35,present
30358,3959,36,present
30359,3959,37,present
30360,3959,38,present
30361,3960,33,present
30362,3960,34,present
30363,3960,35,absent
30364,3960,36,absent
30365,3960,37,present
30366,3960,38,present
30367,3961,33,present
30368,3961,34,excused
30369,3961,35,present
30370,3961,36,present
30371,3961,37,excused
30372,3961,38,present
30373,3962,33,present
30374,3962,34,present
30375,3962,35,present
30376,3962,36,present
30377,3962,37,present
30378,3962,38,late
30379,3963,33,present
30380,3963,34,present
30381,3963,35,present
30382,3963,36,absent
30383,3963,37,present
30384,3963,38,present
30385,3964,33,absent
30386,3964,34,present
30387,3964,35,present
30388,3964,36,present
30389,3964,37,present
30390,3964,38,present
30391,3965,33,present
30392,3965,34,absent
30393,3965,35,present
30394,3965,36,present
30395,3965,37,present
30396,3965,38,present
30397,3966,33,present
30398,3966,34,present
30399,3966,35,present
30400,3966,36,present
30401,3966,37,present
30402,3966,38,present
30403,3967,33,present
30404,3967,34,present
30405,3967,35,present
30406,3967,36,present
30407,3967,37,present
30408,3967,38,absent
30409,3968,33,present
30410,3968,34,late
30411,3968,35,present
30412,3968,36,present
30413,3968,37,present
30414,3968,38,present
30415,3969,33,present
30416,3969,34,present
30417,3969,35,present
30418,3969,36,present
30419,3969,37,present
30420,3969,38,present
30421,3970,33,present
30422,3970,34,present
30423,3970,35,present
30424,3970,36,present
30425,3970,37,present
30426,3970,38,present
30427,3971,33,present
30428,3971,34,present
30429,3971,35,present
30430,3971,36,present
30431,3971,37,present
30432,3971,38,present
30433,3972,33,present
30434,3972,34,present
30435,3972,35,present
30436,3972,36,present
30437,3972,37,present
30438,3972,38,present
30439,3973,33,present
30440,3973,34,present
30441,3973,35,present
30442,3973,36,present
30443,3973,37,present
30444,3973,38,present
30445,3974,33,present
30446,3974,34,present
30447,3974,35,present
30448,3974,36,present
30449,3974,37,present
30450,3974,38,present
30451,3975,33,present
30452,3975,34,present
30453,3975,35,present
30454,3975,36,absent
30455,3975,37,present
30456,3975,38,present
30457,3976,33,present
30458,3976,34,present
30459,3976,35,absent
30460,3976,36,present
30461,3976,37,present
30462,3976,38,present
30463,3977,33,absent
30464,3977,34,present
30465,3977,35,present
30466,3977,36,present
30467,3977,37,present
30468,3977,38,present
30469,3978,33,present
30470,3978,34,present
30471,3978,35,present
30472,3978,36,present
30473,3978,37,present
30474,3978,38,present
30475,3979,33,present
30476,3979,34,present
30477,3979,35,present
30478,3979,36,present
30479,3979,37,present
30480,3979,38,present
30481,3980,33,present
30482,3980,34,present
30483,3980,35,present
30484,3980,36,absent
30485,3980,37,absent
30486,3980,38,present
30487,3981,33,present
30488,3981,34,present
30489,3981,35,present
30490,3981,36,present
30491,3981,37,absent
30492,3981,38,present
30493,3982,33,present
30494,3982,34,present
30495,3982,35,present
30496,3982,36,present
30497,3982,37,present
30498,3982,38,present
30499,3983,33,present
30500,3983,34,present
30501,3983,35,present
30502,3983,36,present
30503,3983,37,present
30504,3983,38,present
30505,3984,33,present
30506,3984,34,present
30507,3984,35,present
30508,3985,33,present
30509,3985,34,present
30510,3985,35,present
30511,3986,33,present
30512,3986,34,present
30513,3986,35,late
30514,3987,33,present
30515,3987,34,present
30516,3987,35,absent
30517,3988,33,present
30518,3988,34,present
30519,3988,35,present
30520,3989,33,present
30521,3989,34,absent
30522,3989,35,present
30523,3990,33,present
30524,3990,34,present
30525,3990,35,late
30526,3991,33,present
30527,3991,34,present
30528,3991,35,absent
30529,3992,33,present
30530,3992,34,present
30531,3992,35,present
30532,3993,33,present
30533,3993,34,present
30534,3993,35,absent
30535,3994,33,present
30536,3994,34,absent
30537,3994,35,excused
30538,3995,33,present
30539,3995,34,absent
30540,3995,35,present
30541,3996,33,present
30542,3996,34,present
30543,3996,35,present
30544,3997,33,present
30545,3997,34,present
30546,3997,35,present
30547,3998,33,present
30548,3998,34,present
30549,3998,35,present
30550,3999,33,present
30551,3999,34,present
30552,3999,35,present
30553,4000,33,present
30554,4000,34,present
30555,4000,35,present
30556,4001,36,present
30557,4001,37,present
30558,4001,38,present
30559,4002,36,present
30560,4002,37,present
30561,4002,38,present
30562,4003,36,present
30563,4003,37,present
30564,4003,38,present
30565,4004,36,present
30566,4004,37,present
30567,4004,38,present
30568,4005,36,present
30569,4005,37,absent
30570,4005,38,absent
30571,4006,36,late
30572,4006,37,absent
30573,4006,38,present
30574,4007,36,present
30575,4007,37,absent
30576,4007,38,present
30577,4008,36,present
30578,4008,37,present
30579,4008,38,present
30580,4009,36,present
30581,4009,37,present
30582,4009,38,present
30583,4010,36,present
30584,4010,37,present
30585,4010,38,present
30586,4011,36,present
30587,4011,37,present
30588,4011,38,present
30589,4012,36,present
30590,4012,37,present
30591,4012,38,present
30592,4013,36,present
30593,4013,37,present
30594,4013,38,present
30595,4014,36,present
30596,4014,37,absent
30597,4014,38,present
30598,4015,36,present
30599,4015,37,present
30600,4015,38,present
30601,4016,36,absent
30602,4016,37,present
30603,4016,38,present
30604,4017,33,present
30605,4017,34,present
30606,4017,35,present
30607,4017,36,late
30608,4017,37,present
30609,4017,38,present
30610,4018,33,present
30611,4018,34,present
30612,4018,35,present
30613,4018,36,present
30614,4018,37,present
30615,4018,38,present
30616,4019,33,present
30617,4019,34,present
30618,4019,35,absent
30619,4019,36,present
30620,4019,37,present
30621,4019,38,absent
30622,4020,33,present
30623,4020,34,present
30624,4020,35,present
30625,4020,36,present
30626,4020,37,present
30627,4020,38,present
30628,4021,33,present
30629,4021,34,present
30630,4021,35,present
30631,4021,36,present
30632,4021,37,present
30633,4021,38,present
30634,4022,33,present
30635,4022,34,present
30636,4022,35,present
30637,4022,36,present
30638,4022,37,absent
30639,4022,38,present
30640,4023,33,present
30641,4023,34,present
30642,4023,35,present
30643,4023,36,present
30644,4023,37,present
30645,4023,38,present
30646,4024,33,present
30647,4024,34,present
30648,4024,35,present
30649,4024,36,present
30650,4024,37,present
30651,4024,38,present
30652,4025,33,present
30653,4025,34,present
30654,4025,35,present
30655,4025,36,present
30656,4025,37,present
30657,4025,38,absent
30658,4026,33,present
30659,4026,34,present
30660,4026,35,present
30661,4026,36,present
30662,4026,37,present
30663,4026,38,present
30664,4027,33,present
30665,4027,34,present
30666,4027,35,present
30667,4027,36,present
30668,4027,37,absent
30669,4027,38,present
30670,4028,33,present
30671,4028,34,present
30672,4028,35,present
30673,4028,36,present
30674,4028,37,present
30675,4028,38,present
30676,4029,33,present
30677,4029,34,present
30678,4029,35,present
30679,4029,36,present
30680,4029,37,absent
30681,4029,38,present
30682,4030,33,present
30683,4030,34,present
30684,4030,35,present
30685,4030,36,absent
30686,4030,37,present
30687,4030,38,present
30688,4031,33,present
30689,4031,34,present
30690,4031,35,present
30691,4031,36,present
30692,4031,37,absent
30693,4031,38,present
30694,4032,33,present
30695,4032,34,present
30696,4032,35,present
30697,4032,36,present
30698,4032,37,present
30699,4032,38,present
30700,4033,33,present
30701,4033,34,present
30702,4033,35,present
30703,4033,36,present
30704,4033,37,present
30705,4033,38,present
30706,4034,33,present
30707,4034,34,present
30708,4034,35,present
30709,4034,36,present
30710,4034,37,present
30711,4034,38,present
30712,4035,33,present
30713,4035,34,present
30714,4035,35,present
30715,4035,36,present
30716,4035,37,present
30717,4035,38,present
30718,4036,33,present
30719,4036,34,present
30720,4036,35,present
30721,4036,36,present
30722,4036,37,present
30723,4036,38,present
30724,4037,33,present
30725,4037,34,present
30726,4037,35,present
30727,4037,36,present
30728,4037,37,present
30729,4037,38,present
30730,4038,33,present
30731,4038,34,present
30732,4038,35,present
30733,4038,36,present
30734,4038,37,present
30735,4038,38,present
30736,4039,33,present
30737,4039,34,present
30738,4039,35,present
30739,4039,36,present
30740,4039,37,present
30741,4039,38,present
30742,4040,33,present
30743,4040,34,present
30744,4040,35,present
30745,4040,36,present
30746,4040,37,present
30747,4040,38,present
30748,4041,33,present
30749,4041,34,present
30750,4041,35,present
30751,4041,36,present
30752,4041,37,present
30753,4041,38,present
30754,4042,33,present
30755,4042,34,present
30756,4042,35,present
30757,4042,36,excused
30758,4042,37,present
30759,4042,38,present
30760,4043,33,present
30761,4043,34,present
30762,4043,35,present
30763,4043,36,absent
30764,4043,37,present
30765,4043,38,present
30766,4044,33,present
30767,4044,34,present
30768,4044,35,present
30769,4044,36,absent
30770,4044,37,present
30771,4044,38,present
30772,4045,33,present
30773,4045,34,present
30774,4045,35,present
30775,4045,36,present
30776,4045,37,present
30777,4045,38,present
30778,4046,33,present
30779,4046,34,present
30780,4046,35,present
30781,4046,36,present
30782,4046,37,present
30783,4046,38,present
30784,4047,33,present
30785,4047,34,present
30786,4047,35,present
30787,4047,36,present
30788,4047,37,present
30789,4047,38,present
30790,4048,33,present
30791,4048,34,present
30792,4048,35,absent
30793,4048,36,present
30794,4048,37,present
30795,4048,38,present
30796,4049,33,present
30797,4049,34,late
30798,4049,35,present
30799,4049,36,present
30800,4049,37,present
30801,4049,38,excused
30802,4050,33,present
30803,4050,34,present
30804,4050,35,present
30805,4050,36,present
30806,4050,37,present
30807,4050,38,present
30808,4051,33,present
30809,4051,34,present
30810,4051,35,present
30811,4051,36,present
30812,4051,37,present
30813,4051,38,present
30814,4052,33,present
30815,4052,34,present
30816,4052,35,present
30817,4052,36,present
30818,4052,37,present
30819,4052,38,present
30820,4053,33,present
30821,4053,34,present
30822,4053,35,present
30823,4053,36,present
30824,4053,37,present
30825,4053,38,present
30826,4054,33,present
30827,4054,34,present
30828,4054,35,present
30829,4054,36,present
30830,4054,37,present
30831,4054,38,present
30832,4055,33,present
30833,4055,34,absent
30834,4055,35,present
30835,4055,36,present
30836,4055,37,present
30837,4055,38,present
30838,4056,33,present
30839,4056,34,present
30840,4056,35,absent
30841,4056,36,present
30842,4056,37,present
30843,4056,38,present
30844,4057,33,present
30845,4057,34,present
30846,4057,35,present
30847,4057,36,present
30848,4057,37,present
30849,4057,38,present
30850,4058,33,present
30851,4058,34,present
30852,4058,35,present
30853,4058,36,present
30854,4058,37,excused
30855,4058,38,present
30856,4059,33,present
30857,4059,34,absent
30858,4059,35,present
30859,4059,36,present
30860,4059,37,present
30861,4059,38,absent
30862,4060,33,present
30863,4060,34,absent
30864,4060,35,present
30865,4060,36,present
30866,4060,37,present
30867,4060,38,present
30868,4061,33,present
30869,4061,34,present
30870,4061,35,late
30871,4061,36,present
30872,4061,37,present
30873,4061,38,present
30874,4062,33,present
30875,4062,34,present
30876,4062,35,present
30877,4062,36,present
30878,4062,37,present
30879,4062,38,present
30880,4063,33,present
30881,4063,34,present
30882,4063,35,present
30883,4063,36,present
30884,4063,37,present
30885,4063,38,present
30886,4064,33,absent
30887,4064,34,present
30888,4064,35,present
30889,4064,36,present
30890,4064,37,present
30891,4064,38,present
30892,4065,33,present
30893,4065,34,present
30894,4065,35,present
30895,4065,36,present
30896,4065,37,present
30897,4065,38,present
30898,4066,33,present
30899,4066,34,present
30900,4066,35,present
30901,4066,36,absent
30902,4066,37,present
30903,4066,38,present
30904,4067,33,present
30905,4067,34,present
30906,4067,35,present
30907,4067,36,absent
30908,4067,37,present
30909,4067,38,present
30910,4068,33,present
30911,4068,34,present
30912,4068,35,present
30913,4068,36,present
30914,4068,37,present
30915,4068,38,present
30916,4069,33,present
30917,4069,34,present
30918,4069,35,present
30919,4069,36,present
30920,4069,37,present
30921,4069,38,absent
30922,4070,33,present
30923,4070,34,present
30924,4070,35,present
30925,4070,36,present
30926,4070,37,absent
30927,4070,38,absent
30928,4071,33,present
30929,4071,34,present
30930,4071,35,present
30931,4071,36,present
30932,4071,37,present
30933,4071,38,present
30934,4072,33,present
30935,4072,34,absent
30936,4072,35,present
30937,4072,36,present
30938,4072,37,present
30939,4072,38,present
30940,4073,33,present
30941,4073,34,present
30942,4073,35,present
30943,4073,36,present
30944,4073,37,present
30945,4073,38,present
30946,4074,33,present
30947,4074,34,late
30948,4074,35,present
30949,4074,36,present
30950,4074,37,present
30951,4074,38,absent
30952,4075,33,present
30953,4075,34,present
30954,4075,35,present
30955,4075,36,present
30956,4075,37,late
30957,4075,38,present
30958,4076,33,present
30959,4076,34,absent
30960,4076,35,present
30961,4076,36,present
30962,4076,37,present
30963,4076,38,present
30964,4077,33,present
30965,4077,34,present
30966,4077,35,present
30967,4077,36,present
30968,4077,37,present
30969,4077,38,present
30970,4078,33,present
30971,4078,34,absent
30972,4078,35,present
30973,4078,36,absent
30974,4078,37,present
30975,4078,38,present
30976,4079,33,present
30977,4079,34,present
30978,4079,35,present
30979,4079,36,present
30980,4079,37,present
30981,4079,38,absent
30982,4080,33,present
30983,4080,34,present
30984,4080,35,present
30985,4080,36,present
30986,4080,37,present
30987,4080,38,present
30988,4081,33,present
30989,4081,34,present
30990,4081,35,present
30991,4081,36,present
30992,4081,37,present
30993,4081,38,present
30994,4082,33,present
30995,4082,34,present
30996,4082,35,absent
30997,4082,36,present
30998,4082,37,present
30999,4082,38,present
31000,4083,33,present
31001,4083,34,present
31002,4083,35,present
31003,4083,36,present
31004,4083,37,present
31005,4083,38,present
31006,4084,33,present
31007,4084,34,present
31008,4084,35,present
31009,4084,36,present
31010,4084,37,present
31011,4084,38,present
31012,4085,33,present
31013,4085,34,present
31014,4085,35,present
31015,4085,36,present
31016,4085,37,present
31017,4085,38,present
31018,4086,33,present
31019,4086,34,present
31020,4086,35,present
31021,4086,36,present
31022,4086,37,absent
31023,4086,38,late
31024,4087,33,present
31025,4087,34,present
31026,4087,35,present
31027,4087,36,present
31028,4087,37,present
31029,4087,38,present
31030,4088,33,present
31031,4088,34,present
31032,4088,35,present
31033,4088,36,present
31034,4088,37,absent
31035,4088,38,absent
31036,4089,33,present
31037,4089,34,present
31038,4089,35,present
31039,4089,36,present
31040,4089,37,present
31041,4089,38,present
31042,4090,33,present
31043,4090,34,present
31044,4090,35,present
31045,4090,36,present
31046,4090,37,present
31047,4090,38,present
31048,4091,33,present
31049,4091,34,present
31050,4091,35,present
31051,4091,36,present
31052,4091,37,late
31053,4091,38,present
31054,4092,33,present
31055,4092,34,present
31056,4092,35,present
31057,4092,36,present
31058,4092,37,present
31059,4092,38,present
31060,4093,33,present
31061,4093,34,present
31062,4093,35,present
31063,4093,36,present
31064,4093,37,absent
31065,4093,38,present
31066,4094,33,present
31067,4094,34,present
31068,4094,35,present
31069,4094,36,present
31070,4094,37,present
31071,4094,38,present
31072,4095,33,present
31073,4095,34,present
31074,4095,35,present
31075,4095,36,present
31076,4095,37,present
31077,4095,38,present
31078,4096,33,present
31079,4096,34,present
31080,4096,35,present
31081,4096,36,present
31082,4096,37,present
31083,4096,38,present
31084,4097,33,absent
31085,4097,34,present
31086,4097,35,present
31087,4097,36,present
31088,4097,37,present
31089,4097,38,present
31090,4098,33,absent
31091,4098,34,present
31092,4098,35,present
31093,4098,36,absent
31094,4098,37,present
31095,4098,38,present
31096,4099,33,present
31097,4099,34,present
31098,4099,35,present
31099,4099,36,present
31100,4099,37,present
31101,4099,38,excused
31102,4100,33,absent
31103,4100,34,present
31104,4100,35,present
31105,4100,36,present
31106,4100,37,present
31107,4100,38,present
31108,4101,33,present
31109,4101,34,present
31110,4101,35,present
31111,4101,36,present
31112,4101,37,present
31113,4101,38,present
31114,4102,33,present
31115,4102,34,present
31116,4102,35,present
31117,4102,36,present
31118,4102,37,present
31119,4102,38,present
31120,4103,33,present
31121,4103,34,present
31122,4103,35,present
31123,4103,36,present
31124,4103,37,present
31125,4103,38,present
31126,4104,33,present
31127,4104,34,present
31128,4104,35,present
31129,4104,36,present
31130,4104,37,present
31131,4104,38,present
31132,4105,33,present
31133,4105,34,present
31134,4105,35,present
31135,4105,36,present
31136,4105,37,present
31137,4105,38,present
31138,4106,33,present
31139,4106,34,present
31140,4106,35,present
31141,4106,36,present
31142,4106,37,absent
31143,4106,38,present
31144,4107,33,present
31145,4107,34,present
31146,4107,35,present
31147,4107,36,present
31148,4107,37,absent
31149,4107,38,present
31150,4108,33,present
31151,4108,34,present
31152,4108,35,present
31153,4108,36,present
31154,4108,37,present
31155,4108,38,present
31156,4109,33,present
31157,4109,34,present
31158,4109,35,present
31159,4109,36,present
31160,4109,37,present
31161,4109,38,present
31162,4110,33,present
31163,4110,34,present
31164,4110,35,present
31165,4110,36,present
31166,4110,37,present
31167,4110,38,present
31168,4111,33,present
31169,4111,34,present
31170,4111,35,present
31171,4111,36,present
31172,4111,37,present
31173,4111,38,present
31174,4112,33,present
31175,4112,34,present
31176,4112,35,present
31177,4112,36,present
31178,4112,37,present
31179,4112,38,present
31180,4113,33,present
31181,4113,34,late
31182,4113,35,absent
31183,4113,36,absent
31184,4113,37,present
31185,4113,38,excused
31186,4114,33,present
31187,4114,34,absent
31188,4114,35,present
31189,4114,36,absent
31190,4114,37,present
31191,4114,38,absent
31192,4115,33,present
31193,4115,34,present
31194,4115,35,absent
31195,4115,36,present
31196,4115,37,present
31197,4115,38,present
31198,4116,33,present
31199,4116,34,present
31200,4116,35,present
31201,4116,36,present
31202,4116,37,present
31203,4116,38,present
31204,4117,33,present
31205,4117,34,present
31206,4117,35,present
31207,4117,36,present
31208,4117,37,present
31209,4117,38,present
31210,4118,33,present
31211,4118,34,late
31212,4118,35,present
31213,4118,36,present
31214,4118,37,present
31215,4118,38,absent
31216,4119,33,present
31217,4119,34,present
31218,4119,35,present
31219,4119,36,present
31220,4119,37,present
31221,4119,38,present
31222,4120,33,present
31223,4120,34,present
31224,4120,35,present
31225,4120,36,present
31226,4120,37,present
31227,4120,38,present
31228,4121,33,present
31229,4121,34,absent
31230,4121,35,present
31231,4121,36,present
31232,4121,37,excused
31233,4121,38,absent
31234,4122,33,present
31235,4122,34,present
31236,4122,35,present
31237,4122,36,present
31238,4122,37,present
31239,4122,38,present
31240,4123,33,present
31241,4123,34,present
31242,4123,35,present
31243,4123,36,present
31244,4123,37,present
31245,4123,38,late
31246,4124,33,present
31247,4124,34,present
31248,4124,35,present
31249,4124,36,present
31250,4124,37,present
31251,4124,38,present
31252,4125,33,present
31253,4125,34,present
31254,4125,35,present
31255,4125,36,present
31256,4125,37,present
31257,4125,38,present
31258,4126,33,present
31259,4126,34,present
31260,4126,35,present
31261,4126,36,absent
31262,4126,37,present
31263,4126,38,present
31264,4127,33,present
31265,4127,34,present
31266,4127,35,present
31267,4127,36,present
31268,4127,37,present
31269,4127,38,present
31270,4128,33,absent
31271,4128,34,present
31272,4128,35,present
31273,4128,36,present
31274,4128,37,late
31275,4128,38,present
31276,4129,33,present
31277,4129,34,present
31278,4129,35,absent
31279,4129,36,present
31280,4129,37,present
31281,4129,38,present
31282,4130,33,present
31283,4130,34,present
31284,4130,35,absent
31285,4130,36,present
31286,4130,37,present
31287,4130,38,present
31288,4131,33,present
31289,4131,34,present
31290,4131,35,present
31291,4131,36,present
31292,4131,37,present
31293,4131,38,present
31294,4132,33,present
31295,4132,34,present
31296,4132,35,present
31297,4132,36,present
31298,4132,37,present
31299,4132,38,present
31300,4133,33,present
31301,4133,34,present
31302,4133,35,present
31303,4133,36,present
31304,4133,37,absent
31305,4133,38,absent
31306,4134,33,present
31307,4134,34,present
31308,4134,35,absent
31309,4134,36,present
31310,4134,37,present
31311,4134,38,present
31312,4135,33,present
31313,4135,34,present
31314,4135,35,present
31315,4135,36,present
31316,4135,37,present
31317,4135,38,present
31318,4136,33,absent
31319,4136,34,present
31320,4136,35,present
31321,4136,36,present
31322,4136,37,present
31323,4136,38,absent
31324,4137,33,present
31325,4137,34,present
31326,4137,35,present
31327,4137,36,present
31328,4137,37,present
31329,4137,38,present
31330,4138,33,present
31331,4138,34,present
31332,4138,35,present
31333,4138,36,present
31334,4138,37,late
31335,4138,38,present
31336,4139,33,present
31337,4139,34,present
31338,4139,35,present
31339,4139,36,excused
31340,4139,37,present
31341,4139,38,present
31342,4140,33,present
31343,4140,34,present
31344,4140,35,present
31345,4140,36,present
31346,4140,37,present
31347,4140,38,present
31348,4141,33,excused
31349,4141,34,present
31350,4141,35,late
31351,4141,36,present
31352,4141,37,present
31353,4141,38,present
31354,4142,33,present
31355,4142,34,present
31356,4142,35,present
31357,4142,36,present
31358,4142,37,present
31359,4142,38,present
31360,4143,33,present
31361,4143,34,present
31362,4143,35,absent
31363,4143,36,present
31364,4143,37,present
31365,4143,38,present
31366,4144,39,present
31367,4144,40,present
31368,4144,41,present
31369,4144,42,present
31370,4144,43,present
31371,4144,44,present
31372,4145,39,present
31373,4145,40,present
31374,4145,41,absent
31375,4145,42,present
31376,4145,43,present
31377,4145,44,present
31378,4146,39,present
31379,4146,40,present
31380,4146,41,present
31381,4146,42,present
31382,4146,43,present
31383,4146,44,present
31384,4147,39,present
31385,4147,40,present
31386,4147,41,present
31387,4147,42,present
31388,4147,43,present
31389,4147,44,present
31390,4148,39,absent
31391,4148,40,present
31392,4148,41,present
31393,4148,42,present
31394,4148,43,present
31395,4148,44,present
31396,4149,39,present
31397,4149,40,present
31398,4149,41,present
31399,4149,42,present
31400,4149,43,present
31401,4149,44,present
31402,4150,39,present
31403,4150,40,present
31404,4150,41,present
31405,4150,42,present
31406,4150,43,present
31407,4150,44,present
31408,4151,39,absent
31409,4151,40,present
31410,4151,41,present
31411,4151,42,present
31412,4151,43,present
31413,4151,44,present
31414,4152,39,present
31415,4152,40,present
31416,4152,41,present
31417,4152,42,present
31418,4152,43,present
31419,4152,44,present
31420,4153,39,present
31421,4153,40,present
31422,4153,41,present
31423,4153,42,present
31424,4153,43,present
31425,4153,44,present
31426,4154,39,present
31427,4154,40,present
31428,4154,41,present
31429,4154,42,present
31430,4154,43,present
31431,4154,44,absent
31432,4155,39,present
31433,4155,40,absent
31434,4155,41,present
31435,4155,42,present
31436,4155,43,present
31437,4155,44,present
31438,4156,39,present
31439,4156,40,excused
31440,4156,41,present
31441,4156,42,present
31442,4156,43,present
31443,4156,44,present
31444,4157,39,present
31445,4157,40,present
31446,4157,41,present
31447,4157,42,present
31448,4157,43,present
31449,4157,44,present
31450,4158,39,present
31451,4158,40,present
31452,4158,41,present
31453,4158,42,present
31454,4158,43,present
31455,4158,44,present
31456,4159,39,present
31457,4159,40,present
31458,4159,41,present
31459,4159,42,present
31460,4159,43,present
31461,4159,44,present
31462,4160,39,present
31463,4160,40,present
31464,4160,41,present
31465,4160,42,present
31466,4160,43,present
31467,4160,44,present
31468,4161,39,present
31469,4161,40,absent
31470,4161,41,present
31471,4161,42,present
31472,4161,43,present
31473,4161,44,present
31474,4162,39,present
31475,4162,40,present
31476,4162,41,present
31477,4162,42,present
31478,4162,43,present
31479,4162,44,present
31480,4163,39,present
31481,4163,40,absent
31482,4163,41,present
31483,4163,42,present
31484,4163,43,present
31485,4163,44,present
31486,4164,39,late
31487,4164,40,present
31488,4164,41,present
31489,4164,42,present
31490,4164,43,present
31491,4164,44,present
31492,4165,39,present
31493,4165,40,absent
31494,4165,41,present
31495,4165,42,present
31496,4165,43,present
31497,4165,44,present
31498,4166,39,present
31499,4166,40,present
31500,4166,41,present
31501,4166,42,present
31502,4166,43,present
31503,4166,44,present
31504,4167,39,present
31505,4167,40,present
31506,4167,41,absent
31507,4167,42,present
31508,4167,43,present
31509,4167,44,present
31510,4168,39,present
31511,4168,40,present
31512,4168,41,present
31513,4168,42,present
31514,4168,43,present
31515,4168,44,present
31516,4169,39,present
31517,4169,40,present
31518,4169,41,present
31519,4169,42,present
31520,4169,43,present
31521,4169,44,present
31522,4170,39,present
31523,4170,40,present
31524,4170,41,present
31525,4170,42,present
31526,4170,43,present
31527,4170,44,present
31528,4171,39,present
31529,4171,40,late
31530,4171,41,present
31531,4171,42,present
31532,4171,43,present
31533,4171,44,present
31534,4172,39,present
31535,4172,40,present
31536,4172,41,present
31537,4172,42,absent
31538,4172,43,present
31539,4172,44,late
31540,4173,39,present
31541,4173,40,present
31542,4173,41,present
31543,4173,42,present
31544,4173,43,present
31545,4173,44,present
31546,4174,39,present
31547,4174,40,present
31548,4174,41,present
31549,4174,42,present
31550,4174,43,present
31551,4174,44,present
31552,4175,39,present
31553,4175,40,present
31554,4175,41,present
31555,4175,42,present
31556,4175,43,present
31557,4175,44,present
31558,4176,39,present
31559,4176,40,present
31560,4176,41,present
31561,4176,42,present
31562,4176,43,present
31563,4176,44,present
31564,4177,39,present
31565,4177,40,present
31566,4177,41,present
31567,4177,42,present
31568,4177,43,present
31569,4177,44,present
31570,4178,39,present
31571,4178,40,present
31572,4178,41,present
31573,4178,42,present
31574,4178,43,present
31575,4178,44,present
31576,4179,39,present
31577,4179,40,absent
31578,4179,41,absent
31579,4179,42,present
31580,4179,43,absent
31581,4179,44,present
31582,4180,39,present
31583,4180,40,absent
31584,4180,41,present
31585,4180,42,present
31586,4180,43,present
31587,4180,44,present
31588,4181,39,present
31589,4181,40,present
31590,4181,41,late
31591,4181,42,present
31592,4181,43,present
31593,4181,44,present
31594,4182,39,present
31595,4182,40,present
31596,4182,41,present
31597,4182,42,absent
31598,4182,43,present
31599,4182,44,present
31600,4183,39,present
31601,4183,40,present
31602,4183,41,absent
31603,4183,42,present
31604,4183,43,present
31605,4183,44,present
31606,4184,39,present
31607,4184,40,present
31608,4184,41,present
31609,4184,42,present
31610,4184,43,present
31611,4184,44,present
31612,4185,39,present
31613,4185,40,present
31614,4185,41,present
31615,4185,42,present
31616,4185,43,present
31617,4185,44,present
31618,4186,39,present
31619,4186,40,present
31620,4186,41,present
31621,4186,42,present
31622,4186,43,absent
31623,4186,44,present
31624,4187,39,present
31625,4187,40,present
31626,4187,41,present
31627,4187,42,late
31628,4187,43,present
31629,4187,44,present
31630,4188,39,present
31631,4188,40,absent
31632,4188,41,present
31633,4188,42,present
31634,4188,43,present
31635,4188,44,present
31636,4189,39,absent
31637,4189,40,present
31638,4189,41,present
31639,4189,42,present
31640,4189,43,present
31641,4189,44,late
31642,4190,39,present
31643,4190,40,present
31644,4190,41,present
31645,4190,42,present
31646,4190,43,present
31647,4190,44,present
31648,4191,39,present
31649,4191,40,present
31650,4191,41,present
31651,4191,42,present
31652,4191,43,present
31653,4191,44,present
31654,4192,39,present
31655,4192,40,present
31656,4192,41,present
31657,4192,42,present
31658,4192,43,present
31659,4192,44,present
31660,4193,39,present
31661,4193,40,absent
31662,4193,41,present
31663,4193,42,absent
31664,4193,43,present
31665,4193,44,present
31666,4194,39,present
31667,4194,40,present
31668,4194,41,present
31669,4194,42,present
31670,4194,43,present
31671,4194,44,present
31672,4195,39,present
31673,4195,40,present
31674,4195,41,present
31675,4195,42,present
31676,4195,43,present
31677,4195,44,present
31678,4196,39,absent
31679,4196,40,present
31680,4196,41,absent
31681,4196,42,present
31682,4196,43,present
31683,4196,44,present
31684,4197,39,present
31685,4197,40,present
31686,4197,41,present
31687,4197,42,present
31688,4197,43,present
31689,4197,44,present
31690,4198,39,present
31691,4198,40,present
31692,4198,41,present
31693,4198,42,present
31694,4198,43,present
31695,4198,44,present
31696,4199,39,present
31697,4199,40,absent
31698,4199,41,present
31699,4199,42,absent
31700,4199,43,present
31701,4199,44,present
31702,4200,39,present
31703,4200,40,absent
31704,4200,41,present
31705,4200,42,present
31706,4200,43,present
31707,4200,44,present
31708,4201,39,present
31709,4201,40,present
31710,4201,41,present
31711,4201,42,present
31712,4201,43,present
31713,4201,44,present
31714,4202,39,present
31715,4202,40,absent
31716,4202,41,present
31717,4202,42,present
31718,4202,43,present
31719,4202,44,present
31720,4203,39,present
31721,4203,40,present
31722,4203,41,present
31723,4203,42,present
31724,4203,43,present
31725,4203,44,present
31726,4204,39,present
31727,4204,40,present
31728,4204,41,present
31729,4204,42,present
31730,4204,43,present
31731,4204,44,present
31732,4205,39,present
31733,4205,40,present
31734,4205,41,present
31735,4205,42,present
31736,4205,43,present
31737,4205,44,present
31738,4206,39,present
31739,4206,40,present
31740,4206,41,present
31741,4206,42,absent
31742,4206,43,absent
31743,4206,44,excused
31744,4207,39,present
31745,4207,40,present
31746,4207,41,present
31747,4207,42,present
31748,4207,43,present
31749,4207,44,present
31750,4208,39,absent
31751,4208,40,present
31752,4208,41,present
31753,4208,42,present
31754,4208,43,present
31755,4208,44,present
31756,4209,39,present
31757,4209,40,present
31758,4209,41,present
31759,4209,42,present
31760,4209,43,present
31761,4209,44,present
31762,4210,39,absent
31763,4210,40,present
31764,4210,41,present
31765,4210,42,present
31766,4210,43,absent
31767,4210,44,present
31768,4211,39,present
31769,4211,40,present
31770,4211,41,present
31771,4211,42,present
31772,4211,43,present
31773,4211,44,present
31774,4212,39,present
31775,4212,40,present
31776,4212,41,present
31777,4212,42,present
31778,4212,43,present
31779,4212,44,present
31780,4213,39,present
31781,4213,40,present
31782,4213,41,present
31783,4213,42,present
31784,4213,43,absent
31785,4213,44,late
31786,4214,39,present
31787,4214,40,present
31788,4214,41,present
31789,4214,42,present
31790,4214,43,present
31791,4214,44,present
31792,4215,39,absent
31793,4215,40,present
31794,4215,41,present
31795,4215,42,present
31796,4215,43,present
31797,4215,44,present
31798,4216,39,present
31799,4216,40,present
31800,4216,41,late
31801,4216,42,present
31802,4216,43,present
31803,4216,44,present
31804,4217,39,present
31805,4217,40,present
31806,4217,41,present
31807,4217,42,present
31808,4217,43,present
31809,4217,44,present
31810,4218,39,present
31811,4218,40,present
31812,4218,41,present
31813,4218,42,present
31814,4218,43,present
31815,4218,44,present
31816,4219,39,present
31817,4219,40,present
31818,4219,41,present
31819,4219,42,present
31820,4219,43,present
31821,4219,44,present
31822,4220,39,present
31823,4220,40,absent
31824,4220,41,present
31825,4220,42,present
31826,4220,43,present
31827,4220,44,present
31828,4221,39,present
31829,4221,40,present
31830,4221,41,present
31831,4221,42,present
31832,4221,43,present
31833,4221,44,present
31834,4222,39,present
31835,4222,40,absent
31836,4222,41,present
31837,4222,42,present
31838,4222,43,present
31839,4222,44,present
31840,4223,39,present
31841,4223,40,present
31842,4223,41,present
31843,4223,42,present
31844,4223,43,present
31845,4223,44,present
31846,4224,39,present
31847,4224,40,present
31848,4224,41,present
31849,4224,42,present
31850,4224,43,present
31851,4224,44,present
31852,4225,39,present
31853,4225,40,present
31854,4225,41,present
31855,4225,42,present
31856,4225,43,present
31857,4225,44,present
31858,4226,39,present
31859,4226,40,present
31860,4226,41,present
31861,4226,42,present
31862,4226,43,present
31863,4226,44,present
31864,4227,39,present
31865,4227,40,present
31866,4227,41,present
31867,4227,42,present
31868,4227,43,present
31869,4227,44,present
31870,4228,39,present
31871,4228,40,present
31872,4228,41,present
31873,4228,42,absent
31874,4228,43,present
31875,4228,44,absent
31876,4229,39,present
31877,4229,40,present
31878,4229,41,present
31879,4229,42,present
31880,4229,43,present
31881,4229,44,absent
31882,4230,39,present
31883,4230,40,late
31884,4230,41,present
31885,4230,42,present
31886,4230,43,present
31887,4230,44,present
31888,4231,39,present
31889,4231,40,absent
31890,4231,41,present
31891,4231,42,late
31892,4231,43,present
31893,4231,44,present
31894,4232,39,present
31895,4232,40,present
31896,4232,41,present
31897,4232,42,present
31898,4232,43,present
31899,4232,44,present
31900,4233,39,present
31901,4233,40,present
31902,4233,41,present
31903,4233,42,present
31904,4233,43,present
31905,4233,44,present
31906,4234,39,present
31907,4234,40,present
31908,4234,41,present
31909,4234,42,present
31910,4234,43,present
31911,4234,44,present
31912,4235,39,present
31913,4235,40,present
31914,4235,41,present
31915,4235,42,present
31916,4235,43,present
31917,4235,44,present
31918,4236,39,present
31919,4236,40,present
31920,4236,41,present
31921,4236,42,present
31922,4236,43,present
31923,4236,44,present
31924,4237,39,present
31925,4237,40,present
31926,4237,41,present
31927,4237,42,present
31928,4237,43,present
31929,4237,44,present
31930,4238,39,present
31931,4238,40,present
31932,4238,41,present
31933,4238,42,present
31934,4238,43,present
31935,4238,44,present
31936,4239,39,present
31937,4239,40,present
31938,4239,41,present
31939,4239,42,absent
31940,4239,43,present
31941,4239,44,present
31942,4240,39,present
31943,4240,40,present
31944,4240,41,present
31945,4240,42,present
31946,4240,43,present
31947,4240,44,present
31948,4241,39,present
31949,4241,40,present
31950,4241,41,present
31951,4241,42,present
31952,4241,43,present
31953,4241,44,present
31954,4242,39,present
31955,4242,40,present
31956,4242,41,present
31957,4242,42,present
31958,4242,43,present
31959,4242,44,present
31960,4243,39,present
31961,4243,40,present
31962,4243,41,present
31963,4243,42,present
31964,4243,43,present
31965,4243,44,present
31966,4244,39,present
31967,4244,40,present
31968,4244,41,present
31969,4244,42,present
31970,4244,43,present
31971,4244,44,absent
31972,4245,39,present
31973,4245,40,present
31974,4245,41,present
31975,4245,42,present
31976,4245,43,present
31977,4245,44,present
31978,4246,39,present
31979,4246,40,present
31980,4246,41,present
31981,4246,42,present
31982,4246,43,present
31983,4246,44,present
31984,4247,39,present
31985,4247,40,present
31986,4247,41,present
31987,4247,42,present
31988,4247,43,present
31989,4247,44,present
31990,4248,39,present
31991,4248,40,present
31992,4248,41,present
31993,4248,42,present
31994,4248,43,present
31995,4248,44,present
31996,4249,39,present
31997,4249,40,absent
31998,4249,41,present
31999,4249,42,present
32000,4249,43,present
32001,4249,44,present
32002,4250,39,present
32003,4250,40,present
32004,4250,41,present
32005,4250,42,present
32006,4250,43,present
32007,4250,44,present
32008,4251,39,present
32009,4251,40,present
32010,4251,41,present
32011,4251,42,present
32012,4251,43,present
32013,4251,44,present
32014,4252,39,present
32015,4252,40,present
32016,4252,41,present
32017,4252,42,present
32018,4252,43,present
32019,4252,44,present
32020,4253,39,present
32021,4253,40,present
32022,4253,41,present
32023,4253,42,present
32024,4253,43,present
32025,4253,44,present
32026,4254,39,present
32027,4254,40,absent
32028,4254,41,present
32029,4254,42,present
32030,4254,43,present
32031,4254,44,present
32032,4255,39,absent
32033,4255,40,present
32034,4255,41,present
32035,4255,42,present
32036,4255,43,present
32037,4255,44,present
32038,4256,39,present
32039,4256,40,present
32040,4256,41,present
32041,4256,42,present
32042,4256,43,present
32043,4256,44,absent
32044,4257,39,absent
32045,4257,40,present
32046,4257,41,present
32047,4257,42,present
32048,4257,43,present
32049,4257,44,present
32050,4258,39,present
32051,4258,40,present
32052,4258,41,present
32053,4258,42,present
32054,4258,43,present
32055,4258,44,present
32056,4259,39,present
32057,4259,40,absent
32058,4259,41,present
32059,4259,42,present
32060,4259,43,present
32061,4259,44,present
32062,4260,39,present
32063,4260,40,present
32064,4260,41,present
32065,4260,42,present
32066,4260,43,present
32067,4260,44,present
32068,4261,39,present
32069,4261,40,present
32070,4261,41,present
32071,4261,42,present
32072,4261,43,present
32073,4261,44,present
32074,4262,39,present
32075,4262,40,present
32076,4262,41,present
32077,4262,42,present
32078,4262,43,present
32079,4262,44,present
32080,4263,39,present
32081,4263,40,present
32082,4263,41,present
32083,4263,42,present
32084,4263,43,present
32085,4263,44,late
32086,4264,39,present
32087,4264,40,present
32088,4264,41,present
32089,4264,42,present
32090,4264,43,present
32091,4264,44,present
32092,4265,39,present
32093,4265,40,present
32094,4265,41,present
32095,4265,42,absent
32096,4265,43,present
32097,4265,44,present
32098,4266,39,present
32099,4266,40,present
32100,4266,41,present
32101,4266,42,absent
32102,4266,43,present
32103,4266,44,present
32104,4267,39,present
32105,4267,40,present
32106,4267,41,present
32107,4267,42,present
32108,4267,43,present
32109,4267,44,present
32110,4268,39,present
32111,4268,40,present
32112,4268,41,present
32113,4268,42,late
32114,4268,43,present
32115,4268,44,present
32116,4269,39,present
32117,4269,40,late
32118,4269,41,present
32119,4269,42,present
32120,4269,43,present
32121,4269,44,present
32122,4270,39,absent
32123,4270,40,present
32124,4270,41,present
32125,4270,42,present
32126,4270,43,present
32127,4270,44,present
32128,4271,39,present
32129,4271,40,present
32130,4271,41,present
32131,4271,42,present
32132,4271,43,present
32133,4271,44,present
32134,4272,39,present
32135,4272,40,present
32136,4272,41,present
32137,4272,42,present
32138,4272,43,late
32139,4272,44,present
32140,4273,39,present
32141,4273,40,present
32142,4273,41,present
32143,4274,39,present
32144,4274,40,present
32145,4274,41,present
32146,4275,39,present
32147,4275,40,absent
32148,4275,41,present
32149,4276,39,present
32150,4276,40,present
32151,4276,41,present
32152,4277,39,present
32153,4277,40,present
32154,4277,41,present
32155,4278,39,present
32156,4278,40,present
32157,4278,41,absent
32158,4279,39,present
32159,4279,40,present
32160,4279,41,present
32161,4280,39,present
32162,4280,40,present
32163,4280,41,present
32164,4281,39,present
32165,4281,40,present
32166,4281,41,present
32167,4282,39,present
32168,4282,40,absent
32169,4282,41,late
32170,4283,39,present
32171,4283,40,present
32172,4283,41,present
32173,4284,39,present
32174,4284,40,present
32175,4284,41,absent
32176,4285,39,present
32177,4285,40,present
32178,4285,41,present
32179,4286,39,present
32180,4286,40,present
32181,4286,41,late
32182,4287,39,present
32183,4287,40,present
32184,4287,41,present
32185,4288,39,present
32186,4288,40,present
32187,4288,41,present
32188,4289,42,present
32189,4289,43,present
32190,4289,44,present
32191,4290,42,present
32192,4290,43,present
32193,4290,44,present
32194,4291,42,present
32195,4291,43,present
32196,4291,44,present
32197,4292,42,present
32198,4292,43,present
32199,4292,44,absent
32200,4293,42,present
32201,4293,43,present
32202,4293,44,present
32203,4294,42,present
32204,4294,43,present
32205,4294,44,present
32206,4295,42,present
32207,4295,43,present
32208,4295,44,present
32209,4296,42,present
32210,4296,43,present
32211,4296,44,absent
32212,4297,42,present
32213,4297,43,present
32214,4297,44,present
32215,4298,42,excused
32216,4298,43,present
32217,4298,44,present
32218,4299,42,present
32219,4299,43,present
32220,4299,44,present
32221,4300,42,present
32222,4300,43,present
32223,4300,44,present
32224,4301,42,present
32225,4301,43,present
32226,4301,44,present
32227,4302,42,present
32228,4302,43,present
32229,4302,44,present
32230,4303,42,present
32231,4303,43,late
32232,4303,44,present
32233,4304,42,present
32234,4304,43,present
32235,4304,44,present
32236,4305,42,present
32237,4305,43,present
32238,4305,44,present
32239,4306,39,present
32240,4306,40,present
32241,4306,41,present
32242,4306,42,present
32243,4306,43,present
32244,4306,44,present
32245,4307,39,present
32246,4307,40,present
32247,4307,41,present
32248,4307,42,present
32249,4307,43,present
32250,4307,44,present
32251,4308,39,absent
32252,4308,40,present
32253,4308,41,present
32254,4308,42,present
32255,4308,43,present
32256,4308,44,present
32257,4309,39,present
32258,4309,40,present
32259,4309,41,present
32260,4309,42,present
32261,4309,43,present
32262,4309,44,absent
32263,4310,39,present
32264,4310,40,present
32265,4310,41,present
32266,4310,42,present
32267,4310,43,present
32268,4310,44,present
32269,4311,39,present
32270,4311,40,present
32271,4311,41,present
32272,4311,42,present
32273,4311,43,present
32274,4311,44,present
32275,4312,39,late
32276,4312,40,absent
32277,4312,41,absent
32278,4312,42,present
32279,4312,43,present
32280,4312,44,present
32281,4313,39,absent
32282,4313,40,present
32283,4313,41,present
32284,4313,42,present
32285,4313,43,present
32286,4313,44,present
32287,4314,39,excused
32288,4314,40,present
32289,4314,41,present
32290,4314,42,present
32291,4314,43,present
32292,4314,44,present
32293,4315,39,present
32294,4315,40,present
32295,4315,41,present
32296,4315,42,present
32297,4315,43,present
32298,4315,44,present
32299,4316,39,present
32300,4316,40,absent
32301,4316,41,present
32302,4316,42,present
32303,4316,43,present
32304,4316,44,present
32305,4317,39,present
32306,4317,40,present
32307,4317,41,present
32308,4317,42,present
32309,4317,43,present
32310,4317,44,present
32311,4318,39,absent
32312,4318,40,present
32313,4318,41,present
32314,4318,42,present
32315,4318,43,present
32316,4318,44,present
32317,4319,39,present
32318,4319,40,present
32319,4319,41,present
32320,4319,42,absent
32321,4319,43,present
32322,4319,44,present
32323,4320,39,absent
32324,4320,40,present
32325,4320,41,excused
32326,4320,42,present
32327,4320,43,present
32328,4320,44,present
32329,4321,39,present
32330,4321,40,present
32331,4321,41,present
32332,4321,42,present
32333,4321,43,present
32334,4321,44,absent
32335,4322,39,present
32336,4322,40,present
32337,4322,41,present
32338,4322,42,present
32339,4322,43,absent
32340,4322,44,present
32341,4323,39,present
32342,4323,40,present
32343,4323,41,present
32344,4323,42,present
32345,4323,43,present
32346,4323,44,present
32347,4324,39,present
32348,4324,40,present
32349,4324,41,present
32350,4324,42,present
32351,4324,43,present
32352,4324,44,present
32353,4325,39,present
32354,4325,40,present
32355,4325,41,present
32356,4325,42,present
32357,4325,43,present
32358,4325,44,present
32359,4326,39,excused
32360,4326,40,absent
32361,4326,41,present
32362,4326,42,present
32363,4326,43,present
32364,4326,44,present
32365,4327,39,present
32366,4327,40,present
32367,4327,41,present
32368,4327,42,present
32369,4327,43,present
32370,4327,44,late
32371,4328,39,present
32372,4328,40,present
32373,4328,41,present
32374,4328,42,present
32375,4328,43,present
32376,4328,44,present
32377,4329,39,present
32378,4329,40,present
32379,4329,41,present
32380,4329,42,present
32381,4329,43,present
32382,4329,44,absent
32383,4330,39,present
32384,4330,40,absent
32385,4330,41,present
32386,4330,42,present
32387,4330,43,present
32388,4330,44,excused
32389,4331,39,present
32390,4331,40,present
32391,4331,41,present
32392,4331,42,present
32393,4331,43,present
32394,4331,44,present
32395,4332,39,present
32396,4332,40,present
32397,4332,41,present
32398,4332,42,present
32399,4332,43,present
32400,4332,44,present
32401,4333,39,absent
32402,4333,40,present
32403,4333,41,present
32404,4333,42,present
32405,4333,43,present
32406,4333,44,present
32407,4334,39,absent
32408,4334,40,absent
32409,4334,41,present
32410,4334,42,present
32411,4334,43,present
32412,4334,44,present
32413,4335,39,present
32414,4335,40,present
32415,4335,41,present
32416,4335,42,present
32417,4335,43,present
32418,4335,44,present
32419,4336,39,present
32420,4336,40,absent
32421,4336,41,present
32422,4336,42,present
32423,4336,43,present
32424,4336,44,present
32425,4337,39,present
32426,4337,40,present
32427,4337,41,present
32428,4337,42,present
32429,4337,43,present
32430,4337,44,present
32431,4338,39,present
32432,4338,40,present
32433,4338,41,present
32434,4338,42,present
32435,4338,43,present
32436,4338,44,present
32437,4339,39,present
32438,4339,40,present
32439,4339,41,absent
32440,4339,42,present
32441,4339,43,present
32442,4339,44,present
32443,4340,39,present
32444,4340,40,present
32445,4340,41,present
32446,4340,42,present
32447,4340,43,present
32448,4340,44,present
32449,4341,39,absent
32450,4341,40,absent
32451,4341,41,present
32452,4341,42,present
32453,4341,43,present
32454,4341,44,present
32455,4342,39,present
32456,4342,40,present
32457,4342,41,present
32458,4342,42,present
32459,4342,43,present
32460,4342,44,present
32461,4343,39,present
32462,4343,40,present
32463,4343,41,present
32464,4343,42,present
32465,4343,43,present
32466,4343,44,absent
32467,4344,39,present
32468,4344,40,present
32469,4344,41,present
32470,4344,42,present
32471,4344,43,present
32472,4344,44,present
32473,4345,39,absent
32474,4345,40,present
32475,4345,41,present
32476,4345,42,present
32477,4345,43,present
32478,4345,44,present
32479,4346,39,present
32480,4346,40,present
32481,4346,41,present
32482,4346,42,present
32483,4346,43,present
32484,4346,44,present
32485,4347,39,present
32486,4347,40,present
32487,4347,41,present
32488,4347,42,present
32489,4347,43,excused
32490,4347,44,present
32491,4348,39,absent
32492,4348,40,present
32493,4348,41,present
32494,4348,42,present
32495,4348,43,present
32496,4348,44,present
32497,4349,39,present
32498,4349,40,present
32499,4349,41,present
32500,4349,42,present
32501,4349,43,present
32502,4349,44,present
32503,4350,39,absent
32504,4350,40,present
32505,4350,41,present
32506,4350,42,present
32507,4350,43,present
32508,4350,44,present
32509,4351,39,present
32510,4351,40,absent
32511,4351,41,present
32512,4351,42,present
32513,4351,43,present
32514,4351,44,present
32515,4352,39,present
32516,4352,40,absent
32517,4352,41,present
32518,4352,42,present
32519,4352,43,present
32520,4352,44,absent
32521,4353,39,present
32522,4353,40,present
32523,4353,41,present
32524,4354,39,present
32525,4354,40,present
32526,4354,41,present
32527,4355,39,excused
32528,4355,40,present
32529,4355,41,present
32530,4356,39,present
32531,4356,40,present
32532,4356,41,present
32533,4357,39,present
32534,4357,40,present
32535,4357,41,present
32536,4358,39,present
32537,4358,40,absent
32538,4358,41,present
32539,4359,39,present
32540,4359,40,present
32541,4359,41,present
32542,4360,39,present
32543,4360,40,present
32544,4360,41,present
32545,4361,39,present
32546,4361,40,present
32547,4361,41,present
32548,4362,39,present
32549,4362,40,present
32550,4362,41,present
32551,4363,39,present
32552,4363,40,present
32553,4363,41,present
32554,4364,39,present
32555,4364,40,absent
32556,4364,41,present
32557,4365,39,present
32558,4365,40,present
32559,4365,41,present
32560,4366,39,present
32561,4366,40,present
32562,4366,41,present
32563,4367,39,present
32564,4367,40,absent
32565,4367,41,present
32566,4368,42,present
32567,4368,43,present
32568,4368,44,present
32569,4369,42,present
32570,4369,43,present
32571,4369,44,present
32572,4370,42,present
32573,4370,43,present
32574,4370,44,present
32575,4371,42,present
32576,4371,43,present
32577,4371,44,present
32578,4372,42,present
32579,4372,43,present
32580,4372,44,present
32581,4373,42,present
32582,4373,43,present
32583,4373,44,present
32584,4374,42,present
32585,4374,43,present
32586,4374,44,absent
32587,4375,42,present
32588,4375,43,present
32589,4375,44,present
32590,4376,42,present
32591,4376,43,present
32592,4376,44,absent
32593,4377,42,present
32594,4377,43,present
32595,4377,44,present
32596,4378,42,present
32597,4378,43,present
32598,4378,44,present
32599,4379,42,present
32600,4379,43,present
32601,4379,44,present
32602,4380,42,present
32603,4380,43,present
32604,4380,44,present
32605,4381,42,present
32606,4381,43,present
32607,4381,44,present
32608,4382,42,present
32609,4382,43,present
32610,4382,44,present
32611,4383,42,present
32612,4383,43,present
32613,4383,44,present
32614,4384,39,excused
32615,4384,40,present
32616,4384,41,absent
32617,4385,39,present
32618,4385,40,present
32619,4385,41,present
32620,4386,39,present
32621,4386,40,present
32622,4386,41,present
32623,4387,39,present
32624,4387,40,present
32625,4387,41,present
32626,4388,39,present
32627,4388,40,absent
32628,4388,41,present
32629,4389,39,present
32630,4389,40,present
32631,4389,41,present
32632,4390,39,present
32633,4390,40,absent
32634,4390,41,present
32635,4391,39,absent
32636,4391,40,present
32637,4391,41,present
32638,4392,39,present
32639,4392,40,present
32640,4392,41,present
32641,4393,39,late
32642,4393,40,present
32643,4393,41,present
32644,4394,39,present
32645,4394,40,present
32646,4394,41,present
32647,4395,39,present
32648,4395,40,present
32649,4395,41,absent
32650,4396,39,present
32651,4396,40,late
32652,4396,41,present
32653,4397,39,present
32654,4397,40,present
32655,4397,41,present
32656,4398,39,late
32657,4398,40,present
32658,4398,41,present
32659,4399,39,present
32660,4399,40,present
32661,4399,41,present
32662,4400,39,present
32663,4400,40,present
32664,4400,41,present
32665,4401,42,present
32666,4401,43,present
32667,4401,44,present
32668,4402,42,present
32669,4402,43,present
32670,4402,44,present
32671,4403,42,absent
32672,4403,43,present
32673,4403,44,present
32674,4404,42,present
32675,4404,43,present
32676,4404,44,present
32677,4405,42,present
32678,4405,43,present
32679,4405,44,present
32680,4406,42,present
32681,4406,43,present
32682,4406,44,present
32683,4407,42,present
32684,4407,43,present
32685,4407,44,present
32686,4408,42,present
32687,4408,43,absent
32688,4408,44,present
32689,4409,42,present
32690,4409,43,present
32691,4409,44,present
32692,4410,42,present
32693,4410,43,present
32694,4410,44,present
32695,4411,42,present
32696,4411,43,present
32697,4411,44,present
32698,4412,42,present
32699,4412,43,present
32700,4412,44,present
32701,4413,42,present
32702,4413,43,present
32703,4413,44,present
32704,4414,42,excused
32705,4414,43,present
32706,4414,44,present
32707,4415,42,present
32708,4415,43,present
32709,4415,44,present
32710,4416,42,present
32711,4416,43,present
32712,4416,44,present
32713,4417,39,present
32714,4417,40,absent
32715,4417,41,present
32716,4417,42,present
32717,4417,43,present
32718,4417,44,present
32719,4418,39,present
32720,4418,40,absent
32721,4418,41,present
32722,4418,42,present
32723,4418,43,present
32724,4418,44,present
32725,4419,39,present
32726,4419,40,present
32727,4419,41,present
32728,4419,42,present
32729,4419,43,present
32730,4419,44,present
32731,4420,39,absent
32732,4420,40,present
32733,4420,41,present
32734,4420,42,present
32735,4420,43,present
32736,4420,44,present
32737,4421,39,present
32738,4421,40,absent
32739,4421,41,present
32740,4421,42,present
32741,4421,43,present
32742,4421,44,absent
32743,4422,39,present
32744,4422,40,present
32745,4422,41,present
32746,4422,42,present
32747,4422,43,present
32748,4422,44,present
32749,4423,39,present
32750,4423,40,present
32751,4423,41,present
32752,4423,42,present
32753,4423,43,present
32754,4423,44,present
32755,4424,39,present
32756,4424,40,present
32757,4424,41,present
32758,4424,42,present
32759,4424,43,absent
32760,4424,44,present
32761,4425,39,present
32762,4425,40,present
32763,4425,41,present
32764,4425,42,present
32765,4425,43,present
32766,4425,44,present
32767,4426,39,present
32768,4426,40,absent
32769,4426,41,present
32770,4426,42,present
32771,4426,43,present
32772,4426,44,present
32773,4427,39,present
32774,4427,40,present
32775,4427,41,present
32776,4427,42,present
32777,4427,43,present
32778,4427,44,present
32779,4428,39,present
32780,4428,40,present
32781,4428,41,present
32782,4428,42,present
32783,4428,43,present
32784,4428,44,present
32785,4429,39,present
32786,4429,40,present
32787,4429,41,present
32788,4429,42,absent
32789,4429,43,present
32790,4429,44,present
32791,4430,39,present
32792,4430,40,absent
32793,4430,41,present
32794,4430,42,present
32795,4430,43,present
32796,4430,44,present
32797,4431,39,absent
32798,4431,40,present
32799,4431,41,present
32800,4431,42,present
32801,4431,43,present
32802,4431,44,present
32803,4432,39,present
32804,4432,40,present
32805,4432,41,present
32806,4432,42,present
32807,4432,43,present
32808,4432,44,present
32809,4433,39,present
32810,4433,40,present
32811,4433,41,present
32812,4433,42,present
32813,4433,43,present
32814,4433,44,present
32815,4434,39,present
32816,4434,40,present
32817,4434,41,present
32818,4434,42,present
32819,4434,43,present
32820,4434,44,absent
32821,4435,39,present
32822,4435,40,present
32823,4435,41,present
32824,4435,42,present
32825,4435,43,present
32826,4435,44,present
32827,4436,39,present
32828,4436,40,present
32829,4436,41,present
32830,4436,42,absent
32831,4436,43,present
32832,4436,44,present
32833,4437,39,present
32834,4437,40,present
32835,4437,41,present
32836,4437,42,present
32837,4437,43,absent
32838,4437,44,present
32839,4438,39,present
32840,4438,40,present
32841,4438,41,present
32842,4438,42,present
32843,4438,43,present
32844,4438,44,present
32845,4439,39,present
32846,4439,40,present
32847,4439,41,present
32848,4439,42,present
32849,4439,43,present
32850,4439,44,present
32851,4440,39,present
32852,4440,40,present
32853,4440,41,present
32854,4440,42,present
32855,4440,43,present
32856,4440,44,present
32857,4441,39,present
32858,4441,40,present
32859,4441,41,present
32860,4441,42,present
32861,4441,43,present
32862,4441,44,present
32863,4442,39,present
32864,4442,40,present
32865,4442,41,present
32866,4442,42,present
32867,4442,43,present
32868,4442,44,present
32869,4443,39,present
32870,4443,40,present
32871,4443,41,present
32872,4443,42,present
32873,4443,43,present
32874,4443,44,present
32875,4444,39,present
32876,4444,40,absent
32877,4444,41,present
32878,4444,42,present
32879,4444,43,present
32880,4444,44,present
32881,4445,39,present
32882,4445,40,present
32883,4445,41,present
32884,4445,42,present
32885,4445,43,present
32886,4445,44,present
32887,4446,39,present
32888,4446,40,present
32889,4446,41,present
32890,4446,42,present
32891,4446,43,present
32892,4446,44,present
32893,4447,39,absent
32894,4447,40,present
32895,4447,41,present
32896,4447,42,present
32897,4447,43,present
32898,4447,44,present
32899,4448,39,present
32900,4448,40,present
32901,4448,41,present
32902,4448,42,present
32903,4448,43,present
32904,4448,44,excused
32905,4449,39,present
32906,4449,40,present
32907,4449,41,present
32908,4449,42,present
32909,4449,43,present
32910,4449,44,present
32911,4450,39,absent
32912,4450,40,present
32913,4450,41,present
32914,4450,42,present
32915,4450,43,present
32916,4450,44,present
32917,4451,39,present
32918,4451,40,present
32919,4451,41,present
32920,4451,42,present
32921,4451,43,present
32922,4451,44,present
32923,4452,39,present
32924,4452,40,absent
32925,4452,41,present
32926,4452,42,present
32927,4452,43,present
32928,4452,44,present
32929,4453,39,present
32930,4453,40,present
32931,4453,41,present
32932,4453,42,present
32933,4453,43,present
32934,4453,44,present
32935,4454,39,present
32936,4454,40,present
32937,4454,41,present
32938,4454,42,present
32939,4454,43,present
32940,4454,44,present
32941,4455,39,present
32942,4455,40,present
32943,4455,41,present
32944,4455,42,present
32945,4455,43,present
32946,4455,44,present
32947,4456,39,absent
32948,4456,40,present
32949,4456,41,present
32950,4456,42,present
32951,4456,43,present
32952,4456,44,present
32953,4457,39,present
32954,4457,40,present
32955,4457,41,present
32956,4457,42,present
32957,4457,43,present
32958,4457,44,present
32959,4458,39,present
32960,4458,40,present
32961,4458,41,present
32962,4458,42,present
32963,4458,43,present
32964,4458,44,absent
32965,4459,39,present
32966,4459,40,absent
32967,4459,41,present
32968,4459,42,present
32969,4459,43,present
32970,4459,44,late
32971,4460,39,present
32972,4460,40,present
32973,4460,41,present
32974,4460,42,present
32975,4460,43,present
32976,4460,44,present
32977,4461,39,absent
32978,4461,40,present
32979,4461,41,present
32980,4461,42,present
32981,4461,43,present
32982,4461,44,present
32983,4462,39,present
32984,4462,40,present
32985,4462,41,present
32986,4462,42,present
32987,4462,43,present
32988,4462,44,present
32989,4463,39,present
32990,4463,40,present
32991,4463,41,present
32992,4463,42,absent
32993,4463,43,present
32994,4463,44,present
32995,4464,39,present
32996,4464,40,absent
32997,4464,41,present
32998,4464,42,present
32999,4464,43,present
33000,4464,44,present
33001,4465,39,present
33002,4465,40,absent
33003,4465,41,present
33004,4465,42,excused
33005,4465,43,present
33006,4465,44,present
33007,4466,39,absent
33008,4466,40,present
33009,4466,41,present
33010,4466,42,present
33011,4466,43,present
33012,4466,44,present
33013,4467,39,present
33014,4467,40,present
33015,4467,41,present
33016,4467,42,present
33017,4467,43,present
33018,4467,44,present
33019,4468,39,present
33020,4468,40,present
33021,4468,41,present
33022,4468,42,present
33023,4468,43,present
33024,4468,44,present
33025,4469,39,present
33026,4469,40,present
33027,4469,41,present
33028,4469,42,present
33029,4469,43,present
33030,4469,44,present
33031,4470,39,present
33032,4470,40,present
33033,4470,41,present
33034,4470,42,present
33035,4470,43,present
33036,4470,44,present
33037,4471,39,present
33038,4471,40,present
33039,4471,41,present
33040,4471,42,present
33041,4471,43,present
33042,4471,44,present
33043,4472,39,present
33044,4472,40,present
33045,4472,41,present
33046,4472,42,present
33047,4472,43,present
33048,4472,44,present
33049,4473,39,present
33050,4473,40,present
33051,4473,41,present
33052,4473,42,present
33053,4473,43,present
33054,4473,44,present
33055,4474,39,present
33056,4474,40,present
33057,4474,41,present
33058,4474,42,present
33059,4474,43,present
33060,4474,44,present
33061,4475,39,present
33062,4475,40,present
33063,4475,41,present
33064,4475,42,present
33065,4475,43,present
33066,4475,44,present
33067,4476,39,present
33068,4476,40,present
33069,4476,41,present
33070,4476,42,present
33071,4476,43,present
33072,4476,44,present
33073,4477,39,present
33074,4477,40,absent
33075,4477,41,present
33076,4477,42,present
33077,4477,43,present
33078,4477,44,present
33079,4478,39,present
33080,4478,40,present
33081,4478,41,present
33082,4478,42,present
33083,4478,43,present
33084,4478,44,present
33085,4479,39,present
33086,4479,40,present
33087,4479,41,present
33088,4479,42,present
33089,4479,43,present
33090,4479,44,present
33091,4480,39,present
33092,4480,40,present
33093,4480,41,present
33094,4480,42,present
33095,4480,43,present
33096,4480,44,present
33097,4481,39,present
33098,4481,40,present
33099,4481,41,present
33100,4481,42,present
33101,4481,43,present
33102,4481,44,present
33103,4482,39,present
33104,4482,40,present
33105,4482,41,present
33106,4482,42,present
33107,4482,43,present
33108,4482,44,present
33109,4483,39,present
33110,4483,40,present
33111,4483,41,present
33112,4483,42,present
33113,4483,43,present
33114,4483,44,present
33115,4484,39,present
33116,4484,40,present
33117,4484,41,present
33118,4484,42,present
33119,4484,43,present
33120,4484,44,present
33121,4485,39,present
33122,4485,40,present
33123,4485,41,present
33124,4485,42,present
33125,4485,43,present
33126,4485,44,absent
33127,4486,39,present
33128,4486,40,present
33129,4486,41,present
33130,4486,42,present
33131,4486,43,present
33132,4486,44,present
33133,4487,39,present
33134,4487,40,present
33135,4487,41,present
33136,4487,42,present
33137,4487,43,present
33138,4487,44,absent
33139,4488,39,present
33140,4488,40,present
33141,4488,41,absent
33142,4488,42,present
33143,4488,43,present
33144,4488,44,present
33145,4489,39,present
33146,4489,40,present
33147,4489,41,present
33148,4489,42,present
33149,4489,43,present
33150,4489,44,late
33151,4490,39,present
33152,4490,40,present
33153,4490,41,present
33154,4490,42,present
33155,4490,43,present
33156,4490,44,present
33157,4491,39,present
33158,4491,40,present
33159,4491,41,present
33160,4491,42,present
33161,4491,43,present
33162,4491,44,present
33163,4492,39,present
33164,4492,40,present
33165,4492,41,present
33166,4492,42,present
33167,4492,43,present
33168,4492,44,present
33169,4493,39,present
33170,4493,40,present
33171,4493,41,present
33172,4493,42,present
33173,4493,43,present
33174,4493,44,present
33175,4494,39,present
33176,4494,40,present
33177,4494,41,present
33178,4494,42,present
33179,4494,43,present
33180,4494,44,present
33181,4495,39,present
33182,4495,40,present
33183,4495,41,present
33184,4495,42,absent
33185,4495,43,present
33186,4495,44,present
33187,4496,39,present
33188,4496,40,present
33189,4496,41,present
33190,4496,42,present
33191,4496,43,present
33192,4496,44,present
33193,4497,39,present
33194,4497,40,present
33195,4497,41,late
33196,4498,39,present
33197,4498,40,present
33198,4498,41,present
33199,4499,39,present
33200,4499,40,absent
33201,4499,41,present
33202,4500,39,present
33203,4500,40,present
33204,4500,41,present
33205,4501,39,absent
33206,4501,40,present
33207,4501,41,present
33208,4502,39,absent
33209,4502,40,present
33210,4502,41,present
33211,4503,39,absent
33212,4503,40,present
33213,4503,41,present
33214,4504,39,present
33215,4504,40,present
33216,4504,41,present
33217,4505,39,present
33218,4505,40,absent
33219,4505,41,present
33220,4506,39,present
33221,4506,40,absent
33222,4506,41,present
33223,4507,39,present
33224,4507,40,present
33225,4507,41,absent
33226,4508,39,absent
33227,4508,40,present
33228,4508,41,present
33229,4509,39,absent
33230,4509,40,present
33231,4509,41,present
33232,4510,39,present
33233,4510,40,present
33234,4510,41,present
33235,4511,39,present
33236,4511,40,present
33237,4511,41,present
33238,4512,39,present
33239,4512,40,present
33240,4512,41,present
33241,4513,42,present
33242,4513,43,present
33243,4513,44,present
33244,4514,42,present
33245,4514,43,present
33246,4514,44,present
33247,4515,42,present
33248,4515,43,absent
33249,4515,44,present
33250,4516,42,present
33251,4516,43,present
33252,4516,44,present
33253,4517,42,late
33254,4517,43,absent
33255,4517,44,present
33256,4518,42,present
33257,4518,43,present
33258,4518,44,present
33259,4519,42,present
33260,4519,43,absent
33261,4519,44,present
33262,4520,42,present
33263,4520,43,present
33264,4520,44,present
33265,4521,42,present
33266,4521,43,absent
33267,4521,44,present
33268,4522,42,present
33269,4522,43,present
33270,4522,44,present
33271,4523,42,present
33272,4523,43,absent
33273,4523,44,present
33274,4524,42,present
33275,4524,43,present
33276,4524,44,present
33277,4525,42,absent
33278,4525,43,absent
33279,4525,44,present
33280,4526,42,present
33281,4526,43,present
33282,4526,44,present
33283,4527,42,present
33284,4527,43,present
33285,4527,44,present
33286,4528,42,present
33287,4528,43,present
33288,4528,44,present
33289,4529,42,present
33290,4529,43,absent
33291,4529,44,present
33292,4530,45,present
33293,4530,46,present
33294,4530,47,present
33295,4530,48,present
33296,4530,49,present
33297,4530,50,present
33298,4531,45,present
33299,4531,46,present
33300,4531,47,present
33301,4531,48,present
33302,4531,49,present
33303,4531,50,present
33304,4532,45,present
33305,4532,46,present
33306,4532,47,present
33307,4532,48,absent
33308,4532,49,present
33309,4532,50,present
33310,4533,45,present
33311,4533,46,present
33312,4533,47,present
33313,4533,48,present
33314,4533,49,present
33315,4533,50,present
33316,4534,45,present
33317,4534,46,present
33318,4534,47,present
33319,4534,48,absent
33320,4534,49,present
33321,4534,50,present
33322,4535,45,present
33323,4535,46,present
33324,4535,47,present
33325,4535,48,present
33326,4535,49,present
33327,4535,50,present
33328,4536,45,present
33329,4536,46,present
33330,4536,47,present
33331,4536,48,present
33332,4536,49,present
33333,4536,50,present
33334,4537,45,present
33335,4537,46,present
33336,4537,47,present
33337,4537,48,present
33338,4537,49,present
33339,4537,50,present
33340,4538,45,present
33341,4538,46,present
33342,4538,47,absent
33343,4538,48,absent
33344,4538,49,present
33345,4538,50,present
33346,4539,45,present
33347,4539,46,present
33348,4539,47,present
33349,4539,48,present
33350,4539,49,absent
33351,4539,50,present
33352,4540,45,present
33353,4540,46,present
33354,4540,47,present
33355,4540,48,present
33356,4540,49,present
33357,4540,50,present
33358,4541,45,present
33359,4541,46,absent
33360,4541,47,absent
33361,4541,48,present
33362,4541,49,present
33363,4541,50,present
33364,4542,45,present
33365,4542,46,present
33366,4542,47,present
33367,4542,48,present
33368,4542,49,present
33369,4542,50,present
33370,4543,45,present
33371,4543,46,absent
33372,4543,47,present
33373,4543,48,absent
33374,4543,49,present
33375,4543,50,present
33376,4544,45,late
33377,4544,46,absent
33378,4544,47,present
33379,4544,48,present
33380,4544,49,late
33381,4544,50,present
33382,4545,45,present
33383,4545,46,present
33384,4545,47,present
33385,4545,48,present
33386,4545,49,present
33387,4545,50,present
33388,4546,45,present
33389,4546,46,present
33390,4546,47,present
33391,4546,48,present
33392,4546,49,present
33393,4546,50,present
33394,4547,45,present
33395,4547,46,present
33396,4547,47,present
33397,4547,48,present
33398,4547,49,present
33399,4547,50,absent
33400,4548,45,excused
33401,4548,46,present
33402,4548,47,present
33403,4548,48,present
33404,4548,49,present
33405,4548,50,present
33406,4549,45,present
33407,4549,46,present
33408,4549,47,absent
33409,4549,48,present
33410,4549,49,present
33411,4549,50,absent
33412,4550,45,present
33413,4550,46,present
33414,4550,47,present
33415,4550,48,present
33416,4550,49,present
33417,4550,50,present
33418,4551,45,present
33419,4551,46,absent
33420,4551,47,present
33421,4551,48,present
33422,4551,49,present
33423,4551,50,present
33424,4552,45,present
33425,4552,46,late
33426,4552,47,present
33427,4552,48,present
33428,4552,49,present
33429,4552,50,present
33430,4553,45,present
33431,4553,46,absent
33432,4553,47,present
33433,4553,48,present
33434,4553,49,present
33435,4553,50,present
33436,4554,45,present
33437,4554,46,present
33438,4554,47,present
33439,4554,48,present
33440,4554,49,present
33441,4554,50,present
33442,4555,45,present
33443,4555,46,present
33444,4555,47,present
33445,4555,48,present
33446,4555,49,present
33447,4555,50,present
33448,4556,45,present
33449,4556,46,present
33450,4556,47,present
33451,4556,48,present
33452,4556,49,present
33453,4556,50,present
33454,4557,45,present
33455,4557,46,present
33456,4557,47,present
33457,4557,48,present
33458,4557,49,present
33459,4557,50,present
33460,4558,45,present
33461,4558,46,present
33462,4558,47,present
33463,4558,48,present
33464,4558,49,present
33465,4558,50,present
33466,4559,45,present
33467,4559,46,present
33468,4559,47,present
33469,4559,48,present
33470,4559,49,present
33471,4559,50,present
33472,4560,45,present
33473,4560,46,present
33474,4560,47,present
33475,4560,48,present
33476,4560,49,present
33477,4560,50,present
33478,4561,45,present
33479,4561,46,absent
33480,4561,47,absent
33481,4561,48,present
33482,4561,49,present
33483,4561,50,present
33484,4562,45,present
33485,4562,46,present
33486,4562,47,present
33487,4562,48,present
33488,4562,49,present
33489,4562,50,present
33490,4563,45,present
33491,4563,46,present
33492,4563,47,present
33493,4563,48,present
33494,4563,49,present
33495,4563,50,present
33496,4564,45,present
33497,4564,46,present
33498,4564,47,present
33499,4564,48,present
33500,4564,49,present
33501,4564,50,present
33502,4565,45,present
33503,4565,46,present
33504,4565,47,present
33505,4565,48,present
33506,4565,49,present
33507,4565,50,present
33508,4566,45,present
33509,4566,46,present
33510,4566,47,present
33511,4566,48,present
33512,4566,49,present
33513,4566,50,present
33514,4567,45,present
33515,4567,46,present
33516,4567,47,present
33517,4567,48,present
33518,4567,49,present
33519,4567,50,present
33520,4568,45,present
33521,4568,46,present
33522,4568,47,present
33523,4568,48,absent
33524,4568,49,present
33525,4568,50,present
33526,4569,45,present
33527,4569,46,present
33528,4569,47,present
33529,4569,48,present
33530,4569,49,present
33531,4569,50,present
33532,4570,45,present
33533,4570,46,present
33534,4570,47,present
33535,4570,48,present
33536,4570,49,present
33537,4570,50,present
33538,4571,45,present
33539,4571,46,present
33540,4571,47,present
33541,4571,48,present
33542,4571,49,present
33543,4571,50,present
33544,4572,45,present
33545,4572,46,present
33546,4572,47,present
33547,4572,48,present
33548,4572,49,present
33549,4572,50,present
33550,4573,45,present
33551,4573,46,present
33552,4573,47,present
33553,4573,48,present
33554,4573,49,present
33555,4573,50,present
33556,4574,45,present
33557,4574,46,present
33558,4574,47,present
33559,4574,48,absent
33560,4574,49,present
33561,4574,50,present
33562,4575,45,present
33563,4575,46,present
33564,4575,47,present
33565,4575,48,present
33566,4575,49,present
33567,4575,50,present
33568,4576,45,present
33569,4576,46,present
33570,4576,47,present
33571,4576,48,present
33572,4576,49,absent
33573,4576,50,present
33574,4577,45,present
33575,4577,46,present
33576,4577,47,present
33577,4577,48,present
33578,4577,49,present
33579,4577,50,present
33580,4578,45,present
33581,4578,46,present
33582,4578,47,present
33583,4578,48,late
33584,4578,49,present
33585,4578,50,present
33586,4579,45,present
33587,4579,46,present
33588,4579,47,present
33589,4579,48,present
33590,4579,49,absent
33591,4579,50,present
33592,4580,45,present
33593,4580,46,present
33594,4580,47,present
33595,4580,48,present
33596,4580,49,present
33597,4580,50,present
33598,4581,45,present
33599,4581,46,present
33600,4581,47,absent
33601,4581,48,present
33602,4581,49,present
33603,4581,50,present
33604,4582,45,present
33605,4582,46,present
33606,4582,47,present
33607,4582,48,present
33608,4582,49,present
33609,4582,50,absent
33610,4583,45,present
33611,4583,46,present
33612,4583,47,absent
33613,4583,48,present
33614,4583,49,present
33615,4583,50,present
33616,4584,45,present
33617,4584,46,present
33618,4584,47,present
33619,4584,48,absent
33620,4584,49,present
33621,4584,50,present
33622,4585,45,present
33623,4585,46,present
33624,4585,47,present
33625,4585,48,present
33626,4585,49,present
33627,4585,50,present
33628,4586,45,present
33629,4586,46,present
33630,4586,47,present
33631,4586,48,present
33632,4586,49,present
33633,4586,50,present
33634,4587,45,present
33635,4587,46,present
33636,4587,47,present
33637,4587,48,present
33638,4587,49,present
33639,4587,50,present
33640,4588,45,present
33641,4588,46,present
33642,4588,47,present
33643,4588,48,absent
33644,4588,49,present
33645,4588,50,present
33646,4589,45,present
33647,4589,46,present
33648,4589,47,present
33649,4589,48,present
33650,4589,49,present
33651,4589,50,present
33652,4590,45,present
33653,4590,46,present
33654,4590,47,present
33655,4590,48,present
33656,4590,49,present
33657,4590,50,present
33658,4591,45,present
33659,4591,46,present
33660,4591,47,present
33661,4591,48,present
33662,4591,49,present
33663,4591,50,present
33664,4592,45,present
33665,4592,46,present
33666,4592,47,present
33667,4592,48,present
33668,4592,49,present
33669,4592,50,present
33670,4593,45,present
33671,4593,46,present
33672,4593,47,present
33673,4593,48,present
33674,4593,49,present
33675,4593,50,present
33676,4594,45,present
33677,4594,46,present
33678,4594,47,present
33679,4594,48,present
33680,4594,49,present
33681,4594,50,present
33682,4595,45,present
33683,4595,46,present
33684,4595,47,present
33685,4595,48,present
33686,4595,49,present
33687,4595,50,present
33688,4596,45,present
33689,4596,46,present
33690,4596,47,present
33691,4596,48,absent
33692,4596,49,present
33693,4596,50,present
33694,4597,45,absent
33695,4597,46,present
33696,4597,47,present
33697,4597,48,present
33698,4597,49,present
33699,4597,50,present
33700,4598,45,present
33701,4598,46,present
33702,4598,47,present
33703,4598,48,late
33704,4598,49,present
33705,4598,50,present
33706,4599,45,present
33707,4599,46,present
33708,4599,47,present
33709,4599,48,present
33710,4599,49,present
33711,4599,50,present
33712,4600,45,present
33713,4600,46,present
33714,4600,47,present
33715,4600,48,present
33716,4600,49,absent
33717,4600,50,present
33718,4601,45,present
33719,4601,46,present
33720,4601,47,present
33721,4601,48,present
33722,4601,49,present
33723,4601,50,present
33724,4602,45,present
33725,4602,46,present
33726,4602,47,present
33727,4602,48,present
33728,4602,49,present
33729,4602,50,present
33730,4603,45,present
33731,4603,46,present
33732,4603,47,present
33733,4603,48,present
33734,4603,49,present
33735,4603,50,present
33736,4604,45,present
33737,4604,46,present
33738,4604,47,present
33739,4604,48,present
33740,4604,49,present
33741,4604,50,present
33742,4605,45,present
33743,4605,46,present
33744,4605,47,present
33745,4605,48,present
33746,4605,49,absent
33747,4605,50,present
33748,4606,45,present
33749,4606,46,present
33750,4606,47,present
33751,4606,48,absent
33752,4606,49,present
33753,4606,50,present
33754,4607,45,present
33755,4607,46,present
33756,4607,47,present
33757,4607,48,present
33758,4607,49,present
33759,4607,50,present
33760,4608,45,absent
33761,4608,46,present
33762,4608,47,present
33763,4608,48,present
33764,4608,49,present
33765,4608,50,present
33766,4609,45,present
33767,4609,46,absent
33768,4609,47,present
33769,4609,48,present
33770,4609,49,present
33771,4609,50,present
33772,4610,45,present
33773,4610,46,present
33774,4610,47,present
33775,4610,48,present
33776,4610,49,present
33777,4610,50,present
33778,4611,45,present
33779,4611,46,late
33780,4611,47,present
33781,4611,48,absent
33782,4611,49,present
33783,4611,50,present
33784,4612,45,absent
33785,4612,46,absent
33786,4612,47,present
33787,4612,48,present
33788,4612,49,present
33789,4612,50,absent
33790,4613,45,present
33791,4613,46,present
33792,4613,47,present
33793,4613,48,present
33794,4613,49,absent
33795,4613,50,present
33796,4614,45,present
33797,4614,46,present
33798,4614,47,present
33799,4614,48,absent
33800,4614,49,present
33801,4614,50,present
33802,4615,45,present
33803,4615,46,present
33804,4615,47,absent
33805,4615,48,present
33806,4615,49,present
33807,4615,50,present
33808,4616,45,present
33809,4616,46,absent
33810,4616,47,present
33811,4616,48,present
33812,4616,49,present
33813,4616,50,present
33814,4617,45,absent
33815,4617,46,present
33816,4617,47,present
33817,4617,48,present
33818,4617,49,late
33819,4617,50,present
33820,4618,45,present
33821,4618,46,absent
33822,4618,47,present
33823,4618,48,present
33824,4618,49,present
33825,4618,50,present
33826,4619,45,present
33827,4619,46,present
33828,4619,47,present
33829,4619,48,present
33830,4619,49,present
33831,4619,50,present
33832,4620,45,present
33833,4620,46,present
33834,4620,47,present
33835,4620,48,present
33836,4620,49,late
33837,4620,50,present
33838,4621,45,present
33839,4621,46,present
33840,4621,47,present
33841,4621,48,present
33842,4621,49,present
33843,4621,50,present
33844,4622,45,present
33845,4622,46,present
33846,4622,47,present
33847,4622,48,present
33848,4622,49,present
33849,4622,50,present
33850,4623,45,present
33851,4623,46,present
33852,4623,47,present
33853,4623,48,present
33854,4623,49,present
33855,4623,50,present
33856,4624,45,present
33857,4624,46,excused
33858,4624,47,present
33859,4624,48,present
33860,4624,49,present
33861,4624,50,present
33862,4625,45,present
33863,4625,46,present
33864,4625,47,present
33865,4626,45,present
33866,4626,46,present
33867,4626,47,present
33868,4627,45,present
33869,4627,46,present
33870,4627,47,present
33871,4628,45,absent
33872,4628,46,present
33873,4628,47,present
33874,4629,45,present
33875,4629,46,present
33876,4629,47,present
33877,4630,45,present
33878,4630,46,present
33879,4630,47,present
33880,4631,45,present
33881,4631,46,present
33882,4631,47,present
33883,4632,45,present
33884,4632,46,present
33885,4632,47,present
33886,4633,45,absent
33887,4633,46,absent
33888,4633,47,present
33889,4634,45,present
33890,4634,46,present
33891,4634,47,absent
33892,4635,45,present
33893,4635,46,present
33894,4635,47,present
33895,4636,45,present
33896,4636,46,present
33897,4636,47,absent
33898,4637,45,present
33899,4637,46,present
33900,4637,47,present
33901,4638,45,present
33902,4638,46,present
33903,4638,47,present
33904,4639,45,present
33905,4639,46,present
33906,4639,47,present
33907,4640,45,present
33908,4640,46,present
33909,4640,47,present
33910,4641,45,absent
33911,4641,46,present
33912,4641,47,present
33913,4642,48,present
33914,4642,49,present
33915,4642,50,present
33916,4643,48,present
33917,4643,49,absent
33918,4643,50,present
33919,4644,48,present
33920,4644,49,present
33921,4644,50,present
33922,4645,48,absent
33923,4645,49,present
33924,4645,50,present
33925,4646,48,present
33926,4646,49,present
33927,4646,50,present
33928,4647,48,present
33929,4647,49,absent
33930,4647,50,present
33931,4648,48,present
33932,4648,49,present
33933,4648,50,present
33934,4649,48,present
33935,4649,49,present
33936,4649,50,present
33937,4650,48,present
33938,4650,49,present
33939,4650,50,present
33940,4651,48,present
33941,4651,49,present
33942,4651,50,present
33943,4652,48,present
33944,4652,49,present
33945,4652,50,present
33946,4653,48,present
33947,4653,49,late
33948,4653,50,present
33949,4654,48,present
33950,4654,49,present
33951,4654,50,present
33952,4655,48,present
33953,4655,49,present
33954,4655,50,present
33955,4656,48,present
33956,4656,49,present
33957,4656,50,present
33958,4657,48,present
33959,4657,49,present
33960,4657,50,present
33961,4658,45,present
33962,4658,46,present
33963,4658,47,present
33964,4658,48,absent
33965,4658,49,absent
33966,4658,50,present
33967,4659,45,present
33968,4659,46,present
33969,4659,47,present
33970,4659,48,present
33971,4659,49,present
33972,4659,50,present
33973,4660,45,present
33974,4660,46,present
33975,4660,47,present
33976,4660,48,present
33977,4660,49,present
33978,4660,50,present
33979,4661,45,present
33980,4661,46,present
33981,4661,47,present
33982,4661,48,present
33983,4661,49,late
33984,4661,50,present
33985,4662,45,present
33986,4662,46,absent
33987,4662,47,absent
33988,4662,48,present
33989,4662,49,present
33990,4662,50,present
33991,4663,45,present
33992,4663,46,present
33993,4663,47,present
33994,4663,48,present
33995,4663,49,absent
33996,4663,50,present
33997,4664,45,present
33998,4664,46,present
33999,4664,47,absent
34000,4664,48,present
34001,4664,49,present
34002,4664,50,excused
34003,4665,45,present
34004,4665,46,present
34005,4665,47,present
34006,4665,48,present
34007,4665,49,present
34008,4665,50,present
34009,4666,45,present
34010,4666,46,present
34011,4666,47,late
34012,4666,48,present
34013,4666,49,absent
34014,4666,50,present
34015,4667,45,present
34016,4667,46,present
34017,4667,47,present
34018,4667,48,present
34019,4667,49,present
34020,4667,50,present
34021,4668,45,present
34022,4668,46,present
34023,4668,47,present
34024,4668,48,present
34025,4668,49,present
34026,4668,50,present
34027,4669,45,present
34028,4669,46,present
34029,4669,47,present
34030,4669,48,present
34031,4669,49,present
34032,4669,50,present
34033,4670,45,present
34034,4670,46,present
34035,4670,47,present
34036,4670,48,present
34037,4670,49,present
34038,4670,50,present
34039,4671,45,present
34040,4671,46,present
34041,4671,47,present
34042,4671,48,present
34043,4671,49,present
34044,4671,50,present
34045,4672,45,present
34046,4672,46,present
34047,4672,47,present
34048,4672,48,present
34049,4672,49,present
34050,4672,50,present
34051,4673,45,present
34052,4673,46,present
34053,4673,47,present
34054,4673,48,present
34055,4673,49,present
34056,4673,50,present
34057,4674,45,present
34058,4674,46,present
34059,4674,47,present
34060,4674,48,present
34061,4674,49,present
34062,4674,50,present
34063,4675,45,present
34064,4675,46,present
34065,4675,47,present
34066,4675,48,present
34067,4675,49,present
34068,4675,50,present
34069,4676,45,present
34070,4676,46,present
34071,4676,47,present
34072,4676,48,present
34073,4676,49,present
34074,4676,50,present
34075,4677,45,present
34076,4677,46,present
34077,4677,47,present
34078,4677,48,present
34079,4677,49,present
34080,4677,50,present
34081,4678,45,present
34082,4678,46,present
34083,4678,47,present
34084,4678,48,present
34085,4678,49,present
34086,4678,50,present
34087,4679,45,present
34088,4679,46,present
34089,4679,47,present
34090,4679,48,present
34091,4679,49,excused
34092,4679,50,absent
34093,4680,45,present
34094,4680,46,present
34095,4680,47,absent
34096,4680,48,present
34097,4680,49,present
34098,4680,50,present
34099,4681,45,present
34100,4681,46,present
34101,4681,47,present
34102,4681,48,present
34103,4681,49,present
34104,4681,50,present
34105,4682,45,present
34106,4682,46,present
34107,4682,47,late
34108,4682,48,present
34109,4682,49,present
34110,4682,50,present
34111,4683,45,present
34112,4683,46,present
34113,4683,47,late
34114,4683,48,present
34115,4683,49,present
34116,4683,50,present
34117,4684,45,present
34118,4684,46,present
34119,4684,47,absent
34120,4684,48,present
34121,4684,49,absent
34122,4684,50,present
34123,4685,45,present
34124,4685,46,present
34125,4685,47,present
34126,4685,48,present
34127,4685,49,present
34128,4685,50,present
34129,4686,45,present
34130,4686,46,absent
34131,4686,47,present
34132,4686,48,present
34133,4686,49,present
34134,4686,50,present
34135,4687,45,present
34136,4687,46,present
34137,4687,47,present
34138,4687,48,present
34139,4687,49,present
34140,4687,50,present
34141,4688,45,present
34142,4688,46,present
34143,4688,47,present
34144,4688,48,present
34145,4688,49,present
34146,4688,50,present
34147,4689,45,present
34148,4689,46,present
34149,4689,47,present
34150,4689,48,present
34151,4689,49,present
34152,4689,50,present
34153,4690,45,present
34154,4690,46,present
34155,4690,47,present
34156,4690,48,present
34157,4690,49,present
34158,4690,50,present
34159,4691,45,present
34160,4691,46,present
34161,4691,47,present
34162,4691,48,present
34163,4691,49,present
34164,4691,50,present
34165,4692,45,present
34166,4692,46,present
34167,4692,47,present
34168,4692,48,present
34169,4692,49,present
34170,4692,50,present
34171,4693,45,present
34172,4693,46,present
34173,4693,47,present
34174,4693,48,present
34175,4693,49,present
34176,4693,50,present
34177,4694,45,present
34178,4694,46,present
34179,4694,47,present
34180,4694,48,present
34181,4694,49,present
34182,4694,50,present
34183,4695,45,present
34184,4695,46,present
34185,4695,47,absent
34186,4695,48,absent
34187,4695,49,present
34188,4695,50,present
34189,4696,45,present
34190,4696,46,present
34191,4696,47,present
34192,4696,48,present
34193,4696,49,present
34194,4696,50,late
34195,4697,45,present
34196,4697,46,present
34197,4697,47,present
34198,4697,48,present
34199,4697,49,absent
34200,4697,50,absent
34201,4698,45,present
34202,4698,46,present
34203,4698,47,present
34204,4698,48,present
34205,4698,49,present
34206,4698,50,absent
34207,4699,45,present
34208,4699,46,absent
34209,4699,47,present
34210,4699,48,present
34211,4699,49,present
34212,4699,50,present
34213,4700,45,present
34214,4700,46,present
34215,4700,47,present
34216,4700,48,present
34217,4700,49,present
34218,4700,50,present
34219,4701,45,present
34220,4701,46,present
34221,4701,47,present
34222,4701,48,present
34223,4701,49,present
34224,4701,50,present
34225,4702,45,present
34226,4702,46,present
34227,4702,47,present
34228,4702,48,present
34229,4702,49,absent
34230,4702,50,present
34231,4703,45,present
34232,4703,46,present
34233,4703,47,present
34234,4703,48,present
34235,4703,49,present
34236,4703,50,present
34237,4704,45,present
34238,4704,46,present
34239,4704,47,present
34240,4704,48,present
34241,4704,49,present
34242,4704,50,present
34243,4705,45,present
34244,4705,46,present
34245,4705,47,present
34246,4706,45,absent
34247,4706,46,present
34248,4706,47,present
34249,4707,45,present
34250,4707,46,present
34251,4707,47,present
34252,4708,45,present
34253,4708,46,present
34254,4708,47,present
34255,4709,45,present
34256,4709,46,present
34257,4709,47,present
34258,4710,45,absent
34259,4710,46,present
34260,4710,47,present
34261,4711,45,present
34262,4711,46,present
34263,4711,47,present
34264,4712,45,present
34265,4712,46,present
34266,4712,47,present
34267,4713,45,present
34268,4713,46,present
34269,4713,47,present
34270,4714,45,present
34271,4714,46,present
34272,4714,47,present
34273,4715,45,present
34274,4715,46,present
34275,4715,47,present
34276,4716,45,present
34277,4716,46,present
34278,4716,47,present
34279,4717,45,present
34280,4717,46,present
34281,4717,47,present
34282,4718,45,present
34283,4718,46,present
34284,4718,47,present
34285,4719,45,late
34286,4719,46,present
34287,4719,47,present
34288,4720,45,present
34289,4720,46,present
34290,4720,47,present
34291,4721,48,present
34292,4721,49,present
34293,4721,50,present
34294,4722,48,present
34295,4722,49,present
34296,4722,50,present
34297,4723,48,present
34298,4723,49,present
34299,4723,50,present
34300,4724,48,present
34301,4724,49,absent
34302,4724,50,present
34303,4725,48,absent
34304,4725,49,present
34305,4725,50,present
34306,4726,48,present
34307,4726,49,present
34308,4726,50,present
34309,4727,48,present
34310,4727,49,present
34311,4727,50,present
34312,4728,48,present
34313,4728,49,present
34314,4728,50,present
34315,4729,48,present
34316,4729,49,present
34317,4729,50,present
34318,4730,48,present
34319,4730,49,present
34320,4730,50,present
34321,4731,48,present
34322,4731,49,present
34323,4731,50,present
34324,4732,48,present
34325,4732,49,present
34326,4732,50,present
34327,4733,48,present
34328,4733,49,present
34329,4733,50,present
34330,4734,48,present
34331,4734,49,present
34332,4734,50,present
34333,4735,48,absent
34334,4735,49,present
34335,4735,50,present
34336,4736,48,absent
34337,4736,49,absent
34338,4736,50,present
34339,4737,48,present
34340,4737,49,present
34341,4737,50,present
34342,4738,45,present
34343,4738,46,present
34344,4738,47,present
34345,4739,45,present
34346,4739,46,present
34347,4739,47,present
34348,4740,45,present
34349,4740,46,absent
34350,4740,47,present
34351,4741,45,present
34352,4741,46,present
34353,4741,47,present
34354,4742,45,present
34355,4742,46,absent
34356,4742,47,present
34357,4743,45,present
34358,4743,46,present
34359,4743,47,present
34360,4744,45,present
34361,4744,46,present
34362,4744,47,present
34363,4745,45,present
34364,4745,46,present
34365,4745,47,present
34366,4746,45,present
34367,4746,46,present
34368,4746,47,present
34369,4747,45,present
34370,4747,46,present
34371,4747,47,present
34372,4748,45,present
34373,4748,46,present
34374,4748,47,present
34375,4749,45,present
34376,4749,46,present
34377,4749,47,present
34378,4750,45,present
34379,4750,46,present
34380,4750,47,present
34381,4751,45,present
34382,4751,46,present
34383,4751,47,present
34384,4752,45,present
34385,4752,46,present
34386,4752,47,present
34387,4753,45,present
34388,4753,46,present
34389,4753,47,present
34390,4754,48,absent
34391,4754,49,present
34392,4754,50,present
34393,4755,48,present
34394,4755,49,present
34395,4755,50,present
34396,4756,48,present
34397,4756,49,present
34398,4756,50,present
34399,4757,48,present
34400,4757,49,present
34401,4757,50,present
34402,4758,48,present
34403,4758,49,present
34404,4758,50,present
34405,4759,48,present
34406,4759,49,present
34407,4759,50,present
34408,4760,48,present
34409,4760,49,present
34410,4760,50,present
34411,4761,48,present
34412,4761,49,present
34413,4761,50,present
34414,4762,48,present
34415,4762,49,present
34416,4762,50,present
34417,4763,48,absent
34418,4763,49,present
34419,4763,50,present
34420,4764,48,present
34421,4764,49,present
34422,4764,50,present
34423,4765,48,present
34424,4765,49,present
34425,4765,50,late
34426,4766,48,present
34427,4766,49,present
34428,4766,50,present
34429,4767,48,present
34430,4767,49,present
34431,4767,50,present
34432,4768,48,present
34433,4768,49,present
34434,4768,50,present
34435,4769,45,present
34436,4769,46,present
34437,4769,47,present
34438,4770,45,present
34439,4770,46,present
34440,4770,47,present
34441,4771,45,present
34442,4771,46,present
34443,4771,47,present
34444,4772,45,present
34445,4772,46,present
34446,4772,47,present
34447,4773,45,present
34448,4773,46,present
34449,4773,47,present
34450,4774,45,present
34451,4774,46,absent
34452,4774,47,present
34453,4775,45,present
34454,4775,46,present
34455,4775,47,present
34456,4776,45,present
34457,4776,46,absent
34458,4776,47,present
34459,4777,45,present
34460,4777,46,present
34461,4777,47,present
34462,4778,45,present
34463,4778,46,present
34464,4778,47,present
34465,4779,45,present
34466,4779,46,present
34467,4779,47,present
34468,4780,45,present
34469,4780,46,present
34470,4780,47,present
34471,4781,45,present
34472,4781,46,present
34473,4781,47,present
34474,4782,45,absent
34475,4782,46,present
34476,4782,47,present
34477,4783,45,absent
34478,4783,46,present
34479,4783,47,present
34480,4784,45,present
34481,4784,46,present
34482,4784,47,present
34483,4785,48,present
34484,4785,49,present
34485,4785,50,present
34486,4786,48,present
34487,4786,49,present
34488,4786,50,present
34489,4787,48,present
34490,4787,49,present
34491,4787,50,present
34492,4788,48,present
34493,4788,49,present
34494,4788,50,present
34495,4789,48,present
34496,4789,49,present
34497,4789,50,present
34498,4790,48,present
34499,4790,49,present
34500,4790,50,present
34501,4791,48,present
34502,4791,49,present
34503,4791,50,present
34504,4792,48,present
34505,4792,49,present
34506,4792,50,present
34507,4793,48,present
34508,4793,49,present
34509,4793,50,present
34510,4794,48,present
34511,4794,49,present
34512,4794,50,present
34513,4795,48,present
34514,4795,49,present
34515,4795,50,present
34516,4796,48,present
34517,4796,49,present
34518,4796,50,present
34519,4797,48,present
34520,4797,49,absent
34521,4797,50,present
34522,4798,48,present
34523,4798,49,present
34524,4798,50,present
34525,4799,48,present
34526,4799,49,present
34527,4799,50,present
34528,4800,48,present
34529,4800,49,present
34530,4800,50,present
34531,4801,48,present
34532,4801,49,present
34533,4801,50,present
34534,4802,45,present
34535,4802,46,present
34536,4802,47,present
34537,4802,48,present
34538,4802,49,present
34539,4802,50,present
34540,4803,45,present
34541,4803,46,present
34542,4803,47,late
34543,4803,48,present
34544,4803,49,present
34545,4803,50,present
34546,4804,45,present
34547,4804,46,present
34548,4804,47,absent
34549,4804,48,absent
34550,4804,49,absent
34551,4804,50,present
34552,4805,45,present
34553,4805,46,present
34554,4805,47,present
34555,4805,48,present
34556,4805,49,excused
34557,4805,50,absent
34558,4806,45,late
34559,4806,46,absent
34560,4806,47,present
34561,4806,48,present
34562,4806,49,present
34563,4806,50,present
34564,4807,45,present
34565,4807,46,present
34566,4807,47,present
34567,4807,48,present
34568,4807,49,absent
34569,4807,50,present
34570,4808,45,present
34571,4808,46,present
34572,4808,47,present
34573,4808,48,present
34574,4808,49,present
34575,4808,50,present
34576,4809,45,present
34577,4809,46,present
34578,4809,47,present
34579,4809,48,present
34580,4809,49,present
34581,4809,50,present
34582,4810,45,present
34583,4810,46,present
34584,4810,47,absent
34585,4810,48,absent
34586,4810,49,present
34587,4810,50,present
34588,4811,45,present
34589,4811,46,present
34590,4811,47,present
34591,4811,48,present
34592,4811,49,present
34593,4811,50,present
34594,4812,45,present
34595,4812,46,present
34596,4812,47,absent
34597,4812,48,present
34598,4812,49,present
34599,4812,50,present
34600,4813,45,present
34601,4813,46,present
34602,4813,47,absent
34603,4813,48,present
34604,4813,49,present
34605,4813,50,late
34606,4814,45,present
34607,4814,46,present
34608,4814,47,present
34609,4814,48,present
34610,4814,49,absent
34611,4814,50,present
34612,4815,45,present
34613,4815,46,present
34614,4815,47,absent
34615,4815,48,present
34616,4815,49,present
34617,4815,50,present
34618,4816,45,present
34619,4816,46,present
34620,4816,47,present
34621,4816,48,present
34622,4816,49,present
34623,4816,50,present
34624,4817,45,present
34625,4817,46,present
34626,4817,47,present
34627,4817,48,present
34628,4817,49,present
34629,4817,50,present
34630,4818,45,present
34631,4818,46,absent
34632,4818,47,present
34633,4818,48,present
34634,4818,49,present
34635,4818,50,present
34636,4819,45,present
34637,4819,46,absent
34638,4819,47,present
34639,4819,48,present
34640,4819,49,absent
34641,4819,50,present
34642,4820,45,present
34643,4820,46,present
34644,4820,47,absent
34645,4820,48,present
34646,4820,49,present
34647,4820,50,absent
34648,4821,45,present
34649,4821,46,present
34650,4821,47,absent
34651,4821,48,present
34652,4821,49,absent
34653,4821,50,present
34654,4822,45,present
34655,4822,46,absent
34656,4822,47,present
34657,4822,48,present
34658,4822,49,absent
34659,4822,50,present
34660,4823,45,absent
34661,4823,46,present
34662,4823,47,present
34663,4823,48,present
34664,4823,49,absent
34665,4823,50,present
34666,4824,45,present
34667,4824,46,present
34668,4824,47,present
34669,4824,48,present
34670,4824,49,present
34671,4824,50,present
34672,4825,45,absent
34673,4825,46,present
34674,4825,47,present
34675,4825,48,present
34676,4825,49,absent
34677,4825,50,present
34678,4826,45,present
34679,4826,46,present
34680,4826,47,present
34681,4826,48,present
34682,4826,49,present
34683,4826,50,present
34684,4827,45,absent
34685,4827,46,present
34686,4827,47,present
34687,4827,48,present
34688,4827,49,late
34689,4827,50,present
34690,4828,45,present
34691,4828,46,present
34692,4828,47,present
34693,4828,48,present
34694,4828,49,absent
34695,4828,50,present
34696,4829,45,present
34697,4829,46,present
34698,4829,47,present
34699,4829,48,present
34700,4829,49,present
34701,4829,50,present
34702,4830,45,present
34703,4830,46,absent
34704,4830,47,present
34705,4830,48,present
34706,4830,49,present
34707,4830,50,present
34708,4831,45,present
34709,4831,46,present
34710,4831,47,present
34711,4831,48,present
34712,4831,49,present
34713,4831,50,present
34714,4832,45,present
34715,4832,46,present
34716,4832,47,present
34717,4832,48,present
34718,4832,49,absent
34719,4832,50,present
34720,4833,45,present
34721,4833,46,present
34722,4833,47,present
34723,4833,48,absent
34724,4833,49,present
34725,4833,50,present
34726,4834,45,present
34727,4834,46,present
34728,4834,47,present
34729,4834,48,present
34730,4834,49,present
34731,4834,50,present
34732,4835,45,present
34733,4835,46,present
34734,4835,47,present
34735,4835,48,present
34736,4835,49,present
34737,4835,50,present
34738,4836,45,absent
34739,4836,46,present
34740,4836,47,present
34741,4836,48,present
34742,4836,49,present
34743,4836,50,absent
34744,4837,45,present
34745,4837,46,present
34746,4837,47,present
34747,4837,48,present
34748,4837,49,late
34749,4837,50,present
34750,4838,45,present
34751,4838,46,present
34752,4838,47,present
34753,4838,48,present
34754,4838,49,absent
34755,4838,50,present
34756,4839,45,present
34757,4839,46,present
34758,4839,47,present
34759,4839,48,present
34760,4839,49,present
34761,4839,50,present
34762,4840,45,present
34763,4840,46,present
34764,4840,47,present
34765,4840,48,present
34766,4840,49,present
34767,4840,50,present
34768,4841,45,present
34769,4841,46,present
34770,4841,47,present
34771,4841,48,present
34772,4841,49,present
34773,4841,50,absent
34774,4842,45,present
34775,4842,46,present
34776,4842,47,present
34777,4842,48,present
34778,4842,49,present
34779,4842,50,present
34780,4843,45,present
34781,4843,46,present
34782,4843,47,present
34783,4843,48,present
34784,4843,49,present
34785,4843,50,present
34786,4844,45,present
34787,4844,46,present
34788,4844,47,present
34789,4844,48,present
34790,4844,49,present
34791,4844,50,absent
34792,4845,45,present
34793,4845,46,present
34794,4845,47,present
34795,4845,48,present
34796,4845,49,present
34797,4845,50,absent
34798,4846,45,present
34799,4846,46,present
34800,4846,47,absent
34801,4846,48,present
34802,4846,49,present
34803,4846,50,excused
34804,4847,45,present
34805,4847,46,present
34806,4847,47,present
34807,4847,48,present
34808,4847,49,present
34809,4847,50,present
34810,4848,45,absent
34811,4848,46,present
34812,4848,47,present
34813,4848,48,present
34814,4848,49,present
34815,4848,50,absent
34816,4849,45,present
34817,4849,46,present
34818,4849,47,present
34819,4849,48,present
34820,4849,49,present
34821,4849,50,present
34822,4850,45,present
34823,4850,46,present
34824,4850,47,present
34825,4850,48,present
34826,4850,49,present
34827,4850,50,present
34828,4851,45,present
34829,4851,46,present
34830,4851,47,present
34831,4851,48,present
34832,4851,49,present
34833,4851,50,present
34834,4852,45,present
34835,4852,46,present
34836,4852,47,present
34837,4852,48,present
34838,4852,49,present
34839,4852,50,present
34840,4853,45,present
34841,4853,46,absent
34842,4853,47,present
34843,4853,48,present
34844,4853,49,present
34845,4853,50,present
34846,4854,45,present
34847,4854,46,present
34848,4854,47,present
34849,4854,48,present
34850,4854,49,absent
34851,4854,50,present
34852,4855,45,present
34853,4855,46,present
34854,4855,47,present
34855,4855,48,present
34856,4855,49,present
34857,4855,50,present
34858,4856,45,present
34859,4856,46,present
34860,4856,47,present
34861,4856,48,present
34862,4856,49,absent
34863,4856,50,present
34864,4857,45,present
34865,4857,46,present
34866,4857,47,present
34867,4857,48,present
34868,4857,49,present
34869,4857,50,present
34870,4858,45,present
34871,4858,46,present
34872,4858,47,present
34873,4858,48,present
34874,4858,49,present
34875,4858,50,present
34876,4859,45,present
34877,4859,46,present
34878,4859,47,present
34879,4859,48,present
34880,4859,49,present
34881,4859,50,present
34882,4860,45,present
34883,4860,46,present
34884,4860,47,present
34885,4860,48,present
34886,4860,49,present
34887,4860,50,present
34888,4861,45,present
34889,4861,46,present
34890,4861,47,present
34891,4861,48,present
34892,4861,49,present
34893,4861,50,present
34894,4862,45,present
34895,4862,46,present
34896,4862,47,present
34897,4862,48,present
34898,4862,49,present
34899,4862,50,present
34900,4863,45,present
34901,4863,46,present
34902,4863,47,present
34903,4863,48,present
34904,4863,49,present
34905,4863,50,present
34906,4864,45,present
34907,4864,46,present
34908,4864,47,present
34909,4864,48,present
34910,4864,49,present
34911,4864,50,absent
34912,4865,45,present
34913,4865,46,present
34914,4865,47,present
34915,4865,48,present
34916,4865,49,present
34917,4865,50,present
34918,4866,45,present
34919,4866,46,absent
34920,4866,47,present
34921,4866,48,present
34922,4866,49,present
34923,4866,50,present
34924,4867,45,present
34925,4867,46,present
34926,4867,47,present
34927,4867,48,present
34928,4867,49,present
34929,4867,50,present
34930,4868,45,present
34931,4868,46,absent
34932,4868,47,present
34933,4868,48,present
34934,4868,49,absent
34935,4868,50,absent
34936,4869,45,absent
34937,4869,46,absent
34938,4869,47,present
34939,4869,48,present
34940,4869,49,late
34941,4869,50,present
34942,4870,45,present
34943,4870,46,present
34944,4870,47,present
34945,4870,48,present
34946,4870,49,absent
34947,4870,50,present
34948,4871,45,present
34949,4871,46,present
34950,4871,47,present
34951,4871,48,present
34952,4871,49,late
34953,4871,50,present
34954,4872,45,present
34955,4872,46,absent
34956,4872,47,present
34957,4872,48,present
34958,4872,49,present
34959,4872,50,present
34960,4873,45,present
34961,4873,46,absent
34962,4873,47,present
34963,4873,48,present
34964,4873,49,present
34965,4873,50,present
34966,4874,45,present
34967,4874,46,present
34968,4874,47,present
34969,4874,48,present
34970,4874,49,present
34971,4874,50,present
34972,4875,45,present
34973,4875,46,absent
34974,4875,47,present
34975,4875,48,present
34976,4875,49,present
34977,4875,50,present
34978,4876,45,present
34979,4876,46,absent
34980,4876,47,present
34981,4876,48,present
34982,4876,49,present
34983,4876,50,present
34984,4877,45,present
34985,4877,46,present
34986,4877,47,present
34987,4877,48,present
34988,4877,49,excused
34989,4877,50,present
34990,4878,45,present
34991,4878,46,present
34992,4878,47,present
34993,4878,48,present
34994,4878,49,late
34995,4878,50,present
34996,4879,45,present
34997,4879,46,present
34998,4879,47,present
34999,4879,48,present
35000,4879,49,absent
35001,4879,50,present
35002,4880,45,present
35003,4880,46,present
35004,4880,47,present
35005,4880,48,present
35006,4880,49,present
35007,4880,50,late
