id,offering_id,subject_code,session_date,slot_no,marked_by,marked_at,topic_no
1,2,24MA202T,2026-06-17,1,27,2026-06-17T17:30:00,1
2,2,24MA202T,2026-06-18,2,27,2026-06-18T17:30:00,2
3,2,24MA202T,2026-06-22,3,27,2026-06-22T17:30:00,3
4,2,24MA202T,2026-06-24,4,27,2026-06-24T17:30:00,4
5,2,24MA202T,2026-06-25,1,27,2026-06-25T17:30:00,5
6,2,24MA202T,2026-06-29,2,27,2026-06-29T17:30:00,6
7,2,24MA202T,2026-07-01,3,27,2026-07-01T17:30:00,7
8,2,24MA202T,2026-07-02,4,27,2026-07-02T17:30:00,8
9,2,24MA202T,2026-07-06,1,27,2026-07-06T17:30:00,9
10,2,24MA202T,2026-07-08,2,27,2026-07-08T17:30:00,10
11,2,24MA202T,2026-07-09,3,27,2026-07-09T17:30:00,11
12,2,24MA202T,2026-07-13,4,27,2026-07-13T17:30:00,12
13,2,24MA202T,2026-07-15,1,27,2026-07-15T17:30:00,13
14,2,24MA202T,2026-07-16,2,27,2026-07-16T17:30:00,14
15,2,24MA202T,2026-07-20,3,27,2026-07-20T17:30:00,15
16,2,24MA202T,2026-07-22,4,27,2026-07-22T17:30:00,16
17,2,24MA202T,2026-07-23,1,27,2026-07-23T17:30:00,17
18,2,24MA202T,2026-07-27,2,27,2026-07-27T17:30:00,18
19,2,24MA202T,2026-07-29,3,27,2026-07-29T17:30:00,19
20,2,24MA202T,2026-07-30,4,27,2026-07-30T17:30:00,20
21,2,24MA202T,2026-08-03,1,27,2026-08-03T17:30:00,21
22,2,24MA202T,2026-08-05,2,27,2026-08-05T17:30:00,22
23,2,24MA202T,2026-08-06,3,27,2026-08-06T17:30:00,23
24,2,24MA202T,2026-08-10,4,27,2026-08-10T17:30:00,24
25,2,24MA202T,2026-08-12,1,27,2026-08-12T17:30:00,25
26,2,24MA202T,2026-08-13,2,27,2026-08-13T17:30:00,26
27,2,24MA202T,2026-08-17,3,27,2026-08-17T17:30:00,27
28,2,24MA202T,2026-08-19,4,27,2026-08-19T17:30:00,28
29,2,24MA202T,2026-08-20,1,27,2026-08-20T17:30:00,29
30,2,24MA202T,2026-08-24,2,27,2026-08-24T17:30:00,30
31,2,24MA202T,2026-08-27,3,27,2026-08-27T17:30:00,31
32,3,24CS201T,2026-06-16,1,2,2026-06-16T17:30:00,1
33,3,24CS201T,2026-06-17,2,2,2026-06-17T17:30:00,2
34,3,24CS201T,2026-06-19,3,2,2026-06-19T17:30:00,3
35,3,24CS201T,2026-06-23,4,2,2026-06-23T17:30:00,4
36,3,24CS201T,2026-06-24,1,2,2026-06-24T17:30:00,5
37,3,24CS201T,2026-06-26,2,2,2026-06-26T17:30:00,6
38,3,24CS201T,2026-06-30,3,2,2026-06-30T17:30:00,7
39,3,24CS201T,2026-07-01,4,2,2026-07-01T17:30:00,8
40,3,24CS201T,2026-07-03,1,2,2026-07-03T17:30:00,9
41,3,24CS201T,2026-07-07,2,2,2026-07-07T17:30:00,10
42,3,24CS201T,2026-07-08,3,2,2026-07-08T17:30:00,11
43,3,24CS201T,2026-07-10,4,2,2026-07-10T17:30:00,12
44,3,24CS201T,2026-07-14,1,2,2026-07-14T17:30:00,13
45,3,24CS201T,2026-07-15,2,2,2026-07-15T17:30:00,14
46,3,24CS201T,2026-07-17,3,2,2026-07-17T17:30:00,15
47,3,24CS201T,2026-07-21,4,2,2026-07-21T17:30:00,16
48,3,24CS201T,2026-07-22,1,2,2026-07-22T17:30:00,17
49,3,24CS201T,2026-07-24,2,2,2026-07-24T17:30:00,18
50,3,24CS201T,2026-07-28,3,2,2026-07-28T17:30:00,19
51,3,24CS201T,2026-07-29,4,2,2026-07-29T17:30:00,20
52,3,24CS201T,2026-07-31,1,2,2026-07-31T17:30:00,21
53,3,24CS201T,2026-08-04,2,2,2026-08-04T17:30:00,22
54,3,24CS201T,2026-08-05,3,2,2026-08-05T17:30:00,23
55,3,24CS201T,2026-08-07,4,2,2026-08-07T17:30:00,24
56,3,24CS201T,2026-08-11,1,2,2026-08-11T17:30:00,25
57,3,24CS201T,2026-08-12,2,2,2026-08-12T17:30:00,26
58,3,24CS201T,2026-08-14,3,2,2026-08-14T17:30:00,27
59,3,24CS201T,2026-08-18,4,2,2026-08-18T17:30:00,28
60,3,24CS201T,2026-08-19,1,2,2026-08-19T17:30:00,29
61,3,24CS201T,2026-08-21,2,2,2026-08-21T17:30:00,30
62,3,24CS201T,2026-08-25,3,2,2026-08-25T17:30:00,31
63,4,24CS201P,2026-06-16,,2,2026-06-16T17:30:00,1
64,4,24CS201P,2026-06-23,,2,2026-06-23T17:30:00,2
65,4,24CS201P,2026-06-30,,2,2026-06-30T17:30:00,3
66,4,24CS201P,2026-07-07,,2,2026-07-07T17:30:00,4
67,4,24CS201P,2026-07-14,,2,2026-07-14T17:30:00,5
68,4,24CS201P,2026-07-21,,2,2026-07-21T17:30:00,6
69,4,24CS201P,2026-07-28,,2,2026-07-28T17:30:00,7
70,4,24CS201P,2026-08-04,,2,2026-08-04T17:30:00,8
71,4,24CS201P,2026-08-11,,2,2026-08-11T17:30:00,9
72,4,24CS201P,2026-08-18,,2,2026-08-18T17:30:00,10
73,4,24CS201P,2026-08-25,,2,2026-08-25T17:30:00,11
74,5,24CS201P,2026-06-17,,4,2026-06-17T17:30:00,1
75,5,24CS201P,2026-06-24,,4,2026-06-24T17:30:00,2
76,5,24CS201P,2026-07-01,,4,2026-07-01T17:30:00,3
77,5,24CS201P,2026-07-08,,4,2026-07-08T17:30:00,4
78,5,24CS201P,2026-07-15,,4,2026-07-15T17:30:00,5
79,5,24CS201P,2026-07-22,,4,2026-07-22T17:30:00,6
80,5,24CS201P,2026-07-29,,4,2026-07-29T17:30:00,7
81,5,24CS201P,2026-08-05,,4,2026-08-05T17:30:00,8
82,5,24CS201P,2026-08-12,,4,2026-08-12T17:30:00,9
83,5,24CS201P,2026-08-19,,4,2026-08-19T17:30:00,10
84,6,24CS202T,2026-06-17,1,2,2026-06-17T17:30:00,1
85,6,24CS202T,2026-06-19,2,2,2026-06-19T17:30:00,2
86,6,24CS202T,2026-06-22,3,2,2026-06-22T17:30:00,3
87,6,24CS202T,2026-06-24,4,2,2026-06-24T17:30:00,4
88,6,24CS202T,2026-06-26,1,2,2026-06-26T17:30:00,5
89,6,24CS202T,2026-06-29,2,2,2026-06-29T17:30:00,6
90,6,24CS202T,2026-07-01,3,2,2026-07-01T17:30:00,7
91,6,24CS202T,2026-07-03,4,2,2026-07-03T17:30:00,8
92,6,24CS202T,2026-07-06,1,2,2026-07-06T17:30:00,9
93,6,24CS202T,2026-07-08,2,2,2026-07-08T17:30:00,10
94,6,24CS202T,2026-07-10,3,2,2026-07-10T17:30:00,11
95,6,24CS202T,2026-07-13,4,2,2026-07-13T17:30:00,12
96,6,24CS202T,2026-07-15,1,2,2026-07-15T17:30:00,13
97,6,24CS202T,2026-07-17,2,2,2026-07-17T17:30:00,14
98,6,24CS202T,2026-07-20,3,2,2026-07-20T17:30:00,15
99,6,24CS202T,2026-07-22,4,2,2026-07-22T17:30:00,16
100,6,24CS202T,2026-07-24,1,2,2026-07-24T17:30:00,17
101,6,24CS202T,2026-07-27,2,2,2026-07-27T17:30:00,18
102,6,24CS202T,2026-07-29,3,2,2026-07-29T17:30:00,19
103,6,24CS202T,2026-07-31,4,2,2026-07-31T17:30:00,20
104,6,24CS202T,2026-08-03,1,2,2026-08-03T17:30:00,21
105,6,24CS202T,2026-08-05,2,2,2026-08-05T17:30:00,22
106,6,24CS202T,2026-08-07,3,2,2026-08-07T17:30:00,23
107,6,24CS202T,2026-08-10,4,2,2026-08-10T17:30:00,24
108,6,24CS202T,2026-08-12,1,2,2026-08-12T17:30:00,25
109,6,24CS202T,2026-08-14,2,2,2026-08-14T17:30:00,26
110,6,24CS202T,2026-08-17,3,2,2026-08-17T17:30:00,27
111,6,24CS202T,2026-08-19,4,2,2026-08-19T17:30:00,28
112,6,24CS202T,2026-08-21,1,2,2026-08-21T17:30:00,29
113,6,24CS202T,2026-08-24,2,2,2026-08-24T17:30:00,30
114,7,24CS203T,2026-06-16,1,1,2026-06-16T17:30:00,1
115,7,24CS203T,2026-06-18,2,1,2026-06-18T17:30:00,2
116,7,24CS203T,2026-06-20,3,1,2026-06-20T17:30:00,3
117,7,24CS203T,2026-06-23,4,1,2026-06-23T17:30:00,4
118,7,24CS203T,2026-06-25,1,1,2026-06-25T17:30:00,5
119,7,24CS203T,2026-06-27,2,1,2026-06-27T17:30:00,6
120,7,24CS203T,2026-06-30,3,1,2026-06-30T17:30:00,7
121,7,24CS203T,2026-07-02,4,1,2026-07-02T17:30:00,8
122,7,24CS203T,2026-07-04,1,1,2026-07-04T17:30:00,9
123,7,24CS203T,2026-07-07,2,1,2026-07-07T17:30:00,10
124,7,24CS203T,2026-07-09,3,1,2026-07-09T17:30:00,11
125,7,24CS203T,2026-07-11,4,1,2026-07-11T17:30:00,12
126,7,24CS203T,2026-07-14,1,1,2026-07-14T17:30:00,13
127,7,24CS203T,2026-07-16,2,1,2026-07-16T17:30:00,14
128,7,24CS203T,2026-07-18,3,1,2026-07-18T17:30:00,15
129,7,24CS203T,2026-07-21,4,1,2026-07-21T17:30:00,16
130,7,24CS203T,2026-07-23,1,1,2026-07-23T17:30:00,17
131,7,24CS203T,2026-07-25,2,1,2026-07-25T17:30:00,18
132,7,24CS203T,2026-07-28,3,1,2026-07-28T17:30:00,19
133,7,24CS203T,2026-07-30,4,1,2026-07-30T17:30:00,20
134,7,24CS203T,2026-08-01,1,1,2026-08-01T17:30:00,21
135,7,24CS203T,2026-08-04,2,1,2026-08-04T17:30:00,22
136,7,24CS203T,2026-08-06,3,1,2026-08-06T17:30:00,23
137,7,24CS203T,2026-08-08,4,1,2026-08-08T17:30:00,24
138,7,24CS203T,2026-08-11,1,1,2026-08-11T17:30:00,25
139,7,24CS203T,2026-08-13,2,1,2026-08-13T17:30:00,26
140,7,24CS203T,2026-08-18,3,1,2026-08-18T17:30:00,27
141,7,24CS203T,2026-08-20,4,1,2026-08-20T17:30:00,28
142,7,24CS203T,2026-08-22,1,1,2026-08-22T17:30:00,29
143,7,24CS203T,2026-08-25,2,1,2026-08-25T17:30:00,30
144,7,24CS203T,2026-08-27,3,1,2026-08-27T17:30:00,31
145,8,24CS203P,2026-06-16,,1,2026-06-16T17:30:00,1
146,8,24CS203P,2026-06-23,,1,2026-06-23T17:30:00,2
147,8,24CS203P,2026-06-30,,1,2026-06-30T17:30:00,3
148,8,24CS203P,2026-07-07,,1,2026-07-07T17:30:00,4
149,8,24CS203P,2026-07-14,,1,2026-07-14T17:30:00,5
150,8,24CS203P,2026-07-21,,1,2026-07-21T17:30:00,6
151,8,24CS203P,2026-07-28,,1,2026-07-28T17:30:00,7
152,8,24CS203P,2026-08-04,,1,2026-08-04T17:30:00,8
153,8,24CS203P,2026-08-11,,1,2026-08-11T17:30:00,9
154,8,24CS203P,2026-08-18,,1,2026-08-18T17:30:00,10
155,8,24CS203P,2026-08-25,,1,2026-08-25T17:30:00,11
156,9,24CS203P,2026-06-17,,1,2026-06-17T17:30:00,1
157,9,24CS203P,2026-06-24,,1,2026-06-24T17:30:00,2
158,9,24CS203P,2026-07-01,,1,2026-07-01T17:30:00,3
159,9,24CS203P,2026-07-08,,1,2026-07-08T17:30:00,4
160,9,24CS203P,2026-07-15,,1,2026-07-15T17:30:00,5
161,9,24CS203P,2026-07-22,,1,2026-07-22T17:30:00,6
162,9,24CS203P,2026-07-29,,1,2026-07-29T17:30:00,7
163,9,24CS203P,2026-08-05,,1,2026-08-05T17:30:00,8
164,9,24CS203P,2026-08-12,,1,2026-08-12T17:30:00,9
165,9,24CS203P,2026-08-19,,1,2026-08-19T17:30:00,10
166,10,24CS204T,2026-06-18,1,1,2026-06-18T17:30:00,1
167,10,24CS204T,2026-06-19,2,1,2026-06-19T17:30:00,2
168,10,24CS204T,2026-06-22,3,1,2026-06-22T17:30:00,3
169,10,24CS204T,2026-06-25,4,1,2026-06-25T17:30:00,4
170,10,24CS204T,2026-06-26,1,1,2026-06-26T17:30:00,5
171,10,24CS204T,2026-06-29,2,1,2026-06-29T17:30:00,6
172,10,24CS204T,2026-07-02,3,1,2026-07-02T17:30:00,7
173,10,24CS204T,2026-07-03,4,1,2026-07-03T17:30:00,8
174,10,24CS204T,2026-07-06,1,1,2026-07-06T17:30:00,9
175,10,24CS204T,2026-07-09,2,1,2026-07-09T17:30:00,10
176,10,24CS204T,2026-07-10,3,1,2026-07-10T17:30:00,11
177,10,24CS204T,2026-07-13,4,1,2026-07-13T17:30:00,12
178,10,24CS204T,2026-07-16,1,1,2026-07-16T17:30:00,13
179,10,24CS204T,2026-07-17,2,1,2026-07-17T17:30:00,14
180,10,24CS204T,2026-07-20,3,1,2026-07-20T17:30:00,15
181,10,24CS204T,2026-07-23,4,1,2026-07-23T17:30:00,16
182,10,24CS204T,2026-07-24,1,1,2026-07-24T17:30:00,17
183,10,24CS204T,2026-07-27,2,1,2026-07-27T17:30:00,18
184,10,24CS204T,2026-07-30,3,1,2026-07-30T17:30:00,19
185,10,24CS204T,2026-07-31,4,1,2026-07-31T17:30:00,20
186,10,24CS204T,2026-08-03,1,1,2026-08-03T17:30:00,21
187,10,24CS204T,2026-08-06,2,1,2026-08-06T17:30:00,22
188,10,24CS204T,2026-08-07,3,1,2026-08-07T17:30:00,23
189,10,24CS204T,2026-08-10,4,1,2026-08-10T17:30:00,24
190,10,24CS204T,2026-08-13,1,1,2026-08-13T17:30:00,25
191,10,24CS204T,2026-08-14,2,1,2026-08-14T17:30:00,26
192,10,24CS204T,2026-08-17,3,1,2026-08-17T17:30:00,27
193,10,24CS204T,2026-08-20,4,1,2026-08-20T17:30:00,28
194,10,24CS204T,2026-08-21,1,1,2026-08-21T17:30:00,29
195,10,24CS204T,2026-08-24,2,1,2026-08-24T17:30:00,30
196,10,24CS204T,2026-08-27,3,1,2026-08-27T17:30:00,31
197,11,24CS204P,2026-06-19,,1,2026-06-19T17:30:00,1
198,11,24CS204P,2026-06-26,,1,2026-06-26T17:30:00,2
199,11,24CS204P,2026-07-03,,1,2026-07-03T17:30:00,3
200,11,24CS204P,2026-07-10,,1,2026-07-10T17:30:00,4
201,11,24CS204P,2026-07-17,,1,2026-07-17T17:30:00,5
202,11,24CS204P,2026-07-24,,1,2026-07-24T17:30:00,6
203,11,24CS204P,2026-07-31,,1,2026-07-31T17:30:00,7
204,11,24CS204P,2026-08-07,,1,2026-08-07T17:30:00,8
205,11,24CS204P,2026-08-14,,1,2026-08-14T17:30:00,9
206,11,24CS204P,2026-08-21,,1,2026-08-21T17:30:00,10
207,12,24CS204P,2026-06-16,,4,2026-06-16T17:30:00,1
208,12,24CS204P,2026-06-23,,4,2026-06-23T17:30:00,2
209,12,24CS204P,2026-06-30,,4,2026-06-30T17:30:00,3
210,12,24CS204P,2026-07-07,,4,2026-07-07T17:30:00,4
211,12,24CS204P,2026-07-14,,4,2026-07-14T17:30:00,5
212,12,24CS204P,2026-07-21,,4,2026-07-21T17:30:00,6
213,12,24CS204P,2026-07-28,,4,2026-07-28T17:30:00,7
214,12,24CS204P,2026-08-04,,4,2026-08-04T17:30:00,8
215,12,24CS204P,2026-08-11,,4,2026-08-11T17:30:00,9
216,12,24CS204P,2026-08-18,,4,2026-08-18T17:30:00,10
217,12,24CS204P,2026-08-25,,4,2026-08-25T17:30:00,11
218,13,24HS101T,2026-06-16,1,26,2026-06-16T17:30:00,1
219,13,24HS101T,2026-06-18,2,26,2026-06-18T17:30:00,2
220,13,24HS101T,2026-06-23,3,26,2026-06-23T17:30:00,3
221,13,24HS101T,2026-06-25,4,26,2026-06-25T17:30:00,4
222,13,24HS101T,2026-06-30,1,26,2026-06-30T17:30:00,5
223,13,24HS101T,2026-07-02,2,26,2026-07-02T17:30:00,6
224,13,24HS101T,2026-07-07,3,26,2026-07-07T17:30:00,7
225,13,24HS101T,2026-07-09,4,26,2026-07-09T17:30:00,8
226,13,24HS101T,2026-07-14,1,26,2026-07-14T17:30:00,9
227,13,24HS101T,2026-07-16,2,26,2026-07-16T17:30:00,10
228,13,24HS101T,2026-07-21,3,26,2026-07-21T17:30:00,11
229,13,24HS101T,2026-07-23,4,26,2026-07-23T17:30:00,12
230,13,24HS101T,2026-07-28,1,26,2026-07-28T17:30:00,13
231,13,24HS101T,2026-07-30,2,26,2026-07-30T17:30:00,14
232,13,24HS101T,2026-08-04,3,26,2026-08-04T17:30:00,15
233,13,24HS101T,2026-08-06,4,26,2026-08-06T17:30:00,16
234,13,24HS101T,2026-08-11,1,26,2026-08-11T17:30:00,17
235,13,24HS101T,2026-08-13,2,26,2026-08-13T17:30:00,18
236,13,24HS101T,2026-08-18,3,26,2026-08-18T17:30:00,19
237,13,24HS101T,2026-08-20,4,26,2026-08-20T17:30:00,20
238,13,24HS101T,2026-08-25,1,26,2026-08-25T17:30:00,21
239,13,24HS101T,2026-08-27,2,26,2026-08-27T17:30:00,22
240,14,24MA101T,2026-06-17,1,26,2026-06-17T17:30:00,1
241,14,24MA101T,2026-06-18,2,26,2026-06-18T17:30:00,2
242,14,24MA101T,2026-06-22,3,26,2026-06-22T17:30:00,3
243,14,24MA101T,2026-06-24,4,26,2026-06-24T17:30:00,4
244,14,24MA101T,2026-06-25,1,26,2026-06-25T17:30:00,5
245,14,24MA101T,2026-06-29,2,26,2026-06-29T17:30:00,6
246,14,24MA101T,2026-07-01,3,26,2026-07-01T17:30:00,7
247,14,24MA101T,2026-07-02,4,26,2026-07-02T17:30:00,8
248,14,24MA101T,2026-07-06,1,26,2026-07-06T17:30:00,9
249,14,24MA101T,2026-07-08,2,26,2026-07-08T17:30:00,10
250,14,24MA101T,2026-07-09,3,26,2026-07-09T17:30:00,11
251,14,24MA101T,2026-07-13,4,26,2026-07-13T17:30:00,12
252,14,24MA101T,2026-07-15,1,26,2026-07-15T17:30:00,13
253,14,24MA101T,2026-07-16,2,26,2026-07-16T17:30:00,14
254,14,24MA101T,2026-07-20,3,26,2026-07-20T17:30:00,15
255,14,24MA101T,2026-07-22,4,26,2026-07-22T17:30:00,16
256,14,24MA101T,2026-07-23,1,26,2026-07-23T17:30:00,17
257,14,24MA101T,2026-07-27,2,26,2026-07-27T17:30:00,18
258,14,24MA101T,2026-07-29,3,26,2026-07-29T17:30:00,19
259,14,24MA101T,2026-07-30,4,26,2026-07-30T17:30:00,20
260,14,24MA101T,2026-08-03,1,26,2026-08-03T17:30:00,21
261,14,24MA101T,2026-08-05,2,26,2026-08-05T17:30:00,22
262,14,24MA101T,2026-08-06,3,26,2026-08-06T17:30:00,23
263,14,24MA101T,2026-08-10,4,26,2026-08-10T17:30:00,24
264,14,24MA101T,2026-08-12,1,26,2026-08-12T17:30:00,25
265,14,24MA101T,2026-08-13,2,26,2026-08-13T17:30:00,26
266,14,24MA101T,2026-08-17,3,26,2026-08-17T17:30:00,27
267,14,24MA101T,2026-08-19,4,26,2026-08-19T17:30:00,28
268,14,24MA101T,2026-08-20,1,26,2026-08-20T17:30:00,29
269,14,24MA101T,2026-08-24,2,26,2026-08-24T17:30:00,30
270,14,24MA101T,2026-08-27,3,26,2026-08-27T17:30:00,31
271,15,24PH102T,2026-06-16,1,25,2026-06-16T17:30:00,1
272,15,24PH102T,2026-06-17,2,25,2026-06-17T17:30:00,2
273,15,24PH102T,2026-06-19,3,25,2026-06-19T17:30:00,3
274,15,24PH102T,2026-06-23,4,25,2026-06-23T17:30:00,4
275,15,24PH102T,2026-06-24,1,25,2026-06-24T17:30:00,5
276,15,24PH102T,2026-06-26,2,25,2026-06-26T17:30:00,6
277,15,24PH102T,2026-06-30,3,25,2026-06-30T17:30:00,7
278,15,24PH102T,2026-07-01,4,25,2026-07-01T17:30:00,8
279,15,24PH102T,2026-07-03,1,25,2026-07-03T17:30:00,9
280,15,24PH102T,2026-07-07,2,25,2026-07-07T17:30:00,10
281,15,24PH102T,2026-07-08,3,25,2026-07-08T17:30:00,11
282,15,24PH102T,2026-07-10,4,25,2026-07-10T17:30:00,12
283,15,24PH102T,2026-07-14,1,25,2026-07-14T17:30:00,13
284,15,24PH102T,2026-07-15,2,25,2026-07-15T17:30:00,14
285,15,24PH102T,2026-07-17,3,25,2026-07-17T17:30:00,15
286,15,24PH102T,2026-07-21,4,25,2026-07-21T17:30:00,16
287,15,24PH102T,2026-07-22,1,25,2026-07-22T17:30:00,17
288,15,24PH102T,2026-07-24,2,25,2026-07-24T17:30:00,18
289,15,24PH102T,2026-07-28,3,25,2026-07-28T17:30:00,19
290,15,24PH102T,2026-07-29,4,25,2026-07-29T17:30:00,20
291,15,24PH102T,2026-07-31,1,25,2026-07-31T17:30:00,21
292,15,24PH102T,2026-08-04,2,25,2026-08-04T17:30:00,22
293,15,24PH102T,2026-08-05,3,25,2026-08-05T17:30:00,23
294,15,24PH102T,2026-08-07,4,25,2026-08-07T17:30:00,24
295,15,24PH102T,2026-08-11,1,25,2026-08-11T17:30:00,25
296,15,24PH102T,2026-08-12,2,25,2026-08-12T17:30:00,26
297,15,24PH102T,2026-08-14,3,25,2026-08-14T17:30:00,27
298,15,24PH102T,2026-08-18,4,25,2026-08-18T17:30:00,28
299,15,24PH102T,2026-08-19,1,25,2026-08-19T17:30:00,29
300,15,24PH102T,2026-08-21,2,25,2026-08-21T17:30:00,30
301,15,24PH102T,2026-08-25,3,25,2026-08-25T17:30:00,31
302,16,24PH102P,2026-06-16,,26,2026-06-16T17:30:00,1
303,16,24PH102P,2026-06-23,,26,2026-06-23T17:30:00,2
304,16,24PH102P,2026-06-30,,26,2026-06-30T17:30:00,3
305,16,24PH102P,2026-07-07,,26,2026-07-07T17:30:00,4
306,16,24PH102P,2026-07-14,,26,2026-07-14T17:30:00,5
307,16,24PH102P,2026-07-21,,26,2026-07-21T17:30:00,6
308,16,24PH102P,2026-07-28,,26,2026-07-28T17:30:00,7
309,16,24PH102P,2026-08-04,,26,2026-08-04T17:30:00,8
310,16,24PH102P,2026-08-11,,26,2026-08-11T17:30:00,9
311,16,24PH102P,2026-08-18,,26,2026-08-18T17:30:00,10
312,16,24PH102P,2026-08-25,,26,2026-08-25T17:30:00,11
313,17,24PH102P,2026-06-17,,25,2026-06-17T17:30:00,1
314,17,24PH102P,2026-06-24,,25,2026-06-24T17:30:00,2
315,17,24PH102P,2026-07-01,,25,2026-07-01T17:30:00,3
316,17,24PH102P,2026-07-08,,25,2026-07-08T17:30:00,4
317,17,24PH102P,2026-07-15,,25,2026-07-15T17:30:00,5
318,17,24PH102P,2026-07-22,,25,2026-07-22T17:30:00,6
319,17,24PH102P,2026-07-29,,25,2026-07-29T17:30:00,7
320,17,24PH102P,2026-08-05,,25,2026-08-05T17:30:00,8
321,17,24PH102P,2026-08-12,,25,2026-08-12T17:30:00,9
322,17,24PH102P,2026-08-19,,25,2026-08-19T17:30:00,10
323,18,24CV101T,2026-06-17,1,18,2026-06-17T17:30:00,1
324,18,24CV101T,2026-06-22,2,18,2026-06-22T17:30:00,2
325,18,24CV101T,2026-06-24,3,18,2026-06-24T17:30:00,3
326,18,24CV101T,2026-06-29,4,18,2026-06-29T17:30:00,4
327,18,24CV101T,2026-07-01,1,18,2026-07-01T17:30:00,5
328,18,24CV101T,2026-07-06,2,18,2026-07-06T17:30:00,6
329,18,24CV101T,2026-07-08,3,18,2026-07-08T17:30:00,7
330,18,24CV101T,2026-07-13,4,18,2026-07-13T17:30:00,8
331,18,24CV101T,2026-07-15,1,18,2026-07-15T17:30:00,9
332,18,24CV101T,2026-07-20,2,18,2026-07-20T17:30:00,10
333,18,24CV101T,2026-07-22,3,18,2026-07-22T17:30:00,11
334,18,24CV101T,2026-07-27,4,18,2026-07-27T17:30:00,12
335,18,24CV101T,2026-07-29,1,18,2026-07-29T17:30:00,13
336,18,24CV101T,2026-08-03,2,18,2026-08-03T17:30:00,14
337,18,24CV101T,2026-08-05,3,18,2026-08-05T17:30:00,15
338,18,24CV101T,2026-08-10,4,18,2026-08-10T17:30:00,16
339,18,24CV101T,2026-08-12,1,18,2026-08-12T17:30:00,17
340,18,24CV101T,2026-08-17,2,18,2026-08-17T17:30:00,18
341,18,24CV101T,2026-08-19,3,18,2026-08-19T17:30:00,19
342,18,24CV101T,2026-08-24,4,18,2026-08-24T17:30:00,20
343,19,24ME101P,2026-06-19,,16,2026-06-19T17:30:00,1
344,19,24ME101P,2026-06-26,,16,2026-06-26T17:30:00,2
345,19,24ME101P,2026-07-03,,16,2026-07-03T17:30:00,3
346,19,24ME101P,2026-07-10,,16,2026-07-10T17:30:00,4
347,19,24ME101P,2026-07-17,,16,2026-07-17T17:30:00,5
348,19,24ME101P,2026-07-24,,16,2026-07-24T17:30:00,6
349,19,24ME101P,2026-07-31,,16,2026-07-31T17:30:00,7
350,19,24ME101P,2026-08-07,,16,2026-08-07T17:30:00,8
351,19,24ME101P,2026-08-14,,16,2026-08-14T17:30:00,9
352,19,24ME101P,2026-08-21,,16,2026-08-21T17:30:00,10
353,20,24ME101P,2026-06-16,,15,2026-06-16T17:30:00,1
354,20,24ME101P,2026-06-23,,15,2026-06-23T17:30:00,2
355,20,24ME101P,2026-06-30,,15,2026-06-30T17:30:00,3
356,20,24ME101P,2026-07-07,,15,2026-07-07T17:30:00,4
357,20,24ME101P,2026-07-14,,15,2026-07-14T17:30:00,5
358,20,24ME101P,2026-07-21,,15,2026-07-21T17:30:00,6
359,20,24ME101P,2026-07-28,,15,2026-07-28T17:30:00,7
360,20,24ME101P,2026-08-04,,15,2026-08-04T17:30:00,8
361,20,24ME101P,2026-08-11,,15,2026-08-11T17:30:00,9
362,20,24ME101P,2026-08-18,,15,2026-08-18T17:30:00,10
363,20,24ME101P,2026-08-25,,15,2026-08-25T17:30:00,11
364,21,24ME102P,2026-06-17,,13,2026-06-17T17:30:00,1
365,21,24ME102P,2026-06-24,,13,2026-06-24T17:30:00,2
366,21,24ME102P,2026-07-01,,13,2026-07-01T17:30:00,3
367,21,24ME102P,2026-07-08,,13,2026-07-08T17:30:00,4
368,21,24ME102P,2026-07-15,,13,2026-07-15T17:30:00,5
369,21,24ME102P,2026-07-22,,13,2026-07-22T17:30:00,6
370,21,24ME102P,2026-07-29,,13,2026-07-29T17:30:00,7
371,21,24ME102P,2026-08-05,,13,2026-08-05T17:30:00,8
372,21,24ME102P,2026-08-12,,13,2026-08-12T17:30:00,9
373,21,24ME102P,2026-08-19,,13,2026-08-19T17:30:00,10
374,22,24ME102P,2026-06-18,,16,2026-06-18T17:30:00,1
375,22,24ME102P,2026-06-25,,16,2026-06-25T17:30:00,2
376,22,24ME102P,2026-07-02,,16,2026-07-02T17:30:00,3
377,22,24ME102P,2026-07-09,,16,2026-07-09T17:30:00,4
378,22,24ME102P,2026-07-16,,16,2026-07-16T17:30:00,5
379,22,24ME102P,2026-07-23,,16,2026-07-23T17:30:00,6
380,22,24ME102P,2026-07-30,,16,2026-07-30T17:30:00,7
381,22,24ME102P,2026-08-06,,16,2026-08-06T17:30:00,8
382,22,24ME102P,2026-08-13,,16,2026-08-13T17:30:00,9
383,22,24ME102P,2026-08-20,,16,2026-08-20T17:30:00,10
384,22,24ME102P,2026-08-27,,16,2026-08-27T17:30:00,11
385,23,24CP101T,2026-06-16,1,4,2026-06-16T17:30:00,1
386,23,24CP101T,2026-06-23,2,4,2026-06-23T17:30:00,2
387,23,24CP101T,2026-06-30,3,4,2026-06-30T17:30:00,3
388,23,24CP101T,2026-07-07,4,4,2026-07-07T17:30:00,4
389,23,24CP101T,2026-07-14,1,4,2026-07-14T17:30:00,5
390,23,24CP101T,2026-07-21,2,4,2026-07-21T17:30:00,6
391,23,24CP101T,2026-07-28,3,4,2026-07-28T17:30:00,7
392,23,24CP101T,2026-08-04,4,4,2026-08-04T17:30:00,8
393,23,24CP101T,2026-08-11,1,4,2026-08-11T17:30:00,9
394,23,24CP101T,2026-08-18,2,4,2026-08-18T17:30:00,10
395,23,24CP101T,2026-08-25,3,4,2026-08-25T17:30:00,11
396,24,24CP101P,2026-06-16,,1,2026-06-16T17:30:00,1
397,24,24CP101P,2026-06-23,,1,2026-06-23T17:30:00,2
398,24,24CP101P,2026-06-30,,1,2026-06-30T17:30:00,3
399,24,24CP101P,2026-07-07,,1,2026-07-07T17:30:00,4
400,24,24CP101P,2026-07-14,,1,2026-07-14T17:30:00,5
401,24,24CP101P,2026-07-21,,1,2026-07-21T17:30:00,6
402,24,24CP101P,2026-07-28,,1,2026-07-28T17:30:00,7
403,24,24CP101P,2026-08-04,,1,2026-08-04T17:30:00,8
404,24,24CP101P,2026-08-11,,1,2026-08-11T17:30:00,9
405,24,24CP101P,2026-08-18,,1,2026-08-18T17:30:00,10
406,24,24CP101P,2026-08-25,,1,2026-08-25T17:30:00,11
407,25,24CP101P,2026-06-17,,1,2026-06-17T17:30:00,1
408,25,24CP101P,2026-06-24,,1,2026-06-24T17:30:00,2
409,25,24CP101P,2026-07-01,,1,2026-07-01T17:30:00,3
410,25,24CP101P,2026-07-08,,1,2026-07-08T17:30:00,4
411,25,24CP101P,2026-07-15,,1,2026-07-15T17:30:00,5
412,25,24CP101P,2026-07-22,,1,2026-07-22T17:30:00,6
413,25,24CP101P,2026-07-29,,1,2026-07-29T17:30:00,7
414,25,24CP101P,2026-08-05,,1,2026-08-05T17:30:00,8
415,25,24CP101P,2026-08-12,,1,2026-08-12T17:30:00,9
416,25,24CP101P,2026-08-19,,1,2026-08-19T17:30:00,10
417,26,24HS102T,2026-06-22,1,28,2026-06-22T17:30:00,1
418,26,24HS102T,2026-06-29,2,28,2026-06-29T17:30:00,2
419,26,24HS102T,2026-07-06,3,28,2026-07-06T17:30:00,3
420,26,24HS102T,2026-07-13,4,28,2026-07-13T17:30:00,4
421,26,24HS102T,2026-07-20,1,28,2026-07-20T17:30:00,5
422,26,24HS102T,2026-07-27,2,28,2026-07-27T17:30:00,6
423,26,24HS102T,2026-08-03,3,28,2026-08-03T17:30:00,7
424,26,24HS102T,2026-08-10,4,28,2026-08-10T17:30:00,8
425,26,24HS102T,2026-08-17,1,28,2026-08-17T17:30:00,9
426,26,24HS102T,2026-08-24,2,28,2026-08-24T17:30:00,10
427,27,24HS103T,2026-06-16,1,25,2026-06-16T17:30:00,1
428,27,24HS103T,2026-06-17,2,25,2026-06-17T17:30:00,2
429,27,24HS103T,2026-06-23,3,25,2026-06-23T17:30:00,3
430,27,24HS103T,2026-06-24,4,25,2026-06-24T17:30:00,4
431,27,24HS103T,2026-06-30,1,25,2026-06-30T17:30:00,5
432,27,24HS103T,2026-07-01,2,25,2026-07-01T17:30:00,6
433,27,24HS103T,2026-07-07,3,25,2026-07-07T17:30:00,7
434,27,24HS103T,2026-07-08,4,25,2026-07-08T17:30:00,8
435,27,24HS103T,2026-07-14,1,25,2026-07-14T17:30:00,9
436,27,24HS103T,2026-07-15,2,25,2026-07-15T17:30:00,10
437,27,24HS103T,2026-07-21,3,25,2026-07-21T17:30:00,11
438,27,24HS103T,2026-07-22,4,25,2026-07-22T17:30:00,12
439,27,24HS103T,2026-07-28,1,25,2026-07-28T17:30:00,13
440,27,24HS103T,2026-07-29,2,25,2026-07-29T17:30:00,14
441,27,24HS103T,2026-08-04,3,25,2026-08-04T17:30:00,15
442,27,24HS103T,2026-08-05,4,25,2026-08-05T17:30:00,16
443,27,24HS103T,2026-08-11,1,25,2026-08-11T17:30:00,17
444,27,24HS103T,2026-08-12,2,25,2026-08-12T17:30:00,18
445,27,24HS103T,2026-08-18,3,25,2026-08-18T17:30:00,19
446,27,24HS103T,2026-08-19,4,25,2026-08-19T17:30:00,20
447,27,24HS103T,2026-08-25,1,25,2026-08-25T17:30:00,21
448,29,24IT201T,2026-06-16,1,7,2026-06-16T17:30:00,1
449,29,24IT201T,2026-06-18,2,7,2026-06-18T17:30:00,2
450,29,24IT201T,2026-06-19,3,7,2026-06-19T17:30:00,3
451,29,24IT201T,2026-06-23,4,7,2026-06-23T17:30:00,4
452,29,24IT201T,2026-06-25,1,7,2026-06-25T17:30:00,5
453,29,24IT201T,2026-06-26,2,7,2026-06-26T17:30:00,6
454,29,24IT201T,2026-06-30,3,7,2026-06-30T17:30:00,7
455,29,24IT201T,2026-07-02,4,7,2026-07-02T17:30:00,8
456,29,24IT201T,2026-07-03,1,7,2026-07-03T17:30:00,9
457,29,24IT201T,2026-07-07,2,7,2026-07-07T17:30:00,10
458,29,24IT201T,2026-07-09,3,7,2026-07-09T17:30:00,11
459,29,24IT201T,2026-07-10,4,7,2026-07-10T17:30:00,12
460,29,24IT201T,2026-07-14,1,7,2026-07-14T17:30:00,13
461,29,24IT201T,2026-07-16,2,7,2026-07-16T17:30:00,14
462,29,24IT201T,2026-07-17,3,7,2026-07-17T17:30:00,15
463,29,24IT201T,2026-07-21,4,7,2026-07-21T17:30:00,16
464,29,24IT201T,2026-07-23,1,7,2026-07-23T17:30:00,17
465,29,24IT201T,2026-07-24,2,7,2026-07-24T17:30:00,18
466,29,24IT201T,2026-07-28,3,7,2026-07-28T17:30:00,19
467,29,24IT201T,2026-07-30,4,7,2026-07-30T17:30:00,20
468,29,24IT201T,2026-07-31,1,7,2026-07-31T17:30:00,21
469,29,24IT201T,2026-08-04,2,7,2026-08-04T17:30:00,22
470,29,24IT201T,2026-08-06,3,7,2026-08-06T17:30:00,23
471,29,24IT201T,2026-08-07,4,7,2026-08-07T17:30:00,24
472,29,24IT201T,2026-08-11,1,7,2026-08-11T17:30:00,25
473,29,24IT201T,2026-08-13,2,7,2026-08-13T17:30:00,26
474,29,24IT201T,2026-08-14,3,7,2026-08-14T17:30:00,27
475,29,24IT201T,2026-08-18,4,7,2026-08-18T17:30:00,28
476,29,24IT201T,2026-08-20,1,7,2026-08-20T17:30:00,29
477,29,24IT201T,2026-08-21,2,7,2026-08-21T17:30:00,30
478,29,24IT201T,2026-08-25,3,7,2026-08-25T17:30:00,31
479,29,24IT201T,2026-08-27,4,7,2026-08-27T17:30:00,32
480,30,24IT202T,2026-06-17,1,7,2026-06-17T17:30:00,1
481,30,24IT202T,2026-06-19,2,7,2026-06-19T17:30:00,2
482,30,24IT202T,2026-06-22,3,7,2026-06-22T17:30:00,3
483,30,24IT202T,2026-06-24,4,7,2026-06-24T17:30:00,4
484,30,24IT202T,2026-06-26,1,7,2026-06-26T17:30:00,5
485,30,24IT202T,2026-06-29,2,7,2026-06-29T17:30:00,6
486,30,24IT202T,2026-07-01,3,7,2026-07-01T17:30:00,7
487,30,24IT202T,2026-07-03,4,7,2026-07-03T17:30:00,8
488,30,24IT202T,2026-07-06,1,7,2026-07-06T17:30:00,9
489,30,24IT202T,2026-07-08,2,7,2026-07-08T17:30:00,10
490,30,24IT202T,2026-07-10,3,7,2026-07-10T17:30:00,11
491,30,24IT202T,2026-07-13,4,7,2026-07-13T17:30:00,12
492,30,24IT202T,2026-07-15,1,7,2026-07-15T17:30:00,13
493,30,24IT202T,2026-07-17,2,7,2026-07-17T17:30:00,14
494,30,24IT202T,2026-07-20,3,7,2026-07-20T17:30:00,15
495,30,24IT202T,2026-07-22,4,7,2026-07-22T17:30:00,16
496,30,24IT202T,2026-07-24,1,7,2026-07-24T17:30:00,17
497,30,24IT202T,2026-07-27,2,7,2026-07-27T17:30:00,18
498,30,24IT202T,2026-07-29,3,7,2026-07-29T17:30:00,19
499,30,24IT202T,2026-07-31,4,7,2026-07-31T17:30:00,20
500,30,24IT202T,2026-08-03,1,7,2026-08-03T17:30:00,21
501,30,24IT202T,2026-08-05,2,7,2026-08-05T17:30:00,22
502,30,24IT202T,2026-08-07,3,7,2026-08-07T17:30:00,23
503,30,24IT202T,2026-08-10,4,7,2026-08-10T17:30:00,24
504,30,24IT202T,2026-08-12,1,7,2026-08-12T17:30:00,25
505,30,24IT202T,2026-08-14,2,7,2026-08-14T17:30:00,26
506,30,24IT202T,2026-08-17,3,7,2026-08-17T17:30:00,27
507,30,24IT202T,2026-08-19,4,7,2026-08-19T17:30:00,28
508,30,24IT202T,2026-08-21,1,7,2026-08-21T17:30:00,29
509,30,24IT202T,2026-08-24,2,7,2026-08-24T17:30:00,30
510,31,24IT202P,2026-06-19,,5,2026-06-19T17:30:00,1
511,31,24IT202P,2026-06-26,,5,2026-06-26T17:30:00,2
512,31,24IT202P,2026-07-03,,5,2026-07-03T17:30:00,3
513,31,24IT202P,2026-07-10,,5,2026-07-10T17:30:00,4
514,31,24IT202P,2026-07-17,,5,2026-07-17T17:30:00,5
515,31,24IT202P,2026-07-24,,5,2026-07-24T17:30:00,6
516,31,24IT202P,2026-07-31,,5,2026-07-31T17:30:00,7
517,31,24IT202P,2026-08-07,,5,2026-08-07T17:30:00,8
518,31,24IT202P,2026-08-14,,5,2026-08-14T17:30:00,9
519,31,24IT202P,2026-08-21,,5,2026-08-21T17:30:00,10
520,32,24IT202P,2026-06-16,,8,2026-06-16T17:30:00,1
521,32,24IT202P,2026-06-23,,8,2026-06-23T17:30:00,2
522,32,24IT202P,2026-06-30,,8,2026-06-30T17:30:00,3
523,32,24IT202P,2026-07-07,,8,2026-07-07T17:30:00,4
524,32,24IT202P,2026-07-14,,8,2026-07-14T17:30:00,5
525,32,24IT202P,2026-07-21,,8,2026-07-21T17:30:00,6
526,32,24IT202P,2026-07-28,,8,2026-07-28T17:30:00,7
527,32,24IT202P,2026-08-04,,8,2026-08-04T17:30:00,8
528,32,24IT202P,2026-08-11,,8,2026-08-11T17:30:00,9
529,32,24IT202P,2026-08-18,,8,2026-08-18T17:30:00,10
530,32,24IT202P,2026-08-25,,8,2026-08-25T17:30:00,11
531,33,24IT203T,2026-06-16,1,6,2026-06-16T17:30:00,1
532,33,24IT203T,2026-06-17,2,6,2026-06-17T17:30:00,2
533,33,24IT203T,2026-06-19,3,6,2026-06-19T17:30:00,3
534,33,24IT203T,2026-06-23,4,6,2026-06-23T17:30:00,4
535,33,24IT203T,2026-06-24,1,6,2026-06-24T17:30:00,5
536,33,24IT203T,2026-06-26,2,6,2026-06-26T17:30:00,6
537,33,24IT203T,2026-06-30,3,6,2026-06-30T17:30:00,7
538,33,24IT203T,2026-07-01,4,6,2026-07-01T17:30:00,8
539,33,24IT203T,2026-07-03,1,6,2026-07-03T17:30:00,9
540,33,24IT203T,2026-07-07,2,6,2026-07-07T17:30:00,10
541,33,24IT203T,2026-07-08,3,6,2026-07-08T17:30:00,11
542,33,24IT203T,2026-07-10,4,6,2026-07-10T17:30:00,12
543,33,24IT203T,2026-07-14,1,6,2026-07-14T17:30:00,13
544,33,24IT203T,2026-07-15,2,6,2026-07-15T17:30:00,14
545,33,24IT203T,2026-07-17,3,6,2026-07-17T17:30:00,15
546,33,24IT203T,2026-07-21,4,6,2026-07-21T17:30:00,16
547,33,24IT203T,2026-07-22,1,6,2026-07-22T17:30:00,17
548,33,24IT203T,2026-07-24,2,6,2026-07-24T17:30:00,18
549,33,24IT203T,2026-07-28,3,6,2026-07-28T17:30:00,19
550,33,24IT203T,2026-07-29,4,6,2026-07-29T17:30:00,20
551,33,24IT203T,2026-07-31,1,6,2026-07-31T17:30:00,21
552,33,24IT203T,2026-08-04,2,6,2026-08-04T17:30:00,22
553,33,24IT203T,2026-08-05,3,6,2026-08-05T17:30:00,23
554,33,24IT203T,2026-08-07,4,6,2026-08-07T17:30:00,24
555,33,24IT203T,2026-08-11,1,6,2026-08-11T17:30:00,25
556,33,24IT203T,2026-08-12,2,6,2026-08-12T17:30:00,26
557,33,24IT203T,2026-08-14,3,6,2026-08-14T17:30:00,27
558,33,24IT203T,2026-08-18,4,6,2026-08-18T17:30:00,28
559,33,24IT203T,2026-08-19,1,6,2026-08-19T17:30:00,29
560,33,24IT203T,2026-08-21,2,6,2026-08-21T17:30:00,30
561,33,24IT203T,2026-08-25,3,6,2026-08-25T17:30:00,31
562,34,24IT203P,2026-06-18,,5,2026-06-18T17:30:00,1
563,34,24IT203P,2026-06-25,,5,2026-06-25T17:30:00,2
564,34,24IT203P,2026-07-02,,5,2026-07-02T17:30:00,3
565,34,24IT203P,2026-07-09,,5,2026-07-09T17:30:00,4
566,34,24IT203P,2026-07-16,,5,2026-07-16T17:30:00,5
567,34,24IT203P,2026-07-23,,5,2026-07-23T17:30:00,6
568,34,24IT203P,2026-07-30,,5,2026-07-30T17:30:00,7
569,34,24IT203P,2026-08-06,,5,2026-08-06T17:30:00,8
570,34,24IT203P,2026-08-13,,5,2026-08-13T17:30:00,9
571,34,24IT203P,2026-08-20,,5,2026-08-20T17:30:00,10
572,34,24IT203P,2026-08-27,,5,2026-08-27T17:30:00,11
573,35,24IT203P,2026-06-19,,5,2026-06-19T17:30:00,1
574,35,24IT203P,2026-06-26,,5,2026-06-26T17:30:00,2
575,35,24IT203P,2026-07-03,,5,2026-07-03T17:30:00,3
576,35,24IT203P,2026-07-10,,5,2026-07-10T17:30:00,4
577,35,24IT203P,2026-07-17,,5,2026-07-17T17:30:00,5
578,35,24IT203P,2026-07-24,,5,2026-07-24T17:30:00,6
579,35,24IT203P,2026-07-31,,5,2026-07-31T17:30:00,7
580,35,24IT203P,2026-08-07,,5,2026-08-07T17:30:00,8
581,35,24IT203P,2026-08-14,,5,2026-08-14T17:30:00,9
582,35,24IT203P,2026-08-21,,5,2026-08-21T17:30:00,10
583,36,24IT204T,2026-06-17,1,6,2026-06-17T17:30:00,1
584,36,24IT204T,2026-06-22,2,6,2026-06-22T17:30:00,2
585,36,24IT204T,2026-06-24,3,6,2026-06-24T17:30:00,3
586,36,24IT204T,2026-06-29,4,6,2026-06-29T17:30:00,4
587,36,24IT204T,2026-07-01,1,6,2026-07-01T17:30:00,5
588,36,24IT204T,2026-07-06,2,6,2026-07-06T17:30:00,6
589,36,24IT204T,2026-07-08,3,6,2026-07-08T17:30:00,7
590,36,24IT204T,2026-07-13,4,6,2026-07-13T17:30:00,8
591,36,24IT204T,2026-07-15,1,6,2026-07-15T17:30:00,9
592,36,24IT204T,2026-07-20,2,6,2026-07-20T17:30:00,10
593,36,24IT204T,2026-07-22,3,6,2026-07-22T17:30:00,11
594,36,24IT204T,2026-07-27,4,6,2026-07-27T17:30:00,12
595,36,24IT204T,2026-07-29,1,6,2026-07-29T17:30:00,13
596,36,24IT204T,2026-08-03,2,6,2026-08-03T17:30:00,14
597,36,24IT204T,2026-08-05,3,6,2026-08-05T17:30:00,15
598,36,24IT204T,2026-08-10,4,6,2026-08-10T17:30:00,16
599,36,24IT204T,2026-08-12,1,6,2026-08-12T17:30:00,17
600,36,24IT204T,2026-08-17,2,6,2026-08-17T17:30:00,18
601,36,24IT204T,2026-08-19,3,6,2026-08-19T17:30:00,19
602,36,24IT204T,2026-08-24,4,6,2026-08-24T17:30:00,20
603,37,24IT205T,2026-06-16,1,6,2026-06-16T17:30:00,1
604,37,24IT205T,2026-06-18,2,6,2026-06-18T17:30:00,2
605,37,24IT205T,2026-06-23,3,6,2026-06-23T17:30:00,3
606,37,24IT205T,2026-06-25,4,6,2026-06-25T17:30:00,4
607,37,24IT205T,2026-06-30,1,6,2026-06-30T17:30:00,5
608,37,24IT205T,2026-07-02,2,6,2026-07-02T17:30:00,6
609,37,24IT205T,2026-07-07,3,6,2026-07-07T17:30:00,7
610,37,24IT205T,2026-07-09,4,6,2026-07-09T17:30:00,8
611,37,24IT205T,2026-07-14,1,6,2026-07-14T17:30:00,9
612,37,24IT205T,2026-07-16,2,6,2026-07-16T17:30:00,10
613,37,24IT205T,2026-07-21,3,6,2026-07-21T17:30:00,11
614,37,24IT205T,2026-07-23,4,6,2026-07-23T17:30:00,12
615,37,24IT205T,2026-07-28,1,6,2026-07-28T17:30:00,13
616,37,24IT205T,2026-07-30,2,6,2026-07-30T17:30:00,14
617,37,24IT205T,2026-08-04,3,6,2026-08-04T17:30:00,15
618,37,24IT205T,2026-08-06,4,6,2026-08-06T17:30:00,16
619,37,24IT205T,2026-08-11,1,6,2026-08-11T17:30:00,17
620,37,24IT205T,2026-08-13,2,6,2026-08-13T17:30:00,18
621,37,24IT205T,2026-08-18,3,6,2026-08-18T17:30:00,19
622,37,24IT205T,2026-08-20,4,6,2026-08-20T17:30:00,20
623,37,24IT205T,2026-08-25,1,6,2026-08-25T17:30:00,21
624,37,24IT205T,2026-08-27,2,6,2026-08-27T17:30:00,22
625,38,24MA202T,2026-06-17,1,26,2026-06-17T17:30:00,1
626,38,24MA202T,2026-06-18,2,26,2026-06-18T17:30:00,2
627,38,24MA202T,2026-06-22,3,26,2026-06-22T17:30:00,3
628,38,24MA202T,2026-06-24,4,26,2026-06-24T17:30:00,4
629,38,24MA202T,2026-06-25,1,26,2026-06-25T17:30:00,5
630,38,24MA202T,2026-06-29,2,26,2026-06-29T17:30:00,6
631,38,24MA202T,2026-07-01,3,26,2026-07-01T17:30:00,7
632,38,24MA202T,2026-07-02,4,26,2026-07-02T17:30:00,8
633,38,24MA202T,2026-07-06,1,26,2026-07-06T17:30:00,9
634,38,24MA202T,2026-07-08,2,26,2026-07-08T17:30:00,10
635,38,24MA202T,2026-07-09,3,26,2026-07-09T17:30:00,11
636,38,24MA202T,2026-07-13,4,26,2026-07-13T17:30:00,12
637,38,24MA202T,2026-07-15,1,26,2026-07-15T17:30:00,13
638,38,24MA202T,2026-07-16,2,26,2026-07-16T17:30:00,14
639,38,24MA202T,2026-07-20,3,26,2026-07-20T17:30:00,15
640,38,24MA202T,2026-07-22,4,26,2026-07-22T17:30:00,16
641,38,24MA202T,2026-07-23,1,26,2026-07-23T17:30:00,17
642,38,24MA202T,2026-07-27,2,26,2026-07-27T17:30:00,18
643,38,24MA202T,2026-07-29,3,26,2026-07-29T17:30:00,19
644,38,24MA202T,2026-07-30,4,26,2026-07-30T17:30:00,20
645,38,24MA202T,2026-08-03,1,26,2026-08-03T17:30:00,21
646,38,24MA202T,2026-08-05,2,26,2026-08-05T17:30:00,22
647,38,24MA202T,2026-08-06,3,26,2026-08-06T17:30:00,23
648,38,24MA202T,2026-08-10,4,26,2026-08-10T17:30:00,24
649,38,24MA202T,2026-08-12,1,26,2026-08-12T17:30:00,25
650,38,24MA202T,2026-08-13,2,26,2026-08-13T17:30:00,26
651,38,24MA202T,2026-08-17,3,26,2026-08-17T17:30:00,27
652,38,24MA202T,2026-08-19,4,26,2026-08-19T17:30:00,28
653,38,24MA202T,2026-08-20,1,26,2026-08-20T17:30:00,29
654,38,24MA202T,2026-08-24,2,26,2026-08-24T17:30:00,30
655,38,24MA202T,2026-08-27,3,26,2026-08-27T17:30:00,31
656,39,24HS101T,2026-06-16,1,27,2026-06-16T17:30:00,1
657,39,24HS101T,2026-06-17,2,27,2026-06-17T17:30:00,2
658,39,24HS101T,2026-06-23,3,27,2026-06-23T17:30:00,3
659,39,24HS101T,2026-06-24,4,27,2026-06-24T17:30:00,4
660,39,24HS101T,2026-06-30,1,27,2026-06-30T17:30:00,5
661,39,24HS101T,2026-07-01,2,27,2026-07-01T17:30:00,6
662,39,24HS101T,2026-07-07,3,27,2026-07-07T17:30:00,7
663,39,24HS101T,2026-07-08,4,27,2026-07-08T17:30:00,8
664,39,24HS101T,2026-07-14,1,27,2026-07-14T17:30:00,9
665,39,24HS101T,2026-07-15,2,27,2026-07-15T17:30:00,10
666,39,24HS101T,2026-07-21,3,27,2026-07-21T17:30:00,11
667,39,24HS101T,2026-07-22,4,27,2026-07-22T17:30:00,12
668,39,24HS101T,2026-07-28,1,27,2026-07-28T17:30:00,13
669,39,24HS101T,2026-07-29,2,27,2026-07-29T17:30:00,14
670,39,24HS101T,2026-08-04,3,27,2026-08-04T17:30:00,15
671,39,24HS101T,2026-08-05,4,27,2026-08-05T17:30:00,16
672,39,24HS101T,2026-08-11,1,27,2026-08-11T17:30:00,17
673,39,24HS101T,2026-08-12,2,27,2026-08-12T17:30:00,18
674,39,24HS101T,2026-08-18,3,27,2026-08-18T17:30:00,19
675,39,24HS101T,2026-08-19,4,27,2026-08-19T17:30:00,20
676,39,24HS101T,2026-08-25,1,27,2026-08-25T17:30:00,21
677,40,24MA101T,2026-06-18,1,27,2026-06-18T17:30:00,1
678,40,24MA101T,2026-06-19,2,27,2026-06-19T17:30:00,2
679,40,24MA101T,2026-06-22,3,27,2026-06-22T17:30:00,3
680,40,24MA101T,2026-06-25,4,27,2026-06-25T17:30:00,4
681,40,24MA101T,2026-06-26,1,27,2026-06-26T17:30:00,5
682,40,24MA101T,2026-06-29,2,27,2026-06-29T17:30:00,6
683,40,24MA101T,2026-07-02,3,27,2026-07-02T17:30:00,7
684,40,24MA101T,2026-07-03,4,27,2026-07-03T17:30:00,8
685,40,24MA101T,2026-07-06,1,27,2026-07-06T17:30:00,9
686,40,24MA101T,2026-07-09,2,27,2026-07-09T17:30:00,10
687,40,24MA101T,2026-07-10,3,27,2026-07-10T17:30:00,11
688,40,24MA101T,2026-07-13,4,27,2026-07-13T17:30:00,12
689,40,24MA101T,2026-07-16,1,27,2026-07-16T17:30:00,13
690,40,24MA101T,2026-07-17,2,27,2026-07-17T17:30:00,14
691,40,24MA101T,2026-07-20,3,27,2026-07-20T17:30:00,15
692,40,24MA101T,2026-07-23,4,27,2026-07-23T17:30:00,16
693,40,24MA101T,2026-07-24,1,27,2026-07-24T17:30:00,17
694,40,24MA101T,2026-07-27,2,27,2026-07-27T17:30:00,18
695,40,24MA101T,2026-07-30,3,27,2026-07-30T17:30:00,19
696,40,24MA101T,2026-07-31,4,27,2026-07-31T17:30:00,20
697,40,24MA101T,2026-08-03,1,27,2026-08-03T17:30:00,21
698,40,24MA101T,2026-08-06,2,27,2026-08-06T17:30:00,22
699,40,24MA101T,2026-08-07,3,27,2026-08-07T17:30:00,23
700,40,24MA101T,2026-08-10,4,27,2026-08-10T17:30:00,24
701,40,24MA101T,2026-08-13,1,27,2026-08-13T17:30:00,25
702,40,24MA101T,2026-08-14,2,27,2026-08-14T17:30:00,26
703,40,24MA101T,2026-08-17,3,27,2026-08-17T17:30:00,27
704,40,24MA101T,2026-08-20,4,27,2026-08-20T17:30:00,28
705,40,24MA101T,2026-08-21,1,27,2026-08-21T17:30:00,29
706,40,24MA101T,2026-08-24,2,27,2026-08-24T17:30:00,30
707,40,24MA101T,2026-08-27,3,27,2026-08-27T17:30:00,31
708,41,24PH102T,2026-06-16,1,27,2026-06-16T17:30:00,1
709,41,24PH102T,2026-06-18,2,27,2026-06-18T17:30:00,2
710,41,24PH102T,2026-06-19,3,27,2026-06-19T17:30:00,3
711,41,24PH102T,2026-06-23,4,27,2026-06-23T17:30:00,4
712,41,24PH102T,2026-06-25,1,27,2026-06-25T17:30:00,5
713,41,24PH102T,2026-06-26,2,27,2026-06-26T17:30:00,6
714,41,24PH102T,2026-06-30,3,27,2026-06-30T17:30:00,7
715,41,24PH102T,2026-07-02,4,27,2026-07-02T17:30:00,8
716,41,24PH102T,2026-07-03,1,27,2026-07-03T17:30:00,9
717,41,24PH102T,2026-07-07,2,27,2026-07-07T17:30:00,10
718,41,24PH102T,2026-07-09,3,27,2026-07-09T17:30:00,11
719,41,24PH102T,2026-07-10,4,27,2026-07-10T17:30:00,12
720,41,24PH102T,2026-07-14,1,27,2026-07-14T17:30:00,13
721,41,24PH102T,2026-07-16,2,27,2026-07-16T17:30:00,14
722,41,24PH102T,2026-07-17,3,27,2026-07-17T17:30:00,15
723,41,24PH102T,2026-07-21,4,27,2026-07-21T17:30:00,16
724,41,24PH102T,2026-07-23,1,27,2026-07-23T17:30:00,17
725,41,24PH102T,2026-07-24,2,27,2026-07-24T17:30:00,18
726,41,24PH102T,2026-07-28,3,27,2026-07-28T17:30:00,19
727,41,24PH102T,2026-07-30,4,27,2026-07-30T17:30:00,20
728,41,24PH102T,2026-07-31,1,27,2026-07-31T17:30:00,21
729,41,24PH102T,2026-08-04,2,27,2026-08-04T17:30:00,22
730,41,24PH102T,2026-08-06,3,27,2026-08-06T17:30:00,23
731,41,24PH102T,2026-08-07,4,27,2026-08-07T17:30:00,24
732,41,24PH102T,2026-08-11,1,27,2026-08-11T17:30:00,25
733,41,24PH102T,2026-08-13,2,27,2026-08-13T17:30:00,26
734,41,24PH102T,2026-08-14,3,27,2026-08-14T17:30:00,27
735,41,24PH102T,2026-08-18,4,27,2026-08-18T17:30:00,28
736,41,24PH102T,2026-08-20,1,27,2026-08-20T17:30:00,29
737,41,24PH102T,2026-08-21,2,27,2026-08-21T17:30:00,30
738,41,24PH102T,2026-08-25,3,27,2026-08-25T17:30:00,31
739,41,24PH102T,2026-08-27,4,27,2026-08-27T17:30:00,32
740,42,24PH102P,2026-06-18,,28,2026-06-18T17:30:00,1
741,42,24PH102P,2026-06-25,,28,2026-06-25T17:30:00,2
742,42,24PH102P,2026-07-02,,28,2026-07-02T17:30:00,3
743,42,24PH102P,2026-07-09,,28,2026-07-09T17:30:00,4
744,42,24PH102P,2026-07-16,,28,2026-07-16T17:30:00,5
745,42,24PH102P,2026-07-23,,28,2026-07-23T17:30:00,6
746,42,24PH102P,2026-07-30,,28,2026-07-30T17:30:00,7
747,42,24PH102P,2026-08-06,,28,2026-08-06T17:30:00,8
748,42,24PH102P,2026-08-13,,28,2026-08-13T17:30:00,9
749,42,24PH102P,2026-08-20,,28,2026-08-20T17:30:00,10
750,42,24PH102P,2026-08-27,,28,2026-08-27T17:30:00,11
751,43,24PH102P,2026-06-19,,25,2026-06-19T17:30:00,1
752,43,24PH102P,2026-06-26,,25,2026-06-26T17:30:00,2
753,43,24PH102P,2026-07-03,,25,2026-07-03T17:30:00,3
754,43,24PH102P,2026-07-10,,25,2026-07-10T17:30:00,4
755,43,24PH102P,2026-07-17,,25,2026-07-17T17:30:00,5
756,43,24PH102P,2026-07-24,,25,2026-07-24T17:30:00,6
757,43,24PH102P,2026-07-31,,25,2026-07-31T17:30:00,7
758,43,24PH102P,2026-08-07,,25,2026-08-07T17:30:00,8
759,43,24PH102P,2026-08-14,,25,2026-08-14T17:30:00,9
760,43,24PH102P,2026-08-21,,25,2026-08-21T17:30:00,10
761,44,24CV101T,2026-06-17,1,19,2026-06-17T17:30:00,1
762,44,24CV101T,2026-06-22,2,19,2026-06-22T17:30:00,2
763,44,24CV101T,2026-06-24,3,19,2026-06-24T17:30:00,3
764,44,24CV101T,2026-06-29,4,19,2026-06-29T17:30:00,4
765,44,24CV101T,2026-07-01,1,19,2026-07-01T17:30:00,5
766,44,24CV101T,2026-07-06,2,19,2026-07-06T17:30:00,6
767,44,24CV101T,2026-07-08,3,19,2026-07-08T17:30:00,7
768,44,24CV101T,2026-07-13,4,19,2026-07-13T17:30:00,8
769,44,24CV101T,2026-07-15,1,19,2026-07-15T17:30:00,9
770,44,24CV101T,2026-07-20,2,19,2026-07-20T17:30:00,10
771,44,24CV101T,2026-07-22,3,19,2026-07-22T17:30:00,11
772,44,24CV101T,2026-07-27,4,19,2026-07-27T17:30:00,12
773,44,24CV101T,2026-07-29,1,19,2026-07-29T17:30:00,13
774,44,24CV101T,2026-08-03,2,19,2026-08-03T17:30:00,14
775,44,24CV101T,2026-08-05,3,19,2026-08-05T17:30:00,15
776,44,24CV101T,2026-08-10,4,19,2026-08-10T17:30:00,16
777,44,24CV101T,2026-08-12,1,19,2026-08-12T17:30:00,17
778,44,24CV101T,2026-08-17,2,19,2026-08-17T17:30:00,18
779,44,24CV101T,2026-08-19,3,19,2026-08-19T17:30:00,19
780,44,24CV101T,2026-08-24,4,19,2026-08-24T17:30:00,20
781,45,24ME101P,2026-06-17,,16,2026-06-17T17:30:00,1
782,45,24ME101P,2026-06-24,,16,2026-06-24T17:30:00,2
783,45,24ME101P,2026-07-01,,16,2026-07-01T17:30:00,3
784,45,24ME101P,2026-07-08,,16,2026-07-08T17:30:00,4
785,45,24ME101P,2026-07-15,,16,2026-07-15T17:30:00,5
786,45,24ME101P,2026-07-22,,16,2026-07-22T17:30:00,6
787,45,24ME101P,2026-07-29,,16,2026-07-29T17:30:00,7
788,45,24ME101P,2026-08-05,,16,2026-08-05T17:30:00,8
789,45,24ME101P,2026-08-12,,16,2026-08-12T17:30:00,9
790,45,24ME101P,2026-08-19,,16,2026-08-19T17:30:00,10
791,46,24ME101P,2026-06-18,,16,2026-06-18T17:30:00,1
792,46,24ME101P,2026-06-25,,16,2026-06-25T17:30:00,2
793,46,24ME101P,2026-07-02,,16,2026-07-02T17:30:00,3
794,46,24ME101P,2026-07-09,,16,2026-07-09T17:30:00,4
795,46,24ME101P,2026-07-16,,16,2026-07-16T17:30:00,5
796,46,24ME101P,2026-07-23,,16,2026-07-23T17:30:00,6
797,46,24ME101P,2026-07-30,,16,2026-07-30T17:30:00,7
798,46,24ME101P,2026-08-06,,16,2026-08-06T17:30:00,8
799,46,24ME101P,2026-08-13,,16,2026-08-13T17:30:00,9
800,46,24ME101P,2026-08-20,,16,2026-08-20T17:30:00,10
801,46,24ME101P,2026-08-27,,16,2026-08-27T17:30:00,11
802,47,24BT102T,2026-06-16,1,26,2026-06-16T17:30:00,1
803,47,24BT102T,2026-06-18,2,26,2026-06-18T17:30:00,2
804,47,24BT102T,2026-06-23,3,26,2026-06-23T17:30:00,3
805,47,24BT102T,2026-06-25,4,26,2026-06-25T17:30:00,4
806,47,24BT102T,2026-06-30,1,26,2026-06-30T17:30:00,5
807,47,24BT102T,2026-07-02,2,26,2026-07-02T17:30:00,6
808,47,24BT102T,2026-07-07,3,26,2026-07-07T17:30:00,7
809,47,24BT102T,2026-07-09,4,26,2026-07-09T17:30:00,8
810,47,24BT102T,2026-07-14,1,26,2026-07-14T17:30:00,9
811,47,24BT102T,2026-07-16,2,26,2026-07-16T17:30:00,10
812,47,24BT102T,2026-07-21,3,26,2026-07-21T17:30:00,11
813,47,24BT102T,2026-07-23,4,26,2026-07-23T17:30:00,12
814,47,24BT102T,2026-07-28,1,26,2026-07-28T17:30:00,13
815,47,24BT102T,2026-07-30,2,26,2026-07-30T17:30:00,14
816,47,24BT102T,2026-08-04,3,26,2026-08-04T17:30:00,15
817,47,24BT102T,2026-08-06,4,26,2026-08-06T17:30:00,16
818,47,24BT102T,2026-08-11,1,26,2026-08-11T17:30:00,17
819,47,24BT102T,2026-08-13,2,26,2026-08-13T17:30:00,18
820,47,24BT102T,2026-08-18,3,26,2026-08-18T17:30:00,19
821,47,24BT102T,2026-08-20,4,26,2026-08-20T17:30:00,20
822,47,24BT102T,2026-08-25,1,26,2026-08-25T17:30:00,21
823,47,24BT102T,2026-08-27,2,26,2026-08-27T17:30:00,22
824,48,24CP101T,2026-06-22,1,2,2026-06-22T17:30:00,1
825,48,24CP101T,2026-06-29,2,2,2026-06-29T17:30:00,2
826,48,24CP101T,2026-07-06,3,2,2026-07-06T17:30:00,3
827,48,24CP101T,2026-07-13,4,2,2026-07-13T17:30:00,4
828,48,24CP101T,2026-07-20,1,2,2026-07-20T17:30:00,5
829,48,24CP101T,2026-07-27,2,2,2026-07-27T17:30:00,6
830,48,24CP101T,2026-08-03,3,2,2026-08-03T17:30:00,7
831,48,24CP101T,2026-08-10,4,2,2026-08-10T17:30:00,8
832,48,24CP101T,2026-08-17,1,2,2026-08-17T17:30:00,9
833,48,24CP101T,2026-08-24,2,2,2026-08-24T17:30:00,10
834,49,24CP101P,2026-06-17,,3,2026-06-17T17:30:00,1
835,49,24CP101P,2026-06-24,,3,2026-06-24T17:30:00,2
836,49,24CP101P,2026-07-01,,3,2026-07-01T17:30:00,3
837,49,24CP101P,2026-07-08,,3,2026-07-08T17:30:00,4
838,49,24CP101P,2026-07-15,,3,2026-07-15T17:30:00,5
839,49,24CP101P,2026-07-22,,3,2026-07-22T17:30:00,6
840,49,24CP101P,2026-07-29,,3,2026-07-29T17:30:00,7
841,49,24CP101P,2026-08-05,,3,2026-08-05T17:30:00,8
842,49,24CP101P,2026-08-12,,3,2026-08-12T17:30:00,9
843,49,24CP101P,2026-08-19,,3,2026-08-19T17:30:00,10
844,50,24CP101P,2026-06-18,,1,2026-06-18T17:30:00,1
845,50,24CP101P,2026-06-25,,1,2026-06-25T17:30:00,2
846,50,24CP101P,2026-07-02,,1,2026-07-02T17:30:00,3
847,50,24CP101P,2026-07-09,,1,2026-07-09T17:30:00,4
848,50,24CP101P,2026-07-16,,1,2026-07-16T17:30:00,5
849,50,24CP101P,2026-07-23,,1,2026-07-23T17:30:00,6
850,50,24CP101P,2026-07-30,,1,2026-07-30T17:30:00,7
851,50,24CP101P,2026-08-06,,1,2026-08-06T17:30:00,8
852,50,24CP101P,2026-08-13,,1,2026-08-13T17:30:00,9
853,50,24CP101P,2026-08-20,,1,2026-08-20T17:30:00,10
854,50,24CP101P,2026-08-27,,1,2026-08-27T17:30:00,11
855,51,24HS102T,2026-06-16,1,25,2026-06-16T17:30:00,1
856,51,24HS102T,2026-06-23,2,25,2026-06-23T17:30:00,2
857,51,24HS102T,2026-06-30,3,25,2026-06-30T17:30:00,3
858,51,24HS102T,2026-07-07,4,25,2026-07-07T17:30:00,4
859,51,24HS102T,2026-07-14,1,25,2026-07-14T17:30:00,5
860,51,24HS102T,2026-07-21,2,25,2026-07-21T17:30:00,6
861,51,24HS102T,2026-07-28,3,25,2026-07-28T17:30:00,7
862,51,24HS102T,2026-08-04,4,25,2026-08-04T17:30:00,8
863,51,24HS102T,2026-08-11,1,25,2026-08-11T17:30:00,9
864,51,24HS102T,2026-08-18,2,25,2026-08-18T17:30:00,10
865,51,24HS102T,2026-08-25,3,25,2026-08-25T17:30:00,11
866,52,24HS103T,2026-06-18,1,25,2026-06-18T17:30:00,1
867,52,24HS103T,2026-06-22,2,25,2026-06-22T17:30:00,2
868,52,24HS103T,2026-06-25,3,25,2026-06-25T17:30:00,3
869,52,24HS103T,2026-06-29,4,25,2026-06-29T17:30:00,4
870,52,24HS103T,2026-07-02,1,25,2026-07-02T17:30:00,5
871,52,24HS103T,2026-07-06,2,25,2026-07-06T17:30:00,6
872,52,24HS103T,2026-07-09,3,25,2026-07-09T17:30:00,7
873,52,24HS103T,2026-07-13,4,25,2026-07-13T17:30:00,8
874,52,24HS103T,2026-07-16,1,25,2026-07-16T17:30:00,9
875,52,24HS103T,2026-07-20,2,25,2026-07-20T17:30:00,10
876,52,24HS103T,2026-07-23,3,25,2026-07-23T17:30:00,11
877,52,24HS103T,2026-07-27,4,25,2026-07-27T17:30:00,12
878,52,24HS103T,2026-07-30,1,25,2026-07-30T17:30:00,13
879,52,24HS103T,2026-08-03,2,25,2026-08-03T17:30:00,14
880,52,24HS103T,2026-08-06,3,25,2026-08-06T17:30:00,15
881,52,24HS103T,2026-08-10,4,25,2026-08-10T17:30:00,16
882,52,24HS103T,2026-08-13,1,25,2026-08-13T17:30:00,17
883,52,24HS103T,2026-08-17,2,25,2026-08-17T17:30:00,18
884,52,24HS103T,2026-08-20,3,25,2026-08-20T17:30:00,19
885,52,24HS103T,2026-08-24,4,25,2026-08-24T17:30:00,20
886,52,24HS103T,2026-08-27,1,25,2026-08-27T17:30:00,21
887,54,24EC201T,2026-06-17,1,12,2026-06-17T17:30:00,1
888,54,24EC201T,2026-06-19,2,12,2026-06-19T17:30:00,2
889,54,24EC201T,2026-06-22,3,12,2026-06-22T17:30:00,3
890,54,24EC201T,2026-06-24,4,12,2026-06-24T17:30:00,4
891,54,24EC201T,2026-06-26,1,12,2026-06-26T17:30:00,5
892,54,24EC201T,2026-06-29,2,12,2026-06-29T17:30:00,6
893,54,24EC201T,2026-07-01,3,12,2026-07-01T17:30:00,7
894,54,24EC201T,2026-07-03,4,12,2026-07-03T17:30:00,8
895,54,24EC201T,2026-07-06,1,12,2026-07-06T17:30:00,9
896,54,24EC201T,2026-07-08,2,12,2026-07-08T17:30:00,10
897,54,24EC201T,2026-07-10,3,12,2026-07-10T17:30:00,11
898,54,24EC201T,2026-07-13,4,12,2026-07-13T17:30:00,12
899,54,24EC201T,2026-07-15,1,12,2026-07-15T17:30:00,13
900,54,24EC201T,2026-07-17,2,12,2026-07-17T17:30:00,14
901,54,24EC201T,2026-07-20,3,12,2026-07-20T17:30:00,15
902,54,24EC201T,2026-07-22,4,12,2026-07-22T17:30:00,16
903,54,24EC201T,2026-07-24,1,12,2026-07-24T17:30:00,17
904,54,24EC201T,2026-07-27,2,12,2026-07-27T17:30:00,18
905,54,24EC201T,2026-07-29,3,12,2026-07-29T17:30:00,19
906,54,24EC201T,2026-07-31,4,12,2026-07-31T17:30:00,20
907,54,24EC201T,2026-08-03,1,12,2026-08-03T17:30:00,21
908,54,24EC201T,2026-08-05,2,12,2026-08-05T17:30:00,22
909,54,24EC201T,2026-08-07,3,12,2026-08-07T17:30:00,23
910,54,24EC201T,2026-08-10,4,12,2026-08-10T17:30:00,24
911,54,24EC201T,2026-08-12,1,12,2026-08-12T17:30:00,25
912,54,24EC201T,2026-08-14,2,12,2026-08-14T17:30:00,26
913,54,24EC201T,2026-08-17,3,12,2026-08-17T17:30:00,27
914,54,24EC201T,2026-08-19,4,12,2026-08-19T17:30:00,28
915,54,24EC201T,2026-08-21,1,12,2026-08-21T17:30:00,29
916,54,24EC201T,2026-08-24,2,12,2026-08-24T17:30:00,30
917,55,24EC202T,2026-06-16,1,12,2026-06-16T17:30:00,1
918,55,24EC202T,2026-06-18,2,12,2026-06-18T17:30:00,2
919,55,24EC202T,2026-06-20,3,12,2026-06-20T17:30:00,3
920,55,24EC202T,2026-06-23,4,12,2026-06-23T17:30:00,4
921,55,24EC202T,2026-06-25,1,12,2026-06-25T17:30:00,5
922,55,24EC202T,2026-06-27,2,12,2026-06-27T17:30:00,6
923,55,24EC202T,2026-06-30,3,12,2026-06-30T17:30:00,7
924,55,24EC202T,2026-07-02,4,12,2026-07-02T17:30:00,8
925,55,24EC202T,2026-07-04,1,12,2026-07-04T17:30:00,9
926,55,24EC202T,2026-07-07,2,12,2026-07-07T17:30:00,10
927,55,24EC202T,2026-07-09,3,12,2026-07-09T17:30:00,11
928,55,24EC202T,2026-07-11,4,12,2026-07-11T17:30:00,12
929,55,24EC202T,2026-07-14,1,12,2026-07-14T17:30:00,13
930,55,24EC202T,2026-07-16,2,12,2026-07-16T17:30:00,14
931,55,24EC202T,2026-07-18,3,12,2026-07-18T17:30:00,15
932,55,24EC202T,2026-07-21,4,12,2026-07-21T17:30:00,16
933,55,24EC202T,2026-07-23,1,12,2026-07-23T17:30:00,17
934,55,24EC202T,2026-07-25,2,12,2026-07-25T17:30:00,18
935,55,24EC202T,2026-07-28,3,12,2026-07-28T17:30:00,19
936,55,24EC202T,2026-07-30,4,12,2026-07-30T17:30:00,20
937,55,24EC202T,2026-08-01,1,12,2026-08-01T17:30:00,21
938,55,24EC202T,2026-08-04,2,12,2026-08-04T17:30:00,22
939,55,24EC202T,2026-08-06,3,12,2026-08-06T17:30:00,23
940,55,24EC202T,2026-08-08,4,12,2026-08-08T17:30:00,24
941,55,24EC202T,2026-08-11,1,12,2026-08-11T17:30:00,25
942,55,24EC202T,2026-08-13,2,12,2026-08-13T17:30:00,26
943,55,24EC202T,2026-08-18,3,12,2026-08-18T17:30:00,27
944,55,24EC202T,2026-08-20,4,12,2026-08-20T17:30:00,28
945,55,24EC202T,2026-08-22,1,12,2026-08-22T17:30:00,29
946,55,24EC202T,2026-08-25,2,12,2026-08-25T17:30:00,30
947,55,24EC202T,2026-08-27,3,12,2026-08-27T17:30:00,31
948,56,24EC202P,2026-06-16,,12,2026-06-16T17:30:00,1
949,56,24EC202P,2026-06-23,,12,2026-06-23T17:30:00,2
950,56,24EC202P,2026-06-30,,12,2026-06-30T17:30:00,3
951,56,24EC202P,2026-07-07,,12,2026-07-07T17:30:00,4
952,56,24EC202P,2026-07-14,,12,2026-07-14T17:30:00,5
953,56,24EC202P,2026-07-21,,12,2026-07-21T17:30:00,6
954,56,24EC202P,2026-07-28,,12,2026-07-28T17:30:00,7
955,56,24EC202P,2026-08-04,,12,2026-08-04T17:30:00,8
956,56,24EC202P,2026-08-11,,12,2026-08-11T17:30:00,9
957,56,24EC202P,2026-08-18,,12,2026-08-18T17:30:00,10
958,56,24EC202P,2026-08-25,,12,2026-08-25T17:30:00,11
959,57,24EC202P,2026-06-17,,9,2026-06-17T17:30:00,1
960,57,24EC202P,2026-06-24,,9,2026-06-24T17:30:00,2
961,57,24EC202P,2026-07-01,,9,2026-07-01T17:30:00,3
962,57,24EC202P,2026-07-08,,9,2026-07-08T17:30:00,4
963,57,24EC202P,2026-07-15,,9,2026-07-15T17:30:00,5
964,57,24EC202P,2026-07-22,,9,2026-07-22T17:30:00,6
965,57,24EC202P,2026-07-29,,9,2026-07-29T17:30:00,7
966,57,24EC202P,2026-08-05,,9,2026-08-05T17:30:00,8
967,57,24EC202P,2026-08-12,,9,2026-08-12T17:30:00,9
968,57,24EC202P,2026-08-19,,9,2026-08-19T17:30:00,10
969,58,24EC203T,2026-06-18,1,9,2026-06-18T17:30:00,1
970,58,24EC203T,2026-06-19,2,9,2026-06-19T17:30:00,2
971,58,24EC203T,2026-06-22,3,9,2026-06-22T17:30:00,3
972,58,24EC203T,2026-06-25,4,9,2026-06-25T17:30:00,4
973,58,24EC203T,2026-06-26,1,9,2026-06-26T17:30:00,5
974,58,24EC203T,2026-06-29,2,9,2026-06-29T17:30:00,6
975,58,24EC203T,2026-07-02,3,9,2026-07-02T17:30:00,7
976,58,24EC203T,2026-07-03,4,9,2026-07-03T17:30:00,8
977,58,24EC203T,2026-07-06,1,9,2026-07-06T17:30:00,9
978,58,24EC203T,2026-07-09,2,9,2026-07-09T17:30:00,10
979,58,24EC203T,2026-07-10,3,9,2026-07-10T17:30:00,11
980,58,24EC203T,2026-07-13,4,9,2026-07-13T17:30:00,12
981,58,24EC203T,2026-07-16,1,9,2026-07-16T17:30:00,13
982,58,24EC203T,2026-07-17,2,9,2026-07-17T17:30:00,14
983,58,24EC203T,2026-07-20,3,9,2026-07-20T17:30:00,15
984,58,24EC203T,2026-07-23,4,9,2026-07-23T17:30:00,16
985,58,24EC203T,2026-07-24,1,9,2026-07-24T17:30:00,17
986,58,24EC203T,2026-07-27,2,9,2026-07-27T17:30:00,18
987,58,24EC203T,2026-07-30,3,9,2026-07-30T17:30:00,19
988,58,24EC203T,2026-07-31,4,9,2026-07-31T17:30:00,20
989,58,24EC203T,2026-08-03,1,9,2026-08-03T17:30:00,21
990,58,24EC203T,2026-08-06,2,9,2026-08-06T17:30:00,22
991,58,24EC203T,2026-08-07,3,9,2026-08-07T17:30:00,23
992,58,24EC203T,2026-08-10,4,9,2026-08-10T17:30:00,24
993,58,24EC203T,2026-08-13,1,9,2026-08-13T17:30:00,25
994,58,24EC203T,2026-08-14,2,9,2026-08-14T17:30:00,26
995,58,24EC203T,2026-08-17,3,9,2026-08-17T17:30:00,27
996,58,24EC203T,2026-08-20,4,9,2026-08-20T17:30:00,28
997,58,24EC203T,2026-08-21,1,9,2026-08-21T17:30:00,29
998,58,24EC203T,2026-08-24,2,9,2026-08-24T17:30:00,30
999,58,24EC203T,2026-08-27,3,9,2026-08-27T17:30:00,31
1000,59,24EC203P,2026-06-19,,10,2026-06-19T17:30:00,1
1001,59,24EC203P,2026-06-26,,10,2026-06-26T17:30:00,2
1002,59,24EC203P,2026-07-03,,10,2026-07-03T17:30:00,3
1003,59,24EC203P,2026-07-10,,10,2026-07-10T17:30:00,4
1004,59,24EC203P,2026-07-17,,10,2026-07-17T17:30:00,5
1005,59,24EC203P,2026-07-24,,10,2026-07-24T17:30:00,6
1006,59,24EC203P,2026-07-31,,10,2026-07-31T17:30:00,7
1007,59,24EC203P,2026-08-07,,10,2026-08-07T17:30:00,8
1008,59,24EC203P,2026-08-14,,10,2026-08-14T17:30:00,9
1009,59,24EC203P,2026-08-21,,10,2026-08-21T17:30:00,10
1010,60,24EC203P,2026-06-16,,9,2026-06-16T17:30:00,1
1011,60,24EC203P,2026-06-23,,9,2026-06-23T17:30:00,2
1012,60,24EC203P,2026-06-30,,9,2026-06-30T17:30:00,3
1013,60,24EC203P,2026-07-07,,9,2026-07-07T17:30:00,4
1014,60,24EC203P,2026-07-14,,9,2026-07-14T17:30:00,5
1015,60,24EC203P,2026-07-21,,9,2026-07-21T17:30:00,6
1016,60,24EC203P,2026-07-28,,9,2026-07-28T17:30:00,7
1017,60,24EC203P,2026-08-04,,9,2026-08-04T17:30:00,8
1018,60,24EC203P,2026-08-11,,9,2026-08-11T17:30:00,9
1019,60,24EC203P,2026-08-18,,9,2026-08-18T17:30:00,10
1020,60,24EC203P,2026-08-25,,9,2026-08-25T17:30:00,11
1021,61,24EC204T,2026-06-16,1,12,2026-06-16T17:30:00,1
1022,61,24EC204T,2026-06-18,2,12,2026-06-18T17:30:00,2
1023,61,24EC204T,2026-06-20,3,12,2026-06-20T17:30:00,3
1024,61,24EC204T,2026-06-23,4,12,2026-06-23T17:30:00,4
1025,61,24EC204T,2026-06-25,1,12,2026-06-25T17:30:00,5
1026,61,24EC204T,2026-06-27,2,12,2026-06-27T17:30:00,6
1027,61,24EC204T,2026-06-30,3,12,2026-06-30T17:30:00,7
1028,61,24EC204T,2026-07-02,4,12,2026-07-02T17:30:00,8
1029,61,24EC204T,2026-07-04,1,12,2026-07-04T17:30:00,9
1030,61,24EC204T,2026-07-07,2,12,2026-07-07T17:30:00,10
1031,61,24EC204T,2026-07-09,3,12,2026-07-09T17:30:00,11
1032,61,24EC204T,2026-07-11,4,12,2026-07-11T17:30:00,12
1033,61,24EC204T,2026-07-14,1,12,2026-07-14T17:30:00,13
1034,61,24EC204T,2026-07-16,2,12,2026-07-16T17:30:00,14
1035,61,24EC204T,2026-07-18,3,12,2026-07-18T17:30:00,15
1036,61,24EC204T,2026-07-21,4,12,2026-07-21T17:30:00,16
1037,61,24EC204T,2026-07-23,1,12,2026-07-23T17:30:00,17
1038,61,24EC204T,2026-07-25,2,12,2026-07-25T17:30:00,18
1039,61,24EC204T,2026-07-28,3,12,2026-07-28T17:30:00,19
1040,61,24EC204T,2026-07-30,4,12,2026-07-30T17:30:00,20
1041,61,24EC204T,2026-08-01,1,12,2026-08-01T17:30:00,21
1042,61,24EC204T,2026-08-04,2,12,2026-08-04T17:30:00,22
1043,61,24EC204T,2026-08-06,3,12,2026-08-06T17:30:00,23
1044,61,24EC204T,2026-08-08,4,12,2026-08-08T17:30:00,24
1045,61,24EC204T,2026-08-11,1,12,2026-08-11T17:30:00,25
1046,61,24EC204T,2026-08-13,2,12,2026-08-13T17:30:00,26
1047,61,24EC204T,2026-08-18,3,12,2026-08-18T17:30:00,27
1048,61,24EC204T,2026-08-20,4,12,2026-08-20T17:30:00,28
1049,61,24EC204T,2026-08-22,1,12,2026-08-22T17:30:00,29
1050,61,24EC204T,2026-08-25,2,12,2026-08-25T17:30:00,30
1051,61,24EC204T,2026-08-27,3,12,2026-08-27T17:30:00,31
1052,62,24MA201T,2026-06-17,1,28,2026-06-17T17:30:00,1
1053,62,24MA201T,2026-06-18,2,28,2026-06-18T17:30:00,2
1054,62,24MA201T,2026-06-22,3,28,2026-06-22T17:30:00,3
1055,62,24MA201T,2026-06-24,4,28,2026-06-24T17:30:00,4
1056,62,24MA201T,2026-06-25,1,28,2026-06-25T17:30:00,5
1057,62,24MA201T,2026-06-29,2,28,2026-06-29T17:30:00,6
1058,62,24MA201T,2026-07-01,3,28,2026-07-01T17:30:00,7
1059,62,24MA201T,2026-07-02,4,28,2026-07-02T17:30:00,8
1060,62,24MA201T,2026-07-06,1,28,2026-07-06T17:30:00,9
1061,62,24MA201T,2026-07-08,2,28,2026-07-08T17:30:00,10
1062,62,24MA201T,2026-07-09,3,28,2026-07-09T17:30:00,11
1063,62,24MA201T,2026-07-13,4,28,2026-07-13T17:30:00,12
1064,62,24MA201T,2026-07-15,1,28,2026-07-15T17:30:00,13
1065,62,24MA201T,2026-07-16,2,28,2026-07-16T17:30:00,14
1066,62,24MA201T,2026-07-20,3,28,2026-07-20T17:30:00,15
1067,62,24MA201T,2026-07-22,4,28,2026-07-22T17:30:00,16
1068,62,24MA201T,2026-07-23,1,28,2026-07-23T17:30:00,17
1069,62,24MA201T,2026-07-27,2,28,2026-07-27T17:30:00,18
1070,62,24MA201T,2026-07-29,3,28,2026-07-29T17:30:00,19
1071,62,24MA201T,2026-07-30,4,28,2026-07-30T17:30:00,20
1072,62,24MA201T,2026-08-03,1,28,2026-08-03T17:30:00,21
1073,62,24MA201T,2026-08-05,2,28,2026-08-05T17:30:00,22
1074,62,24MA201T,2026-08-06,3,28,2026-08-06T17:30:00,23
1075,62,24MA201T,2026-08-10,4,28,2026-08-10T17:30:00,24
1076,62,24MA201T,2026-08-12,1,28,2026-08-12T17:30:00,25
1077,62,24MA201T,2026-08-13,2,28,2026-08-13T17:30:00,26
1078,62,24MA201T,2026-08-17,3,28,2026-08-17T17:30:00,27
1079,62,24MA201T,2026-08-19,4,28,2026-08-19T17:30:00,28
1080,62,24MA201T,2026-08-20,1,28,2026-08-20T17:30:00,29
1081,62,24MA201T,2026-08-24,2,28,2026-08-24T17:30:00,30
1082,62,24MA201T,2026-08-27,3,28,2026-08-27T17:30:00,31
1083,63,24HS101T,2026-06-16,1,27,2026-06-16T17:30:00,1
1084,63,24HS101T,2026-06-17,2,27,2026-06-17T17:30:00,2
1085,63,24HS101T,2026-06-23,3,27,2026-06-23T17:30:00,3
1086,63,24HS101T,2026-06-24,4,27,2026-06-24T17:30:00,4
1087,63,24HS101T,2026-06-30,1,27,2026-06-30T17:30:00,5
1088,63,24HS101T,2026-07-01,2,27,2026-07-01T17:30:00,6
1089,63,24HS101T,2026-07-07,3,27,2026-07-07T17:30:00,7
1090,63,24HS101T,2026-07-08,4,27,2026-07-08T17:30:00,8
1091,63,24HS101T,2026-07-14,1,27,2026-07-14T17:30:00,9
1092,63,24HS101T,2026-07-15,2,27,2026-07-15T17:30:00,10
1093,63,24HS101T,2026-07-21,3,27,2026-07-21T17:30:00,11
1094,63,24HS101T,2026-07-22,4,27,2026-07-22T17:30:00,12
1095,63,24HS101T,2026-07-28,1,27,2026-07-28T17:30:00,13
1096,63,24HS101T,2026-07-29,2,27,2026-07-29T17:30:00,14
1097,63,24HS101T,2026-08-04,3,27,2026-08-04T17:30:00,15
1098,63,24HS101T,2026-08-05,4,27,2026-08-05T17:30:00,16
1099,63,24HS101T,2026-08-11,1,27,2026-08-11T17:30:00,17
1100,63,24HS101T,2026-08-12,2,27,2026-08-12T17:30:00,18
1101,63,24HS101T,2026-08-18,3,27,2026-08-18T17:30:00,19
1102,63,24HS101T,2026-08-19,4,27,2026-08-19T17:30:00,20
1103,63,24HS101T,2026-08-25,1,27,2026-08-25T17:30:00,21
1104,64,24MA101T,2026-06-18,1,25,2026-06-18T17:30:00,1
1105,64,24MA101T,2026-06-19,2,25,2026-06-19T17:30:00,2
1106,64,24MA101T,2026-06-22,3,25,2026-06-22T17:30:00,3
1107,64,24MA101T,2026-06-25,4,25,2026-06-25T17:30:00,4
1108,64,24MA101T,2026-06-26,1,25,2026-06-26T17:30:00,5
1109,64,24MA101T,2026-06-29,2,25,2026-06-29T17:30:00,6
1110,64,24MA101T,2026-07-02,3,25,2026-07-02T17:30:00,7
1111,64,24MA101T,2026-07-03,4,25,2026-07-03T17:30:00,8
1112,64,24MA101T,2026-07-06,1,25,2026-07-06T17:30:00,9
1113,64,24MA101T,2026-07-09,2,25,2026-07-09T17:30:00,10
1114,64,24MA101T,2026-07-10,3,25,2026-07-10T17:30:00,11
1115,64,24MA101T,2026-07-13,4,25,2026-07-13T17:30:00,12
1116,64,24MA101T,2026-07-16,1,25,2026-07-16T17:30:00,13
1117,64,24MA101T,2026-07-17,2,25,2026-07-17T17:30:00,14
1118,64,24MA101T,2026-07-20,3,25,2026-07-20T17:30:00,15
1119,64,24MA101T,2026-07-23,4,25,2026-07-23T17:30:00,16
1120,64,24MA101T,2026-07-24,1,25,2026-07-24T17:30:00,17
1121,64,24MA101T,2026-07-27,2,25,2026-07-27T17:30:00,18
1122,64,24MA101T,2026-07-30,3,25,2026-07-30T17:30:00,19
1123,64,24MA101T,2026-07-31,4,25,2026-07-31T17:30:00,20
1124,64,24MA101T,2026-08-03,1,25,2026-08-03T17:30:00,21
1125,64,24MA101T,2026-08-06,2,25,2026-08-06T17:30:00,22
1126,64,24MA101T,2026-08-07,3,25,2026-08-07T17:30:00,23
1127,64,24MA101T,2026-08-10,4,25,2026-08-10T17:30:00,24
1128,64,24MA101T,2026-08-13,1,25,2026-08-13T17:30:00,25
1129,64,24MA101T,2026-08-14,2,25,2026-08-14T17:30:00,26
1130,64,24MA101T,2026-08-17,3,25,2026-08-17T17:30:00,27
1131,64,24MA101T,2026-08-20,4,25,2026-08-20T17:30:00,28
1132,64,24MA101T,2026-08-21,1,25,2026-08-21T17:30:00,29
1133,64,24MA101T,2026-08-24,2,25,2026-08-24T17:30:00,30
1134,64,24MA101T,2026-08-27,3,25,2026-08-27T17:30:00,31
1135,65,24PH101T,2026-06-16,1,25,2026-06-16T17:30:00,1
1136,65,24PH101T,2026-06-18,2,25,2026-06-18T17:30:00,2
1137,65,24PH101T,2026-06-19,3,25,2026-06-19T17:30:00,3
1138,65,24PH101T,2026-06-23,4,25,2026-06-23T17:30:00,4
1139,65,24PH101T,2026-06-25,1,25,2026-06-25T17:30:00,5
1140,65,24PH101T,2026-06-26,2,25,2026-06-26T17:30:00,6
1141,65,24PH101T,2026-06-30,3,25,2026-06-30T17:30:00,7
1142,65,24PH101T,2026-07-02,4,25,2026-07-02T17:30:00,8
1143,65,24PH101T,2026-07-03,1,25,2026-07-03T17:30:00,9
1144,65,24PH101T,2026-07-07,2,25,2026-07-07T17:30:00,10
1145,65,24PH101T,2026-07-09,3,25,2026-07-09T17:30:00,11
1146,65,24PH101T,2026-07-10,4,25,2026-07-10T17:30:00,12
1147,65,24PH101T,2026-07-14,1,25,2026-07-14T17:30:00,13
1148,65,24PH101T,2026-07-16,2,25,2026-07-16T17:30:00,14
1149,65,24PH101T,2026-07-17,3,25,2026-07-17T17:30:00,15
1150,65,24PH101T,2026-07-21,4,25,2026-07-21T17:30:00,16
1151,65,24PH101T,2026-07-23,1,25,2026-07-23T17:30:00,17
1152,65,24PH101T,2026-07-24,2,25,2026-07-24T17:30:00,18
1153,65,24PH101T,2026-07-28,3,25,2026-07-28T17:30:00,19
1154,65,24PH101T,2026-07-30,4,25,2026-07-30T17:30:00,20
1155,65,24PH101T,2026-07-31,1,25,2026-07-31T17:30:00,21
1156,65,24PH101T,2026-08-04,2,25,2026-08-04T17:30:00,22
1157,65,24PH101T,2026-08-06,3,25,2026-08-06T17:30:00,23
1158,65,24PH101T,2026-08-07,4,25,2026-08-07T17:30:00,24
1159,65,24PH101T,2026-08-11,1,25,2026-08-11T17:30:00,25
1160,65,24PH101T,2026-08-13,2,25,2026-08-13T17:30:00,26
1161,65,24PH101T,2026-08-14,3,25,2026-08-14T17:30:00,27
1162,65,24PH101T,2026-08-18,4,25,2026-08-18T17:30:00,28
1163,65,24PH101T,2026-08-20,1,25,2026-08-20T17:30:00,29
1164,65,24PH101T,2026-08-21,2,25,2026-08-21T17:30:00,30
1165,65,24PH101T,2026-08-25,3,25,2026-08-25T17:30:00,31
1166,65,24PH101T,2026-08-27,4,25,2026-08-27T17:30:00,32
1167,66,24PH101P,2026-06-18,,26,2026-06-18T17:30:00,1
1168,66,24PH101P,2026-06-25,,26,2026-06-25T17:30:00,2
1169,66,24PH101P,2026-07-02,,26,2026-07-02T17:30:00,3
1170,66,24PH101P,2026-07-09,,26,2026-07-09T17:30:00,4
1171,66,24PH101P,2026-07-16,,26,2026-07-16T17:30:00,5
1172,66,24PH101P,2026-07-23,,26,2026-07-23T17:30:00,6
1173,66,24PH101P,2026-07-30,,26,2026-07-30T17:30:00,7
1174,66,24PH101P,2026-08-06,,26,2026-08-06T17:30:00,8
1175,66,24PH101P,2026-08-13,,26,2026-08-13T17:30:00,9
1176,66,24PH101P,2026-08-20,,26,2026-08-20T17:30:00,10
1177,66,24PH101P,2026-08-27,,26,2026-08-27T17:30:00,11
1178,67,24PH101P,2026-06-19,,26,2026-06-19T17:30:00,1
1179,67,24PH101P,2026-06-26,,26,2026-06-26T17:30:00,2
1180,67,24PH101P,2026-07-03,,26,2026-07-03T17:30:00,3
1181,67,24PH101P,2026-07-10,,26,2026-07-10T17:30:00,4
1182,67,24PH101P,2026-07-17,,26,2026-07-17T17:30:00,5
1183,67,24PH101P,2026-07-24,,26,2026-07-24T17:30:00,6
1184,67,24PH101P,2026-07-31,,26,2026-07-31T17:30:00,7
1185,67,24PH101P,2026-08-07,,26,2026-08-07T17:30:00,8
1186,67,24PH101P,2026-08-14,,26,2026-08-14T17:30:00,9
1187,67,24PH101P,2026-08-21,,26,2026-08-21T17:30:00,10
1188,68,24CV101T,2026-06-17,1,20,2026-06-17T17:30:00,1
1189,68,24CV101T,2026-06-22,2,20,2026-06-22T17:30:00,2
1190,68,24CV101T,2026-06-24,3,20,2026-06-24T17:30:00,3
1191,68,24CV101T,2026-06-29,4,20,2026-06-29T17:30:00,4
1192,68,24CV101T,2026-07-01,1,20,2026-07-01T17:30:00,5
1193,68,24CV101T,2026-07-06,2,20,2026-07-06T17:30:00,6
1194,68,24CV101T,2026-07-08,3,20,2026-07-08T17:30:00,7
1195,68,24CV101T,2026-07-13,4,20,2026-07-13T17:30:00,8
1196,68,24CV101T,2026-07-15,1,20,2026-07-15T17:30:00,9
1197,68,24CV101T,2026-07-20,2,20,2026-07-20T17:30:00,10
1198,68,24CV101T,2026-07-22,3,20,2026-07-22T17:30:00,11
1199,68,24CV101T,2026-07-27,4,20,2026-07-27T17:30:00,12
1200,68,24CV101T,2026-07-29,1,20,2026-07-29T17:30:00,13
1201,68,24CV101T,2026-08-03,2,20,2026-08-03T17:30:00,14
1202,68,24CV101T,2026-08-05,3,20,2026-08-05T17:30:00,15
1203,68,24CV101T,2026-08-10,4,20,2026-08-10T17:30:00,16
1204,68,24CV101T,2026-08-12,1,20,2026-08-12T17:30:00,17
1205,68,24CV101T,2026-08-17,2,20,2026-08-17T17:30:00,18
1206,68,24CV101T,2026-08-19,3,20,2026-08-19T17:30:00,19
1207,68,24CV101T,2026-08-24,4,20,2026-08-24T17:30:00,20
1208,69,24ME101P,2026-06-17,,15,2026-06-17T17:30:00,1
1209,69,24ME101P,2026-06-24,,15,2026-06-24T17:30:00,2
1210,69,24ME101P,2026-07-01,,15,2026-07-01T17:30:00,3
1211,69,24ME101P,2026-07-08,,15,2026-07-08T17:30:00,4
1212,69,24ME101P,2026-07-15,,15,2026-07-15T17:30:00,5
1213,69,24ME101P,2026-07-22,,15,2026-07-22T17:30:00,6
1214,69,24ME101P,2026-07-29,,15,2026-07-29T17:30:00,7
1215,69,24ME101P,2026-08-05,,15,2026-08-05T17:30:00,8
1216,69,24ME101P,2026-08-12,,15,2026-08-12T17:30:00,9
1217,69,24ME101P,2026-08-19,,15,2026-08-19T17:30:00,10
1218,70,24ME101P,2026-06-18,,13,2026-06-18T17:30:00,1
1219,70,24ME101P,2026-06-25,,13,2026-06-25T17:30:00,2
1220,70,24ME101P,2026-07-02,,13,2026-07-02T17:30:00,3
1221,70,24ME101P,2026-07-09,,13,2026-07-09T17:30:00,4
1222,70,24ME101P,2026-07-16,,13,2026-07-16T17:30:00,5
1223,70,24ME101P,2026-07-23,,13,2026-07-23T17:30:00,6
1224,70,24ME101P,2026-07-30,,13,2026-07-30T17:30:00,7
1225,70,24ME101P,2026-08-06,,13,2026-08-06T17:30:00,8
1226,70,24ME101P,2026-08-13,,13,2026-08-13T17:30:00,9
1227,70,24ME101P,2026-08-20,,13,2026-08-20T17:30:00,10
1228,70,24ME101P,2026-08-27,,13,2026-08-27T17:30:00,11
1229,71,24BT102T,2026-06-16,1,25,2026-06-16T17:30:00,1
1230,71,24BT102T,2026-06-18,2,25,2026-06-18T17:30:00,2
1231,71,24BT102T,2026-06-23,3,25,2026-06-23T17:30:00,3
1232,71,24BT102T,2026-06-25,4,25,2026-06-25T17:30:00,4
1233,71,24BT102T,2026-06-30,1,25,2026-06-30T17:30:00,5
1234,71,24BT102T,2026-07-02,2,25,2026-07-02T17:30:00,6
1235,71,24BT102T,2026-07-07,3,25,2026-07-07T17:30:00,7
1236,71,24BT102T,2026-07-09,4,25,2026-07-09T17:30:00,8
1237,71,24BT102T,2026-07-14,1,25,2026-07-14T17:30:00,9
1238,71,24BT102T,2026-07-16,2,25,2026-07-16T17:30:00,10
1239,71,24BT102T,2026-07-21,3,25,2026-07-21T17:30:00,11
1240,71,24BT102T,2026-07-23,4,25,2026-07-23T17:30:00,12
1241,71,24BT102T,2026-07-28,1,25,2026-07-28T17:30:00,13
1242,71,24BT102T,2026-07-30,2,25,2026-07-30T17:30:00,14
1243,71,24BT102T,2026-08-04,3,25,2026-08-04T17:30:00,15
1244,71,24BT102T,2026-08-06,4,25,2026-08-06T17:30:00,16
1245,71,24BT102T,2026-08-11,1,25,2026-08-11T17:30:00,17
1246,71,24BT102T,2026-08-13,2,25,2026-08-13T17:30:00,18
1247,71,24BT102T,2026-08-18,3,25,2026-08-18T17:30:00,19
1248,71,24BT102T,2026-08-20,4,25,2026-08-20T17:30:00,20
1249,71,24BT102T,2026-08-25,1,25,2026-08-25T17:30:00,21
1250,71,24BT102T,2026-08-27,2,25,2026-08-27T17:30:00,22
1251,72,24CP101T,2026-06-22,1,3,2026-06-22T17:30:00,1
1252,72,24CP101T,2026-06-29,2,3,2026-06-29T17:30:00,2
1253,72,24CP101T,2026-07-06,3,3,2026-07-06T17:30:00,3
1254,72,24CP101T,2026-07-13,4,3,2026-07-13T17:30:00,4
1255,72,24CP101T,2026-07-20,1,3,2026-07-20T17:30:00,5
1256,72,24CP101T,2026-07-27,2,3,2026-07-27T17:30:00,6
1257,72,24CP101T,2026-08-03,3,3,2026-08-03T17:30:00,7
1258,72,24CP101T,2026-08-10,4,3,2026-08-10T17:30:00,8
1259,72,24CP101T,2026-08-17,1,3,2026-08-17T17:30:00,9
1260,72,24CP101T,2026-08-24,2,3,2026-08-24T17:30:00,10
1261,73,24CP101P,2026-06-17,,1,2026-06-17T17:30:00,1
1262,73,24CP101P,2026-06-24,,1,2026-06-24T17:30:00,2
1263,73,24CP101P,2026-07-01,,1,2026-07-01T17:30:00,3
1264,73,24CP101P,2026-07-08,,1,2026-07-08T17:30:00,4
1265,73,24CP101P,2026-07-15,,1,2026-07-15T17:30:00,5
1266,73,24CP101P,2026-07-22,,1,2026-07-22T17:30:00,6
1267,73,24CP101P,2026-07-29,,1,2026-07-29T17:30:00,7
1268,73,24CP101P,2026-08-05,,1,2026-08-05T17:30:00,8
1269,73,24CP101P,2026-08-12,,1,2026-08-12T17:30:00,9
1270,73,24CP101P,2026-08-19,,1,2026-08-19T17:30:00,10
1271,74,24CP101P,2026-06-18,,2,2026-06-18T17:30:00,1
1272,74,24CP101P,2026-06-25,,2,2026-06-25T17:30:00,2
1273,74,24CP101P,2026-07-02,,2,2026-07-02T17:30:00,3
1274,74,24CP101P,2026-07-09,,2,2026-07-09T17:30:00,4
1275,74,24CP101P,2026-07-16,,2,2026-07-16T17:30:00,5
1276,74,24CP101P,2026-07-23,,2,2026-07-23T17:30:00,6
1277,74,24CP101P,2026-07-30,,2,2026-07-30T17:30:00,7
1278,74,24CP101P,2026-08-06,,2,2026-08-06T17:30:00,8
1279,74,24CP101P,2026-08-13,,2,2026-08-13T17:30:00,9
1280,74,24CP101P,2026-08-20,,2,2026-08-20T17:30:00,10
1281,74,24CP101P,2026-08-27,,2,2026-08-27T17:30:00,11
1282,75,24HS102T,2026-06-16,1,27,2026-06-16T17:30:00,1
1283,75,24HS102T,2026-06-23,2,27,2026-06-23T17:30:00,2
1284,75,24HS102T,2026-06-30,3,27,2026-06-30T17:30:00,3
1285,75,24HS102T,2026-07-07,4,27,2026-07-07T17:30:00,4
1286,75,24HS102T,2026-07-14,1,27,2026-07-14T17:30:00,5
1287,75,24HS102T,2026-07-21,2,27,2026-07-21T17:30:00,6
1288,75,24HS102T,2026-07-28,3,27,2026-07-28T17:30:00,7
1289,75,24HS102T,2026-08-04,4,27,2026-08-04T17:30:00,8
1290,75,24HS102T,2026-08-11,1,27,2026-08-11T17:30:00,9
1291,75,24HS102T,2026-08-18,2,27,2026-08-18T17:30:00,10
1292,75,24HS102T,2026-08-25,3,27,2026-08-25T17:30:00,11
1293,76,24HS103T,2026-06-18,1,25,2026-06-18T17:30:00,1
1294,76,24HS103T,2026-06-22,2,25,2026-06-22T17:30:00,2
1295,76,24HS103T,2026-06-25,3,25,2026-06-25T17:30:00,3
1296,76,24HS103T,2026-06-29,4,25,2026-06-29T17:30:00,4
1297,76,24HS103T,2026-07-02,1,25,2026-07-02T17:30:00,5
1298,76,24HS103T,2026-07-06,2,25,2026-07-06T17:30:00,6
1299,76,24HS103T,2026-07-09,3,25,2026-07-09T17:30:00,7
1300,76,24HS103T,2026-07-13,4,25,2026-07-13T17:30:00,8
1301,76,24HS103T,2026-07-16,1,25,2026-07-16T17:30:00,9
1302,76,24HS103T,2026-07-20,2,25,2026-07-20T17:30:00,10
1303,76,24HS103T,2026-07-23,3,25,2026-07-23T17:30:00,11
1304,76,24HS103T,2026-07-27,4,25,2026-07-27T17:30:00,12
1305,76,24HS103T,2026-07-30,1,25,2026-07-30T17:30:00,13
1306,76,24HS103T,2026-08-03,2,25,2026-08-03T17:30:00,14
1307,76,24HS103T,2026-08-06,3,25,2026-08-06T17:30:00,15
1308,76,24HS103T,2026-08-10,4,25,2026-08-10T17:30:00,16
1309,76,24HS103T,2026-08-13,1,25,2026-08-13T17:30:00,17
1310,76,24HS103T,2026-08-17,2,25,2026-08-17T17:30:00,18
1311,76,24HS103T,2026-08-20,3,25,2026-08-20T17:30:00,19
1312,76,24HS103T,2026-08-24,4,25,2026-08-24T17:30:00,20
1313,76,24HS103T,2026-08-27,1,25,2026-08-27T17:30:00,21
1314,78,24MA201T,2026-06-17,1,26,2026-06-17T17:30:00,1
1315,78,24MA201T,2026-06-19,2,26,2026-06-19T17:30:00,2
1316,78,24MA201T,2026-06-22,3,26,2026-06-22T17:30:00,3
1317,78,24MA201T,2026-06-24,4,26,2026-06-24T17:30:00,4
1318,78,24MA201T,2026-06-26,1,26,2026-06-26T17:30:00,5
1319,78,24MA201T,2026-06-29,2,26,2026-06-29T17:30:00,6
1320,78,24MA201T,2026-07-01,3,26,2026-07-01T17:30:00,7
1321,78,24MA201T,2026-07-03,4,26,2026-07-03T17:30:00,8
1322,78,24MA201T,2026-07-06,1,26,2026-07-06T17:30:00,9
1323,78,24MA201T,2026-07-08,2,26,2026-07-08T17:30:00,10
1324,78,24MA201T,2026-07-10,3,26,2026-07-10T17:30:00,11
1325,78,24MA201T,2026-07-13,4,26,2026-07-13T17:30:00,12
1326,78,24MA201T,2026-07-15,1,26,2026-07-15T17:30:00,13
1327,78,24MA201T,2026-07-17,2,26,2026-07-17T17:30:00,14
1328,78,24MA201T,2026-07-20,3,26,2026-07-20T17:30:00,15
1329,78,24MA201T,2026-07-22,4,26,2026-07-22T17:30:00,16
1330,78,24MA201T,2026-07-24,1,26,2026-07-24T17:30:00,17
1331,78,24MA201T,2026-07-27,2,26,2026-07-27T17:30:00,18
1332,78,24MA201T,2026-07-29,3,26,2026-07-29T17:30:00,19
1333,78,24MA201T,2026-07-31,4,26,2026-07-31T17:30:00,20
1334,78,24MA201T,2026-08-03,1,26,2026-08-03T17:30:00,21
1335,78,24MA201T,2026-08-05,2,26,2026-08-05T17:30:00,22
1336,78,24MA201T,2026-08-07,3,26,2026-08-07T17:30:00,23
1337,78,24MA201T,2026-08-10,4,26,2026-08-10T17:30:00,24
1338,78,24MA201T,2026-08-12,1,26,2026-08-12T17:30:00,25
1339,78,24MA201T,2026-08-14,2,26,2026-08-14T17:30:00,26
1340,78,24MA201T,2026-08-17,3,26,2026-08-17T17:30:00,27
1341,78,24MA201T,2026-08-19,4,26,2026-08-19T17:30:00,28
1342,78,24MA201T,2026-08-21,1,26,2026-08-21T17:30:00,29
1343,78,24MA201T,2026-08-24,2,26,2026-08-24T17:30:00,30
1344,79,24ME201T,2026-06-16,1,16,2026-06-16T17:30:00,1
1345,79,24ME201T,2026-06-18,2,16,2026-06-18T17:30:00,2
1346,79,24ME201T,2026-06-20,3,16,2026-06-20T17:30:00,3
1347,79,24ME201T,2026-06-23,4,16,2026-06-23T17:30:00,4
1348,79,24ME201T,2026-06-25,1,16,2026-06-25T17:30:00,5
1349,79,24ME201T,2026-06-27,2,16,2026-06-27T17:30:00,6
1350,79,24ME201T,2026-06-30,3,16,2026-06-30T17:30:00,7
1351,79,24ME201T,2026-07-02,4,16,2026-07-02T17:30:00,8
1352,79,24ME201T,2026-07-04,1,16,2026-07-04T17:30:00,9
1353,79,24ME201T,2026-07-07,2,16,2026-07-07T17:30:00,10
1354,79,24ME201T,2026-07-09,3,16,2026-07-09T17:30:00,11
1355,79,24ME201T,2026-07-11,4,16,2026-07-11T17:30:00,12
1356,79,24ME201T,2026-07-14,1,16,2026-07-14T17:30:00,13
1357,79,24ME201T,2026-07-16,2,16,2026-07-16T17:30:00,14
1358,79,24ME201T,2026-07-18,3,16,2026-07-18T17:30:00,15
1359,79,24ME201T,2026-07-21,4,16,2026-07-21T17:30:00,16
1360,79,24ME201T,2026-07-23,1,16,2026-07-23T17:30:00,17
1361,79,24ME201T,2026-07-25,2,16,2026-07-25T17:30:00,18
1362,79,24ME201T,2026-07-28,3,16,2026-07-28T17:30:00,19
1363,79,24ME201T,2026-07-30,4,16,2026-07-30T17:30:00,20
1364,79,24ME201T,2026-08-01,1,16,2026-08-01T17:30:00,21
1365,79,24ME201T,2026-08-04,2,16,2026-08-04T17:30:00,22
1366,79,24ME201T,2026-08-06,3,16,2026-08-06T17:30:00,23
1367,79,24ME201T,2026-08-08,4,16,2026-08-08T17:30:00,24
1368,79,24ME201T,2026-08-11,1,16,2026-08-11T17:30:00,25
1369,79,24ME201T,2026-08-13,2,16,2026-08-13T17:30:00,26
1370,79,24ME201T,2026-08-18,3,16,2026-08-18T17:30:00,27
1371,79,24ME201T,2026-08-20,4,16,2026-08-20T17:30:00,28
1372,79,24ME201T,2026-08-22,1,16,2026-08-22T17:30:00,29
1373,79,24ME201T,2026-08-25,2,16,2026-08-25T17:30:00,30
1374,79,24ME201T,2026-08-27,3,16,2026-08-27T17:30:00,31
1375,80,24ME202T,2026-06-17,1,13,2026-06-17T17:30:00,1
1376,80,24ME202T,2026-06-18,2,13,2026-06-18T17:30:00,2
1377,80,24ME202T,2026-06-22,3,13,2026-06-22T17:30:00,3
1378,80,24ME202T,2026-06-24,4,13,2026-06-24T17:30:00,4
1379,80,24ME202T,2026-06-25,1,13,2026-06-25T17:30:00,5
1380,80,24ME202T,2026-06-29,2,13,2026-06-29T17:30:00,6
1381,80,24ME202T,2026-07-01,3,13,2026-07-01T17:30:00,7
1382,80,24ME202T,2026-07-02,4,13,2026-07-02T17:30:00,8
1383,80,24ME202T,2026-07-06,1,13,2026-07-06T17:30:00,9
1384,80,24ME202T,2026-07-08,2,13,2026-07-08T17:30:00,10
1385,80,24ME202T,2026-07-09,3,13,2026-07-09T17:30:00,11
1386,80,24ME202T,2026-07-13,4,13,2026-07-13T17:30:00,12
1387,80,24ME202T,2026-07-15,1,13,2026-07-15T17:30:00,13
1388,80,24ME202T,2026-07-16,2,13,2026-07-16T17:30:00,14
1389,80,24ME202T,2026-07-20,3,13,2026-07-20T17:30:00,15
1390,80,24ME202T,2026-07-22,4,13,2026-07-22T17:30:00,16
1391,80,24ME202T,2026-07-23,1,13,2026-07-23T17:30:00,17
1392,80,24ME202T,2026-07-27,2,13,2026-07-27T17:30:00,18
1393,80,24ME202T,2026-07-29,3,13,2026-07-29T17:30:00,19
1394,80,24ME202T,2026-07-30,4,13,2026-07-30T17:30:00,20
1395,80,24ME202T,2026-08-03,1,13,2026-08-03T17:30:00,21
1396,80,24ME202T,2026-08-05,2,13,2026-08-05T17:30:00,22
1397,80,24ME202T,2026-08-06,3,13,2026-08-06T17:30:00,23
1398,80,24ME202T,2026-08-10,4,13,2026-08-10T17:30:00,24
1399,80,24ME202T,2026-08-12,1,13,2026-08-12T17:30:00,25
1400,80,24ME202T,2026-08-13,2,13,2026-08-13T17:30:00,26
1401,80,24ME202T,2026-08-17,3,13,2026-08-17T17:30:00,27
1402,80,24ME202T,2026-08-19,4,13,2026-08-19T17:30:00,28
1403,80,24ME202T,2026-08-20,1,13,2026-08-20T17:30:00,29
1404,80,24ME202T,2026-08-24,2,13,2026-08-24T17:30:00,30
1405,80,24ME202T,2026-08-27,3,13,2026-08-27T17:30:00,31
1406,81,24ME203T,2026-06-16,1,15,2026-06-16T17:30:00,1
1407,81,24ME203T,2026-06-17,2,15,2026-06-17T17:30:00,2
1408,81,24ME203T,2026-06-19,3,15,2026-06-19T17:30:00,3
1409,81,24ME203T,2026-06-23,4,15,2026-06-23T17:30:00,4
1410,81,24ME203T,2026-06-24,1,15,2026-06-24T17:30:00,5
1411,81,24ME203T,2026-06-26,2,15,2026-06-26T17:30:00,6
1412,81,24ME203T,2026-06-30,3,15,2026-06-30T17:30:00,7
1413,81,24ME203T,2026-07-01,4,15,2026-07-01T17:30:00,8
1414,81,24ME203T,2026-07-03,1,15,2026-07-03T17:30:00,9
1415,81,24ME203T,2026-07-07,2,15,2026-07-07T17:30:00,10
1416,81,24ME203T,2026-07-08,3,15,2026-07-08T17:30:00,11
1417,81,24ME203T,2026-07-10,4,15,2026-07-10T17:30:00,12
1418,81,24ME203T,2026-07-14,1,15,2026-07-14T17:30:00,13
1419,81,24ME203T,2026-07-15,2,15,2026-07-15T17:30:00,14
1420,81,24ME203T,2026-07-17,3,15,2026-07-17T17:30:00,15
1421,81,24ME203T,2026-07-21,4,15,2026-07-21T17:30:00,16
1422,81,24ME203T,2026-07-22,1,15,2026-07-22T17:30:00,17
1423,81,24ME203T,2026-07-24,2,15,2026-07-24T17:30:00,18
1424,81,24ME203T,2026-07-28,3,15,2026-07-28T17:30:00,19
1425,81,24ME203T,2026-07-29,4,15,2026-07-29T17:30:00,20
1426,81,24ME203T,2026-07-31,1,15,2026-07-31T17:30:00,21
1427,81,24ME203T,2026-08-04,2,15,2026-08-04T17:30:00,22
1428,81,24ME203T,2026-08-05,3,15,2026-08-05T17:30:00,23
1429,81,24ME203T,2026-08-07,4,15,2026-08-07T17:30:00,24
1430,81,24ME203T,2026-08-11,1,15,2026-08-11T17:30:00,25
1431,81,24ME203T,2026-08-12,2,15,2026-08-12T17:30:00,26
1432,81,24ME203T,2026-08-14,3,15,2026-08-14T17:30:00,27
1433,81,24ME203T,2026-08-18,4,15,2026-08-18T17:30:00,28
1434,81,24ME203T,2026-08-19,1,15,2026-08-19T17:30:00,29
1435,81,24ME203T,2026-08-21,2,15,2026-08-21T17:30:00,30
1436,81,24ME203T,2026-08-25,3,15,2026-08-25T17:30:00,31
1437,82,24ME203P,2026-06-18,,14,2026-06-18T17:30:00,1
1438,82,24ME203P,2026-06-25,,14,2026-06-25T17:30:00,2
1439,82,24ME203P,2026-07-02,,14,2026-07-02T17:30:00,3
1440,82,24ME203P,2026-07-09,,14,2026-07-09T17:30:00,4
1441,82,24ME203P,2026-07-16,,14,2026-07-16T17:30:00,5
1442,82,24ME203P,2026-07-23,,14,2026-07-23T17:30:00,6
1443,82,24ME203P,2026-07-30,,14,2026-07-30T17:30:00,7
1444,82,24ME203P,2026-08-06,,14,2026-08-06T17:30:00,8
1445,82,24ME203P,2026-08-13,,14,2026-08-13T17:30:00,9
1446,82,24ME203P,2026-08-20,,14,2026-08-20T17:30:00,10
1447,82,24ME203P,2026-08-27,,14,2026-08-27T17:30:00,11
1448,83,24ME203P,2026-06-19,,14,2026-06-19T17:30:00,1
1449,83,24ME203P,2026-06-26,,14,2026-06-26T17:30:00,2
1450,83,24ME203P,2026-07-03,,14,2026-07-03T17:30:00,3
1451,83,24ME203P,2026-07-10,,14,2026-07-10T17:30:00,4
1452,83,24ME203P,2026-07-17,,14,2026-07-17T17:30:00,5
1453,83,24ME203P,2026-07-24,,14,2026-07-24T17:30:00,6
1454,83,24ME203P,2026-07-31,,14,2026-07-31T17:30:00,7
1455,83,24ME203P,2026-08-07,,14,2026-08-07T17:30:00,8
1456,83,24ME203P,2026-08-14,,14,2026-08-14T17:30:00,9
1457,83,24ME203P,2026-08-21,,14,2026-08-21T17:30:00,10
1458,84,24ME204T,2026-06-17,1,16,2026-06-17T17:30:00,1
1459,84,24ME204T,2026-06-19,2,16,2026-06-19T17:30:00,2
1460,84,24ME204T,2026-06-22,3,16,2026-06-22T17:30:00,3
1461,84,24ME204T,2026-06-24,4,16,2026-06-24T17:30:00,4
1462,84,24ME204T,2026-06-26,1,16,2026-06-26T17:30:00,5
1463,84,24ME204T,2026-06-29,2,16,2026-06-29T17:30:00,6
1464,84,24ME204T,2026-07-01,3,16,2026-07-01T17:30:00,7
1465,84,24ME204T,2026-07-03,4,16,2026-07-03T17:30:00,8
1466,84,24ME204T,2026-07-06,1,16,2026-07-06T17:30:00,9
1467,84,24ME204T,2026-07-08,2,16,2026-07-08T17:30:00,10
1468,84,24ME204T,2026-07-10,3,16,2026-07-10T17:30:00,11
1469,84,24ME204T,2026-07-13,4,16,2026-07-13T17:30:00,12
1470,84,24ME204T,2026-07-15,1,16,2026-07-15T17:30:00,13
1471,84,24ME204T,2026-07-17,2,16,2026-07-17T17:30:00,14
1472,84,24ME204T,2026-07-20,3,16,2026-07-20T17:30:00,15
1473,84,24ME204T,2026-07-22,4,16,2026-07-22T17:30:00,16
1474,84,24ME204T,2026-07-24,1,16,2026-07-24T17:30:00,17
1475,84,24ME204T,2026-07-27,2,16,2026-07-27T17:30:00,18
1476,84,24ME204T,2026-07-29,3,16,2026-07-29T17:30:00,19
1477,84,24ME204T,2026-07-31,4,16,2026-07-31T17:30:00,20
1478,84,24ME204T,2026-08-03,1,16,2026-08-03T17:30:00,21
1479,84,24ME204T,2026-08-05,2,16,2026-08-05T17:30:00,22
1480,84,24ME204T,2026-08-07,3,16,2026-08-07T17:30:00,23
1481,84,24ME204T,2026-08-10,4,16,2026-08-10T17:30:00,24
1482,84,24ME204T,2026-08-12,1,16,2026-08-12T17:30:00,25
1483,84,24ME204T,2026-08-14,2,16,2026-08-14T17:30:00,26
1484,84,24ME204T,2026-08-17,3,16,2026-08-17T17:30:00,27
1485,84,24ME204T,2026-08-19,4,16,2026-08-19T17:30:00,28
1486,84,24ME204T,2026-08-21,1,16,2026-08-21T17:30:00,29
1487,84,24ME204T,2026-08-24,2,16,2026-08-24T17:30:00,30
1488,85,24ME204P,2026-06-17,,15,2026-06-17T17:30:00,1
1489,85,24ME204P,2026-06-24,,15,2026-06-24T17:30:00,2
1490,85,24ME204P,2026-07-01,,15,2026-07-01T17:30:00,3
1491,85,24ME204P,2026-07-08,,15,2026-07-08T17:30:00,4
1492,85,24ME204P,2026-07-15,,15,2026-07-15T17:30:00,5
1493,85,24ME204P,2026-07-22,,15,2026-07-22T17:30:00,6
1494,85,24ME204P,2026-07-29,,15,2026-07-29T17:30:00,7
1495,85,24ME204P,2026-08-05,,15,2026-08-05T17:30:00,8
1496,85,24ME204P,2026-08-12,,15,2026-08-12T17:30:00,9
1497,85,24ME204P,2026-08-19,,15,2026-08-19T17:30:00,10
1498,86,24ME204P,2026-06-18,,16,2026-06-18T17:30:00,1
1499,86,24ME204P,2026-06-25,,16,2026-06-25T17:30:00,2
1500,86,24ME204P,2026-07-02,,16,2026-07-02T17:30:00,3
1501,86,24ME204P,2026-07-09,,16,2026-07-09T17:30:00,4
1502,86,24ME204P,2026-07-16,,16,2026-07-16T17:30:00,5
1503,86,24ME204P,2026-07-23,,16,2026-07-23T17:30:00,6
1504,86,24ME204P,2026-07-30,,16,2026-07-30T17:30:00,7
1505,86,24ME204P,2026-08-06,,16,2026-08-06T17:30:00,8
1506,86,24ME204P,2026-08-13,,16,2026-08-13T17:30:00,9
1507,86,24ME204P,2026-08-20,,16,2026-08-20T17:30:00,10
1508,86,24ME204P,2026-08-27,,16,2026-08-27T17:30:00,11
1509,87,24ME205P,2026-06-19,,14,2026-06-19T17:30:00,1
1510,87,24ME205P,2026-06-26,,14,2026-06-26T17:30:00,2
1511,87,24ME205P,2026-07-03,,14,2026-07-03T17:30:00,3
1512,87,24ME205P,2026-07-10,,14,2026-07-10T17:30:00,4
1513,87,24ME205P,2026-07-17,,14,2026-07-17T17:30:00,5
1514,87,24ME205P,2026-07-24,,14,2026-07-24T17:30:00,6
1515,87,24ME205P,2026-07-31,,14,2026-07-31T17:30:00,7
1516,87,24ME205P,2026-08-07,,14,2026-08-07T17:30:00,8
1517,87,24ME205P,2026-08-14,,14,2026-08-14T17:30:00,9
1518,87,24ME205P,2026-08-21,,14,2026-08-21T17:30:00,10
1519,88,24ME205P,2026-06-16,,13,2026-06-16T17:30:00,1
1520,88,24ME205P,2026-06-23,,13,2026-06-23T17:30:00,2
1521,88,24ME205P,2026-06-30,,13,2026-06-30T17:30:00,3
1522,88,24ME205P,2026-07-07,,13,2026-07-07T17:30:00,4
1523,88,24ME205P,2026-07-14,,13,2026-07-14T17:30:00,5
1524,88,24ME205P,2026-07-21,,13,2026-07-21T17:30:00,6
1525,88,24ME205P,2026-07-28,,13,2026-07-28T17:30:00,7
1526,88,24ME205P,2026-08-04,,13,2026-08-04T17:30:00,8
1527,88,24ME205P,2026-08-11,,13,2026-08-11T17:30:00,9
1528,88,24ME205P,2026-08-18,,13,2026-08-18T17:30:00,10
1529,88,24ME205P,2026-08-25,,13,2026-08-25T17:30:00,11
1530,89,24MA101T,2026-06-16,1,27,2026-06-16T17:30:00,1
1531,89,24MA101T,2026-06-18,2,27,2026-06-18T17:30:00,2
1532,89,24MA101T,2026-06-19,3,27,2026-06-19T17:30:00,3
1533,89,24MA101T,2026-06-23,4,27,2026-06-23T17:30:00,4
1534,89,24MA101T,2026-06-25,1,27,2026-06-25T17:30:00,5
1535,89,24MA101T,2026-06-26,2,27,2026-06-26T17:30:00,6
1536,89,24MA101T,2026-06-30,3,27,2026-06-30T17:30:00,7
1537,89,24MA101T,2026-07-02,4,27,2026-07-02T17:30:00,8
1538,89,24MA101T,2026-07-03,1,27,2026-07-03T17:30:00,9
1539,89,24MA101T,2026-07-07,2,27,2026-07-07T17:30:00,10
1540,89,24MA101T,2026-07-09,3,27,2026-07-09T17:30:00,11
1541,89,24MA101T,2026-07-10,4,27,2026-07-10T17:30:00,12
1542,89,24MA101T,2026-07-14,1,27,2026-07-14T17:30:00,13
1543,89,24MA101T,2026-07-16,2,27,2026-07-16T17:30:00,14
1544,89,24MA101T,2026-07-17,3,27,2026-07-17T17:30:00,15
1545,89,24MA101T,2026-07-21,4,27,2026-07-21T17:30:00,16
1546,89,24MA101T,2026-07-23,1,27,2026-07-23T17:30:00,17
1547,89,24MA101T,2026-07-24,2,27,2026-07-24T17:30:00,18
1548,89,24MA101T,2026-07-28,3,27,2026-07-28T17:30:00,19
1549,89,24MA101T,2026-07-30,4,27,2026-07-30T17:30:00,20
1550,89,24MA101T,2026-07-31,1,27,2026-07-31T17:30:00,21
1551,89,24MA101T,2026-08-04,2,27,2026-08-04T17:30:00,22
1552,89,24MA101T,2026-08-06,3,27,2026-08-06T17:30:00,23
1553,89,24MA101T,2026-08-07,4,27,2026-08-07T17:30:00,24
1554,89,24MA101T,2026-08-11,1,27,2026-08-11T17:30:00,25
1555,89,24MA101T,2026-08-13,2,27,2026-08-13T17:30:00,26
1556,89,24MA101T,2026-08-14,3,27,2026-08-14T17:30:00,27
1557,89,24MA101T,2026-08-18,4,27,2026-08-18T17:30:00,28
1558,89,24MA101T,2026-08-20,1,27,2026-08-20T17:30:00,29
1559,89,24MA101T,2026-08-21,2,27,2026-08-21T17:30:00,30
1560,89,24MA101T,2026-08-25,3,27,2026-08-25T17:30:00,31
1561,89,24MA101T,2026-08-27,4,27,2026-08-27T17:30:00,32
1562,90,24PH102T,2026-06-17,1,25,2026-06-17T17:30:00,1
1563,90,24PH102T,2026-06-19,2,25,2026-06-19T17:30:00,2
1564,90,24PH102T,2026-06-22,3,25,2026-06-22T17:30:00,3
1565,90,24PH102T,2026-06-24,4,25,2026-06-24T17:30:00,4
1566,90,24PH102T,2026-06-26,1,25,2026-06-26T17:30:00,5
1567,90,24PH102T,2026-06-29,2,25,2026-06-29T17:30:00,6
1568,90,24PH102T,2026-07-01,3,25,2026-07-01T17:30:00,7
1569,90,24PH102T,2026-07-03,4,25,2026-07-03T17:30:00,8
1570,90,24PH102T,2026-07-06,1,25,2026-07-06T17:30:00,9
1571,90,24PH102T,2026-07-08,2,25,2026-07-08T17:30:00,10
1572,90,24PH102T,2026-07-10,3,25,2026-07-10T17:30:00,11
1573,90,24PH102T,2026-07-13,4,25,2026-07-13T17:30:00,12
1574,90,24PH102T,2026-07-15,1,25,2026-07-15T17:30:00,13
1575,90,24PH102T,2026-07-17,2,25,2026-07-17T17:30:00,14
1576,90,24PH102T,2026-07-20,3,25,2026-07-20T17:30:00,15
1577,90,24PH102T,2026-07-22,4,25,2026-07-22T17:30:00,16
1578,90,24PH102T,2026-07-24,1,25,2026-07-24T17:30:00,17
1579,90,24PH102T,2026-07-27,2,25,2026-07-27T17:30:00,18
1580,90,24PH102T,2026-07-29,3,25,2026-07-29T17:30:00,19
1581,90,24PH102T,2026-07-31,4,25,2026-07-31T17:30:00,20
1582,90,24PH102T,2026-08-03,1,25,2026-08-03T17:30:00,21
1583,90,24PH102T,2026-08-05,2,25,2026-08-05T17:30:00,22
1584,90,24PH102T,2026-08-07,3,25,2026-08-07T17:30:00,23
1585,90,24PH102T,2026-08-10,4,25,2026-08-10T17:30:00,24
1586,90,24PH102T,2026-08-12,1,25,2026-08-12T17:30:00,25
1587,90,24PH102T,2026-08-14,2,25,2026-08-14T17:30:00,26
1588,90,24PH102T,2026-08-17,3,25,2026-08-17T17:30:00,27
1589,90,24PH102T,2026-08-19,4,25,2026-08-19T17:30:00,28
1590,90,24PH102T,2026-08-21,1,25,2026-08-21T17:30:00,29
1591,90,24PH102T,2026-08-24,2,25,2026-08-24T17:30:00,30
1592,91,24PH102P,2026-06-19,,25,2026-06-19T17:30:00,1
1593,91,24PH102P,2026-06-26,,25,2026-06-26T17:30:00,2
1594,91,24PH102P,2026-07-03,,25,2026-07-03T17:30:00,3
1595,91,24PH102P,2026-07-10,,25,2026-07-10T17:30:00,4
1596,91,24PH102P,2026-07-17,,25,2026-07-17T17:30:00,5
1597,91,24PH102P,2026-07-24,,25,2026-07-24T17:30:00,6
1598,91,24PH102P,2026-07-31,,25,2026-07-31T17:30:00,7
1599,91,24PH102P,2026-08-07,,25,2026-08-07T17:30:00,8
1600,91,24PH102P,2026-08-14,,25,2026-08-14T17:30:00,9
1601,91,24PH102P,2026-08-21,,25,2026-08-21T17:30:00,10
1602,92,24PH102P,2026-06-16,,28,2026-06-16T17:30:00,1
1603,92,24PH102P,2026-06-23,,28,2026-06-23T17:30:00,2
1604,92,24PH102P,2026-06-30,,28,2026-06-30T17:30:00,3
1605,92,24PH102P,2026-07-07,,28,2026-07-07T17:30:00,4
1606,92,24PH102P,2026-07-14,,28,2026-07-14T17:30:00,5
1607,92,24PH102P,2026-07-21,,28,2026-07-21T17:30:00,6
1608,92,24PH102P,2026-07-28,,28,2026-07-28T17:30:00,7
1609,92,24PH102P,2026-08-04,,28,2026-08-04T17:30:00,8
1610,92,24PH102P,2026-08-11,,28,2026-08-11T17:30:00,9
1611,92,24PH102P,2026-08-18,,28,2026-08-18T17:30:00,10
1612,92,24PH102P,2026-08-25,,28,2026-08-25T17:30:00,11
1613,93,24BT102T,2026-06-16,1,26,2026-06-16T17:30:00,1
1614,93,24BT102T,2026-06-17,2,26,2026-06-17T17:30:00,2
1615,93,24BT102T,2026-06-23,3,26,2026-06-23T17:30:00,3
1616,93,24BT102T,2026-06-24,4,26,2026-06-24T17:30:00,4
1617,93,24BT102T,2026-06-30,1,26,2026-06-30T17:30:00,5
1618,93,24BT102T,2026-07-01,2,26,2026-07-01T17:30:00,6
1619,93,24BT102T,2026-07-07,3,26,2026-07-07T17:30:00,7
1620,93,24BT102T,2026-07-08,4,26,2026-07-08T17:30:00,8
1621,93,24BT102T,2026-07-14,1,26,2026-07-14T17:30:00,9
1622,93,24BT102T,2026-07-15,2,26,2026-07-15T17:30:00,10
1623,93,24BT102T,2026-07-21,3,26,2026-07-21T17:30:00,11
1624,93,24BT102T,2026-07-22,4,26,2026-07-22T17:30:00,12
1625,93,24BT102T,2026-07-28,1,26,2026-07-28T17:30:00,13
1626,93,24BT102T,2026-07-29,2,26,2026-07-29T17:30:00,14
1627,93,24BT102T,2026-08-04,3,26,2026-08-04T17:30:00,15
1628,93,24BT102T,2026-08-05,4,26,2026-08-05T17:30:00,16
1629,93,24BT102T,2026-08-11,1,26,2026-08-11T17:30:00,17
1630,93,24BT102T,2026-08-12,2,26,2026-08-12T17:30:00,18
1631,93,24BT102T,2026-08-18,3,26,2026-08-18T17:30:00,19
1632,93,24BT102T,2026-08-19,4,26,2026-08-19T17:30:00,20
1633,93,24BT102T,2026-08-25,1,26,2026-08-25T17:30:00,21
1634,94,24CV101T,2026-06-18,1,17,2026-06-18T17:30:00,1
1635,94,24CV101T,2026-06-22,2,17,2026-06-22T17:30:00,2
1636,94,24CV101T,2026-06-25,3,17,2026-06-25T17:30:00,3
1637,94,24CV101T,2026-06-29,4,17,2026-06-29T17:30:00,4
1638,94,24CV101T,2026-07-02,1,17,2026-07-02T17:30:00,5
1639,94,24CV101T,2026-07-06,2,17,2026-07-06T17:30:00,6
1640,94,24CV101T,2026-07-09,3,17,2026-07-09T17:30:00,7
1641,94,24CV101T,2026-07-13,4,17,2026-07-13T17:30:00,8
1642,94,24CV101T,2026-07-16,1,17,2026-07-16T17:30:00,9
1643,94,24CV101T,2026-07-20,2,17,2026-07-20T17:30:00,10
1644,94,24CV101T,2026-07-23,3,17,2026-07-23T17:30:00,11
1645,94,24CV101T,2026-07-27,4,17,2026-07-27T17:30:00,12
1646,94,24CV101T,2026-07-30,1,17,2026-07-30T17:30:00,13
1647,94,24CV101T,2026-08-03,2,17,2026-08-03T17:30:00,14
1648,94,24CV101T,2026-08-06,3,17,2026-08-06T17:30:00,15
1649,94,24CV101T,2026-08-10,4,17,2026-08-10T17:30:00,16
1650,94,24CV101T,2026-08-13,1,17,2026-08-13T17:30:00,17
1651,94,24CV101T,2026-08-17,2,17,2026-08-17T17:30:00,18
1652,94,24CV101T,2026-08-20,3,17,2026-08-20T17:30:00,19
1653,94,24CV101T,2026-08-24,4,17,2026-08-24T17:30:00,20
1654,94,24CV101T,2026-08-27,1,17,2026-08-27T17:30:00,21
1655,95,24CP101T,2026-06-16,1,3,2026-06-16T17:30:00,1
1656,95,24CP101T,2026-06-23,2,3,2026-06-23T17:30:00,2
1657,95,24CP101T,2026-06-30,3,3,2026-06-30T17:30:00,3
1658,95,24CP101T,2026-07-07,4,3,2026-07-07T17:30:00,4
1659,95,24CP101T,2026-07-14,1,3,2026-07-14T17:30:00,5
1660,95,24CP101T,2026-07-21,2,3,2026-07-21T17:30:00,6
1661,95,24CP101T,2026-07-28,3,3,2026-07-28T17:30:00,7
1662,95,24CP101T,2026-08-04,4,3,2026-08-04T17:30:00,8
1663,95,24CP101T,2026-08-11,1,3,2026-08-11T17:30:00,9
1664,95,24CP101T,2026-08-18,2,3,2026-08-18T17:30:00,10
1665,95,24CP101T,2026-08-25,3,3,2026-08-25T17:30:00,11
1666,96,24CP101P,2026-06-16,,4,2026-06-16T17:30:00,1
1667,96,24CP101P,2026-06-23,,4,2026-06-23T17:30:00,2
1668,96,24CP101P,2026-06-30,,4,2026-06-30T17:30:00,3
1669,96,24CP101P,2026-07-07,,4,2026-07-07T17:30:00,4
1670,96,24CP101P,2026-07-14,,4,2026-07-14T17:30:00,5
1671,96,24CP101P,2026-07-21,,4,2026-07-21T17:30:00,6
1672,96,24CP101P,2026-07-28,,4,2026-07-28T17:30:00,7
1673,96,24CP101P,2026-08-04,,4,2026-08-04T17:30:00,8
1674,96,24CP101P,2026-08-11,,4,2026-08-11T17:30:00,9
1675,96,24CP101P,2026-08-18,,4,2026-08-18T17:30:00,10
1676,96,24CP101P,2026-08-25,,4,2026-08-25T17:30:00,11
1677,97,24CP101P,2026-06-17,,3,2026-06-17T17:30:00,1
1678,97,24CP101P,2026-06-24,,3,2026-06-24T17:30:00,2
1679,97,24CP101P,2026-07-01,,3,2026-07-01T17:30:00,3
1680,97,24CP101P,2026-07-08,,3,2026-07-08T17:30:00,4
1681,97,24CP101P,2026-07-15,,3,2026-07-15T17:30:00,5
1682,97,24CP101P,2026-07-22,,3,2026-07-22T17:30:00,6
1683,97,24CP101P,2026-07-29,,3,2026-07-29T17:30:00,7
1684,97,24CP101P,2026-08-05,,3,2026-08-05T17:30:00,8
1685,97,24CP101P,2026-08-12,,3,2026-08-12T17:30:00,9
1686,97,24CP101P,2026-08-19,,3,2026-08-19T17:30:00,10
1687,98,24ME101P,2026-06-18,,13,2026-06-18T17:30:00,1
1688,98,24ME101P,2026-06-25,,13,2026-06-25T17:30:00,2
1689,98,24ME101P,2026-07-02,,13,2026-07-02T17:30:00,3
1690,98,24ME101P,2026-07-09,,13,2026-07-09T17:30:00,4
1691,98,24ME101P,2026-07-16,,13,2026-07-16T17:30:00,5
1692,98,24ME101P,2026-07-23,,13,2026-07-23T17:30:00,6
1693,98,24ME101P,2026-07-30,,13,2026-07-30T17:30:00,7
1694,98,24ME101P,2026-08-06,,13,2026-08-06T17:30:00,8
1695,98,24ME101P,2026-08-13,,13,2026-08-13T17:30:00,9
1696,98,24ME101P,2026-08-20,,13,2026-08-20T17:30:00,10
1697,98,24ME101P,2026-08-27,,13,2026-08-27T17:30:00,11
1698,99,24ME101P,2026-06-19,,15,2026-06-19T17:30:00,1
1699,99,24ME101P,2026-06-26,,15,2026-06-26T17:30:00,2
1700,99,24ME101P,2026-07-03,,15,2026-07-03T17:30:00,3
1701,99,24ME101P,2026-07-10,,15,2026-07-10T17:30:00,4
1702,99,24ME101P,2026-07-17,,15,2026-07-17T17:30:00,5
1703,99,24ME101P,2026-07-24,,15,2026-07-24T17:30:00,6
1704,99,24ME101P,2026-07-31,,15,2026-07-31T17:30:00,7
1705,99,24ME101P,2026-08-07,,15,2026-08-07T17:30:00,8
1706,99,24ME101P,2026-08-14,,15,2026-08-14T17:30:00,9
1707,99,24ME101P,2026-08-21,,15,2026-08-21T17:30:00,10
1708,100,24ME102P,2026-06-16,,16,2026-06-16T17:30:00,1
1709,100,24ME102P,2026-06-23,,16,2026-06-23T17:30:00,2
1710,100,24ME102P,2026-06-30,,16,2026-06-30T17:30:00,3
1711,100,24ME102P,2026-07-07,,16,2026-07-07T17:30:00,4
1712,100,24ME102P,2026-07-14,,16,2026-07-14T17:30:00,5
1713,100,24ME102P,2026-07-21,,16,2026-07-21T17:30:00,6
1714,100,24ME102P,2026-07-28,,16,2026-07-28T17:30:00,7
1715,100,24ME102P,2026-08-04,,16,2026-08-04T17:30:00,8
1716,100,24ME102P,2026-08-11,,16,2026-08-11T17:30:00,9
1717,100,24ME102P,2026-08-18,,16,2026-08-18T17:30:00,10
1718,100,24ME102P,2026-08-25,,16,2026-08-25T17:30:00,11
1719,101,24ME102P,2026-06-17,,16,2026-06-17T17:30:00,1
1720,101,24ME102P,2026-06-24,,16,2026-06-24T17:30:00,2
1721,101,24ME102P,2026-07-01,,16,2026-07-01T17:30:00,3
1722,101,24ME102P,2026-07-08,,16,2026-07-08T17:30:00,4
1723,101,24ME102P,2026-07-15,,16,2026-07-15T17:30:00,5
1724,101,24ME102P,2026-07-22,,16,2026-07-22T17:30:00,6
1725,101,24ME102P,2026-07-29,,16,2026-07-29T17:30:00,7
1726,101,24ME102P,2026-08-05,,16,2026-08-05T17:30:00,8
1727,101,24ME102P,2026-08-12,,16,2026-08-12T17:30:00,9
1728,101,24ME102P,2026-08-19,,16,2026-08-19T17:30:00,10
1729,102,24HS101T,2026-06-17,1,26,2026-06-17T17:30:00,1
1730,102,24HS101T,2026-06-22,2,26,2026-06-22T17:30:00,2
1731,102,24HS101T,2026-06-24,3,26,2026-06-24T17:30:00,3
1732,102,24HS101T,2026-06-29,4,26,2026-06-29T17:30:00,4
1733,102,24HS101T,2026-07-01,1,26,2026-07-01T17:30:00,5
1734,102,24HS101T,2026-07-06,2,26,2026-07-06T17:30:00,6
1735,102,24HS101T,2026-07-08,3,26,2026-07-08T17:30:00,7
1736,102,24HS101T,2026-07-13,4,26,2026-07-13T17:30:00,8
1737,102,24HS101T,2026-07-15,1,26,2026-07-15T17:30:00,9
1738,102,24HS101T,2026-07-20,2,26,2026-07-20T17:30:00,10
1739,102,24HS101T,2026-07-22,3,26,2026-07-22T17:30:00,11
1740,102,24HS101T,2026-07-27,4,26,2026-07-27T17:30:00,12
1741,102,24HS101T,2026-07-29,1,26,2026-07-29T17:30:00,13
1742,102,24HS101T,2026-08-03,2,26,2026-08-03T17:30:00,14
1743,102,24HS101T,2026-08-05,3,26,2026-08-05T17:30:00,15
1744,102,24HS101T,2026-08-10,4,26,2026-08-10T17:30:00,16
1745,102,24HS101T,2026-08-12,1,26,2026-08-12T17:30:00,17
1746,102,24HS101T,2026-08-17,2,26,2026-08-17T17:30:00,18
1747,102,24HS101T,2026-08-19,3,26,2026-08-19T17:30:00,19
1748,102,24HS101T,2026-08-24,4,26,2026-08-24T17:30:00,20
1749,103,24HS102T,2026-06-16,1,27,2026-06-16T17:30:00,1
1750,103,24HS102T,2026-06-23,2,27,2026-06-23T17:30:00,2
1751,103,24HS102T,2026-06-30,3,27,2026-06-30T17:30:00,3
1752,103,24HS102T,2026-07-07,4,27,2026-07-07T17:30:00,4
1753,103,24HS102T,2026-07-14,1,27,2026-07-14T17:30:00,5
1754,103,24HS102T,2026-07-21,2,27,2026-07-21T17:30:00,6
1755,103,24HS102T,2026-07-28,3,27,2026-07-28T17:30:00,7
1756,103,24HS102T,2026-08-04,4,27,2026-08-04T17:30:00,8
1757,103,24HS102T,2026-08-11,1,27,2026-08-11T17:30:00,9
1758,103,24HS102T,2026-08-18,2,27,2026-08-18T17:30:00,10
1759,103,24HS102T,2026-08-25,3,27,2026-08-25T17:30:00,11
1760,105,24MA201T,2026-06-16,1,28,2026-06-16T17:30:00,1
1761,105,24MA201T,2026-06-17,2,28,2026-06-17T17:30:00,2
1762,105,24MA201T,2026-06-19,3,28,2026-06-19T17:30:00,3
1763,105,24MA201T,2026-06-23,4,28,2026-06-23T17:30:00,4
1764,105,24MA201T,2026-06-24,1,28,2026-06-24T17:30:00,5
1765,105,24MA201T,2026-06-26,2,28,2026-06-26T17:30:00,6
1766,105,24MA201T,2026-06-30,3,28,2026-06-30T17:30:00,7
1767,105,24MA201T,2026-07-01,4,28,2026-07-01T17:30:00,8
1768,105,24MA201T,2026-07-03,1,28,2026-07-03T17:30:00,9
1769,105,24MA201T,2026-07-07,2,28,2026-07-07T17:30:00,10
1770,105,24MA201T,2026-07-08,3,28,2026-07-08T17:30:00,11
1771,105,24MA201T,2026-07-10,4,28,2026-07-10T17:30:00,12
1772,105,24MA201T,2026-07-14,1,28,2026-07-14T17:30:00,13
1773,105,24MA201T,2026-07-15,2,28,2026-07-15T17:30:00,14
1774,105,24MA201T,2026-07-17,3,28,2026-07-17T17:30:00,15
1775,105,24MA201T,2026-07-21,4,28,2026-07-21T17:30:00,16
1776,105,24MA201T,2026-07-22,1,28,2026-07-22T17:30:00,17
1777,105,24MA201T,2026-07-24,2,28,2026-07-24T17:30:00,18
1778,105,24MA201T,2026-07-28,3,28,2026-07-28T17:30:00,19
1779,105,24MA201T,2026-07-29,4,28,2026-07-29T17:30:00,20
1780,105,24MA201T,2026-07-31,1,28,2026-07-31T17:30:00,21
1781,105,24MA201T,2026-08-04,2,28,2026-08-04T17:30:00,22
1782,105,24MA201T,2026-08-05,3,28,2026-08-05T17:30:00,23
1783,105,24MA201T,2026-08-07,4,28,2026-08-07T17:30:00,24
1784,105,24MA201T,2026-08-11,1,28,2026-08-11T17:30:00,25
1785,105,24MA201T,2026-08-12,2,28,2026-08-12T17:30:00,26
1786,105,24MA201T,2026-08-14,3,28,2026-08-14T17:30:00,27
1787,105,24MA201T,2026-08-18,4,28,2026-08-18T17:30:00,28
1788,105,24MA201T,2026-08-19,1,28,2026-08-19T17:30:00,29
1789,105,24MA201T,2026-08-21,2,28,2026-08-21T17:30:00,30
1790,105,24MA201T,2026-08-25,3,28,2026-08-25T17:30:00,31
1791,106,24CV201T,2026-06-18,1,18,2026-06-18T17:30:00,1
1792,106,24CV201T,2026-06-19,2,18,2026-06-19T17:30:00,2
1793,106,24CV201T,2026-06-22,3,18,2026-06-22T17:30:00,3
1794,106,24CV201T,2026-06-25,4,18,2026-06-25T17:30:00,4
1795,106,24CV201T,2026-06-26,1,18,2026-06-26T17:30:00,5
1796,106,24CV201T,2026-06-29,2,18,2026-06-29T17:30:00,6
1797,106,24CV201T,2026-07-02,3,18,2026-07-02T17:30:00,7
1798,106,24CV201T,2026-07-03,4,18,2026-07-03T17:30:00,8
1799,106,24CV201T,2026-07-06,1,18,2026-07-06T17:30:00,9
1800,106,24CV201T,2026-07-09,2,18,2026-07-09T17:30:00,10
1801,106,24CV201T,2026-07-10,3,18,2026-07-10T17:30:00,11
1802,106,24CV201T,2026-07-13,4,18,2026-07-13T17:30:00,12
1803,106,24CV201T,2026-07-16,1,18,2026-07-16T17:30:00,13
1804,106,24CV201T,2026-07-17,2,18,2026-07-17T17:30:00,14
1805,106,24CV201T,2026-07-20,3,18,2026-07-20T17:30:00,15
1806,106,24CV201T,2026-07-23,4,18,2026-07-23T17:30:00,16
1807,106,24CV201T,2026-07-24,1,18,2026-07-24T17:30:00,17
1808,106,24CV201T,2026-07-27,2,18,2026-07-27T17:30:00,18
1809,106,24CV201T,2026-07-30,3,18,2026-07-30T17:30:00,19
1810,106,24CV201T,2026-07-31,4,18,2026-07-31T17:30:00,20
1811,106,24CV201T,2026-08-03,1,18,2026-08-03T17:30:00,21
1812,106,24CV201T,2026-08-06,2,18,2026-08-06T17:30:00,22
1813,106,24CV201T,2026-08-07,3,18,2026-08-07T17:30:00,23
1814,106,24CV201T,2026-08-10,4,18,2026-08-10T17:30:00,24
1815,106,24CV201T,2026-08-13,1,18,2026-08-13T17:30:00,25
1816,106,24CV201T,2026-08-14,2,18,2026-08-14T17:30:00,26
1817,106,24CV201T,2026-08-17,3,18,2026-08-17T17:30:00,27
1818,106,24CV201T,2026-08-20,4,18,2026-08-20T17:30:00,28
1819,106,24CV201T,2026-08-21,1,18,2026-08-21T17:30:00,29
1820,106,24CV201T,2026-08-24,2,18,2026-08-24T17:30:00,30
1821,106,24CV201T,2026-08-27,3,18,2026-08-27T17:30:00,31
1822,107,24CV202T,2026-06-16,1,20,2026-06-16T17:30:00,1
1823,107,24CV202T,2026-06-18,2,20,2026-06-18T17:30:00,2
1824,107,24CV202T,2026-06-19,3,20,2026-06-19T17:30:00,3
1825,107,24CV202T,2026-06-23,4,20,2026-06-23T17:30:00,4
1826,107,24CV202T,2026-06-25,1,20,2026-06-25T17:30:00,5
1827,107,24CV202T,2026-06-26,2,20,2026-06-26T17:30:00,6
1828,107,24CV202T,2026-06-30,3,20,2026-06-30T17:30:00,7
1829,107,24CV202T,2026-07-02,4,20,2026-07-02T17:30:00,8
1830,107,24CV202T,2026-07-03,1,20,2026-07-03T17:30:00,9
1831,107,24CV202T,2026-07-07,2,20,2026-07-07T17:30:00,10
1832,107,24CV202T,2026-07-09,3,20,2026-07-09T17:30:00,11
1833,107,24CV202T,2026-07-10,4,20,2026-07-10T17:30:00,12
1834,107,24CV202T,2026-07-14,1,20,2026-07-14T17:30:00,13
1835,107,24CV202T,2026-07-16,2,20,2026-07-16T17:30:00,14
1836,107,24CV202T,2026-07-17,3,20,2026-07-17T17:30:00,15
1837,107,24CV202T,2026-07-21,4,20,2026-07-21T17:30:00,16
1838,107,24CV202T,2026-07-23,1,20,2026-07-23T17:30:00,17
1839,107,24CV202T,2026-07-24,2,20,2026-07-24T17:30:00,18
1840,107,24CV202T,2026-07-28,3,20,2026-07-28T17:30:00,19
1841,107,24CV202T,2026-07-30,4,20,2026-07-30T17:30:00,20
1842,107,24CV202T,2026-07-31,1,20,2026-07-31T17:30:00,21
1843,107,24CV202T,2026-08-04,2,20,2026-08-04T17:30:00,22
1844,107,24CV202T,2026-08-06,3,20,2026-08-06T17:30:00,23
1845,107,24CV202T,2026-08-07,4,20,2026-08-07T17:30:00,24
1846,107,24CV202T,2026-08-11,1,20,2026-08-11T17:30:00,25
1847,107,24CV202T,2026-08-13,2,20,2026-08-13T17:30:00,26
1848,107,24CV202T,2026-08-14,3,20,2026-08-14T17:30:00,27
1849,107,24CV202T,2026-08-18,4,20,2026-08-18T17:30:00,28
1850,107,24CV202T,2026-08-20,1,20,2026-08-20T17:30:00,29
1851,107,24CV202T,2026-08-21,2,20,2026-08-21T17:30:00,30
1852,107,24CV202T,2026-08-25,3,20,2026-08-25T17:30:00,31
1853,107,24CV202T,2026-08-27,4,20,2026-08-27T17:30:00,32
1854,108,24CV203T,2026-06-22,1,17,2026-06-22T17:30:00,1
1855,108,24CV203T,2026-06-29,2,17,2026-06-29T17:30:00,2
1856,108,24CV203T,2026-07-06,3,17,2026-07-06T17:30:00,3
1857,108,24CV203T,2026-07-13,4,17,2026-07-13T17:30:00,4
1858,108,24CV203T,2026-07-20,1,17,2026-07-20T17:30:00,5
1859,108,24CV203T,2026-07-27,2,17,2026-07-27T17:30:00,6
1860,108,24CV203T,2026-08-03,3,17,2026-08-03T17:30:00,7
1861,108,24CV203T,2026-08-10,4,17,2026-08-10T17:30:00,8
1862,108,24CV203T,2026-08-17,1,17,2026-08-17T17:30:00,9
1863,108,24CV203T,2026-08-24,2,17,2026-08-24T17:30:00,10
1864,109,24CV204T,2026-06-16,1,19,2026-06-16T17:30:00,1
1865,109,24CV204T,2026-06-18,2,19,2026-06-18T17:30:00,2
1866,109,24CV204T,2026-06-20,3,19,2026-06-20T17:30:00,3
1867,109,24CV204T,2026-06-23,4,19,2026-06-23T17:30:00,4
1868,109,24CV204T,2026-06-25,1,19,2026-06-25T17:30:00,5
1869,109,24CV204T,2026-06-27,2,19,2026-06-27T17:30:00,6
1870,109,24CV204T,2026-06-30,3,19,2026-06-30T17:30:00,7
1871,109,24CV204T,2026-07-02,4,19,2026-07-02T17:30:00,8
1872,109,24CV204T,2026-07-04,1,19,2026-07-04T17:30:00,9
1873,109,24CV204T,2026-07-07,2,19,2026-07-07T17:30:00,10
1874,109,24CV204T,2026-07-09,3,19,2026-07-09T17:30:00,11
1875,109,24CV204T,2026-07-11,4,19,2026-07-11T17:30:00,12
1876,109,24CV204T,2026-07-14,1,19,2026-07-14T17:30:00,13
1877,109,24CV204T,2026-07-16,2,19,2026-07-16T17:30:00,14
1878,109,24CV204T,2026-07-18,3,19,2026-07-18T17:30:00,15
1879,109,24CV204T,2026-07-21,4,19,2026-07-21T17:30:00,16
1880,109,24CV204T,2026-07-23,1,19,2026-07-23T17:30:00,17
1881,109,24CV204T,2026-07-25,2,19,2026-07-25T17:30:00,18
1882,109,24CV204T,2026-07-28,3,19,2026-07-28T17:30:00,19
1883,109,24CV204T,2026-07-30,4,19,2026-07-30T17:30:00,20
1884,109,24CV204T,2026-08-01,1,19,2026-08-01T17:30:00,21
1885,109,24CV204T,2026-08-04,2,19,2026-08-04T17:30:00,22
1886,109,24CV204T,2026-08-06,3,19,2026-08-06T17:30:00,23
1887,109,24CV204T,2026-08-08,4,19,2026-08-08T17:30:00,24
1888,109,24CV204T,2026-08-11,1,19,2026-08-11T17:30:00,25
1889,109,24CV204T,2026-08-13,2,19,2026-08-13T17:30:00,26
1890,109,24CV204T,2026-08-18,3,19,2026-08-18T17:30:00,27
1891,109,24CV204T,2026-08-20,4,19,2026-08-20T17:30:00,28
1892,109,24CV204T,2026-08-22,1,19,2026-08-22T17:30:00,29
1893,109,24CV204T,2026-08-25,2,19,2026-08-25T17:30:00,30
1894,109,24CV204T,2026-08-27,3,19,2026-08-27T17:30:00,31
1895,110,24CV205T,2026-06-17,1,18,2026-06-17T17:30:00,1
1896,110,24CV205T,2026-06-22,2,18,2026-06-22T17:30:00,2
1897,110,24CV205T,2026-06-24,3,18,2026-06-24T17:30:00,3
1898,110,24CV205T,2026-06-29,4,18,2026-06-29T17:30:00,4
1899,110,24CV205T,2026-07-01,1,18,2026-07-01T17:30:00,5
1900,110,24CV205T,2026-07-06,2,18,2026-07-06T17:30:00,6
1901,110,24CV205T,2026-07-08,3,18,2026-07-08T17:30:00,7
1902,110,24CV205T,2026-07-13,4,18,2026-07-13T17:30:00,8
1903,110,24CV205T,2026-07-15,1,18,2026-07-15T17:30:00,9
1904,110,24CV205T,2026-07-20,2,18,2026-07-20T17:30:00,10
1905,110,24CV205T,2026-07-22,3,18,2026-07-22T17:30:00,11
1906,110,24CV205T,2026-07-27,4,18,2026-07-27T17:30:00,12
1907,110,24CV205T,2026-07-29,1,18,2026-07-29T17:30:00,13
1908,110,24CV205T,2026-08-03,2,18,2026-08-03T17:30:00,14
1909,110,24CV205T,2026-08-05,3,18,2026-08-05T17:30:00,15
1910,110,24CV205T,2026-08-10,4,18,2026-08-10T17:30:00,16
1911,110,24CV205T,2026-08-12,1,18,2026-08-12T17:30:00,17
1912,110,24CV205T,2026-08-17,2,18,2026-08-17T17:30:00,18
1913,110,24CV205T,2026-08-19,3,18,2026-08-19T17:30:00,19
1914,110,24CV205T,2026-08-24,4,18,2026-08-24T17:30:00,20
1915,111,24CV206P,2026-06-19,,17,2026-06-19T17:30:00,1
1916,111,24CV206P,2026-06-26,,17,2026-06-26T17:30:00,2
1917,111,24CV206P,2026-07-03,,17,2026-07-03T17:30:00,3
1918,111,24CV206P,2026-07-10,,17,2026-07-10T17:30:00,4
1919,111,24CV206P,2026-07-17,,17,2026-07-17T17:30:00,5
1920,111,24CV206P,2026-07-24,,17,2026-07-24T17:30:00,6
1921,111,24CV206P,2026-07-31,,17,2026-07-31T17:30:00,7
1922,111,24CV206P,2026-08-07,,17,2026-08-07T17:30:00,8
1923,111,24CV206P,2026-08-14,,17,2026-08-14T17:30:00,9
1924,111,24CV206P,2026-08-21,,17,2026-08-21T17:30:00,10
1925,112,24CV206P,2026-06-16,,17,2026-06-16T17:30:00,1
1926,112,24CV206P,2026-06-23,,17,2026-06-23T17:30:00,2
1927,112,24CV206P,2026-06-30,,17,2026-06-30T17:30:00,3
1928,112,24CV206P,2026-07-07,,17,2026-07-07T17:30:00,4
1929,112,24CV206P,2026-07-14,,17,2026-07-14T17:30:00,5
1930,112,24CV206P,2026-07-21,,17,2026-07-21T17:30:00,6
1931,112,24CV206P,2026-07-28,,17,2026-07-28T17:30:00,7
1932,112,24CV206P,2026-08-04,,17,2026-08-04T17:30:00,8
1933,112,24CV206P,2026-08-11,,17,2026-08-11T17:30:00,9
1934,112,24CV206P,2026-08-18,,17,2026-08-18T17:30:00,10
1935,112,24CV206P,2026-08-25,,17,2026-08-25T17:30:00,11
1936,113,24HS101T,2026-06-16,1,27,2026-06-16T17:30:00,1
1937,113,24HS101T,2026-06-18,2,27,2026-06-18T17:30:00,2
1938,113,24HS101T,2026-06-23,3,27,2026-06-23T17:30:00,3
1939,113,24HS101T,2026-06-25,4,27,2026-06-25T17:30:00,4
1940,113,24HS101T,2026-06-30,1,27,2026-06-30T17:30:00,5
1941,113,24HS101T,2026-07-02,2,27,2026-07-02T17:30:00,6
1942,113,24HS101T,2026-07-07,3,27,2026-07-07T17:30:00,7
1943,113,24HS101T,2026-07-09,4,27,2026-07-09T17:30:00,8
1944,113,24HS101T,2026-07-14,1,27,2026-07-14T17:30:00,9
1945,113,24HS101T,2026-07-16,2,27,2026-07-16T17:30:00,10
1946,113,24HS101T,2026-07-21,3,27,2026-07-21T17:30:00,11
1947,113,24HS101T,2026-07-23,4,27,2026-07-23T17:30:00,12
1948,113,24HS101T,2026-07-28,1,27,2026-07-28T17:30:00,13
1949,113,24HS101T,2026-07-30,2,27,2026-07-30T17:30:00,14
1950,113,24HS101T,2026-08-04,3,27,2026-08-04T17:30:00,15
1951,113,24HS101T,2026-08-06,4,27,2026-08-06T17:30:00,16
1952,113,24HS101T,2026-08-11,1,27,2026-08-11T17:30:00,17
1953,113,24HS101T,2026-08-13,2,27,2026-08-13T17:30:00,18
1954,113,24HS101T,2026-08-18,3,27,2026-08-18T17:30:00,19
1955,113,24HS101T,2026-08-20,4,27,2026-08-20T17:30:00,20
1956,113,24HS101T,2026-08-25,1,27,2026-08-25T17:30:00,21
1957,113,24HS101T,2026-08-27,2,27,2026-08-27T17:30:00,22
1958,114,24MA101T,2026-06-17,1,26,2026-06-17T17:30:00,1
1959,114,24MA101T,2026-06-19,2,26,2026-06-19T17:30:00,2
1960,114,24MA101T,2026-06-22,3,26,2026-06-22T17:30:00,3
1961,114,24MA101T,2026-06-24,4,26,2026-06-24T17:30:00,4
1962,114,24MA101T,2026-06-26,1,26,2026-06-26T17:30:00,5
1963,114,24MA101T,2026-06-29,2,26,2026-06-29T17:30:00,6
1964,114,24MA101T,2026-07-01,3,26,2026-07-01T17:30:00,7
1965,114,24MA101T,2026-07-03,4,26,2026-07-03T17:30:00,8
1966,114,24MA101T,2026-07-06,1,26,2026-07-06T17:30:00,9
1967,114,24MA101T,2026-07-08,2,26,2026-07-08T17:30:00,10
1968,114,24MA101T,2026-07-10,3,26,2026-07-10T17:30:00,11
1969,114,24MA101T,2026-07-13,4,26,2026-07-13T17:30:00,12
1970,114,24MA101T,2026-07-15,1,26,2026-07-15T17:30:00,13
1971,114,24MA101T,2026-07-17,2,26,2026-07-17T17:30:00,14
1972,114,24MA101T,2026-07-20,3,26,2026-07-20T17:30:00,15
1973,114,24MA101T,2026-07-22,4,26,2026-07-22T17:30:00,16
1974,114,24MA101T,2026-07-24,1,26,2026-07-24T17:30:00,17
1975,114,24MA101T,2026-07-27,2,26,2026-07-27T17:30:00,18
1976,114,24MA101T,2026-07-29,3,26,2026-07-29T17:30:00,19
1977,114,24MA101T,2026-07-31,4,26,2026-07-31T17:30:00,20
1978,114,24MA101T,2026-08-03,1,26,2026-08-03T17:30:00,21
1979,114,24MA101T,2026-08-05,2,26,2026-08-05T17:30:00,22
1980,114,24MA101T,2026-08-07,3,26,2026-08-07T17:30:00,23
1981,114,24MA101T,2026-08-10,4,26,2026-08-10T17:30:00,24
1982,114,24MA101T,2026-08-12,1,26,2026-08-12T17:30:00,25
1983,114,24MA101T,2026-08-14,2,26,2026-08-14T17:30:00,26
1984,114,24MA101T,2026-08-17,3,26,2026-08-17T17:30:00,27
1985,114,24MA101T,2026-08-19,4,26,2026-08-19T17:30:00,28
1986,114,24MA101T,2026-08-21,1,26,2026-08-21T17:30:00,29
1987,114,24MA101T,2026-08-24,2,26,2026-08-24T17:30:00,30
1988,115,24PH102T,2026-06-16,1,28,2026-06-16T17:30:00,1
1989,115,24PH102T,2026-06-18,2,28,2026-06-18T17:30:00,2
1990,115,24PH102T,2026-06-20,3,28,2026-06-20T17:30:00,3
1991,115,24PH102T,2026-06-23,4,28,2026-06-23T17:30:00,4
1992,115,24PH102T,2026-06-25,1,28,2026-06-25T17:30:00,5
1993,115,24PH102T,2026-06-27,2,28,2026-06-27T17:30:00,6
1994,115,24PH102T,2026-06-30,3,28,2026-06-30T17:30:00,7
1995,115,24PH102T,2026-07-02,4,28,2026-07-02T17:30:00,8
1996,115,24PH102T,2026-07-04,1,28,2026-07-04T17:30:00,9
1997,115,24PH102T,2026-07-07,2,28,2026-07-07T17:30:00,10
1998,115,24PH102T,2026-07-09,3,28,2026-07-09T17:30:00,11
1999,115,24PH102T,2026-07-11,4,28,2026-07-11T17:30:00,12
2000,115,24PH102T,2026-07-14,1,28,2026-07-14T17:30:00,13
2001,115,24PH102T,2026-07-16,2,28,2026-07-16T17:30:00,14
2002,115,24PH102T,2026-07-18,3,28,2026-07-18T17:30:00,15
2003,115,24PH102T,2026-07-21,4,28,2026-07-21T17:30:00,16
2004,115,24PH102T,2026-07-23,1,28,2026-07-23T17:30:00,17
2005,115,24PH102T,2026-07-25,2,28,2026-07-25T17:30:00,18
2006,115,24PH102T,2026-07-28,3,28,2026-07-28T17:30:00,19
2007,115,24PH102T,2026-07-30,4,28,2026-07-30T17:30:00,20
2008,115,24PH102T,2026-08-01,1,28,2026-08-01T17:30:00,21
2009,115,24PH102T,2026-08-04,2,28,2026-08-04T17:30:00,22
2010,115,24PH102T,2026-08-06,3,28,2026-08-06T17:30:00,23
2011,115,24PH102T,2026-08-08,4,28,2026-08-08T17:30:00,24
2012,115,24PH102T,2026-08-11,1,28,2026-08-11T17:30:00,25
2013,115,24PH102T,2026-08-13,2,28,2026-08-13T17:30:00,26
2014,115,24PH102T,2026-08-18,3,28,2026-08-18T17:30:00,27
2015,115,24PH102T,2026-08-20,4,28,2026-08-20T17:30:00,28
2016,115,24PH102T,2026-08-22,1,28,2026-08-22T17:30:00,29
2017,115,24PH102T,2026-08-25,2,28,2026-08-25T17:30:00,30
2018,115,24PH102T,2026-08-27,3,28,2026-08-27T17:30:00,31
2019,116,24PH102P,2026-06-16,,26,2026-06-16T17:30:00,1
2020,116,24PH102P,2026-06-23,,26,2026-06-23T17:30:00,2
2021,116,24PH102P,2026-06-30,,26,2026-06-30T17:30:00,3
2022,116,24PH102P,2026-07-07,,26,2026-07-07T17:30:00,4
2023,116,24PH102P,2026-07-14,,26,2026-07-14T17:30:00,5
2024,116,24PH102P,2026-07-21,,26,2026-07-21T17:30:00,6
2025,116,24PH102P,2026-07-28,,26,2026-07-28T17:30:00,7
2026,116,24PH102P,2026-08-04,,26,2026-08-04T17:30:00,8
2027,116,24PH102P,2026-08-11,,26,2026-08-11T17:30:00,9
2028,116,24PH102P,2026-08-18,,26,2026-08-18T17:30:00,10
2029,116,24PH102P,2026-08-25,,26,2026-08-25T17:30:00,11
2030,117,24PH102P,2026-06-17,,28,2026-06-17T17:30:00,1
2031,117,24PH102P,2026-06-24,,28,2026-06-24T17:30:00,2
2032,117,24PH102P,2026-07-01,,28,2026-07-01T17:30:00,3
2033,117,24PH102P,2026-07-08,,28,2026-07-08T17:30:00,4
2034,117,24PH102P,2026-07-15,,28,2026-07-15T17:30:00,5
2035,117,24PH102P,2026-07-22,,28,2026-07-22T17:30:00,6
2036,117,24PH102P,2026-07-29,,28,2026-07-29T17:30:00,7
2037,117,24PH102P,2026-08-05,,28,2026-08-05T17:30:00,8
2038,117,24PH102P,2026-08-12,,28,2026-08-12T17:30:00,9
2039,117,24PH102P,2026-08-19,,28,2026-08-19T17:30:00,10
2040,118,24CV101T,2026-06-18,1,19,2026-06-18T17:30:00,1
2041,118,24CV101T,2026-06-22,2,19,2026-06-22T17:30:00,2
2042,118,24CV101T,2026-06-25,3,19,2026-06-25T17:30:00,3
2043,118,24CV101T,2026-06-29,4,19,2026-06-29T17:30:00,4
2044,118,24CV101T,2026-07-02,1,19,2026-07-02T17:30:00,5
2045,118,24CV101T,2026-07-06,2,19,2026-07-06T17:30:00,6
2046,118,24CV101T,2026-07-09,3,19,2026-07-09T17:30:00,7
2047,118,24CV101T,2026-07-13,4,19,2026-07-13T17:30:00,8
2048,118,24CV101T,2026-07-16,1,19,2026-07-16T17:30:00,9
2049,118,24CV101T,2026-07-20,2,19,2026-07-20T17:30:00,10
2050,118,24CV101T,2026-07-23,3,19,2026-07-23T17:30:00,11
2051,118,24CV101T,2026-07-27,4,19,2026-07-27T17:30:00,12
2052,118,24CV101T,2026-07-30,1,19,2026-07-30T17:30:00,13
2053,118,24CV101T,2026-08-03,2,19,2026-08-03T17:30:00,14
2054,118,24CV101T,2026-08-06,3,19,2026-08-06T17:30:00,15
2055,118,24CV101T,2026-08-10,4,19,2026-08-10T17:30:00,16
2056,118,24CV101T,2026-08-13,1,19,2026-08-13T17:30:00,17
2057,118,24CV101T,2026-08-17,2,19,2026-08-17T17:30:00,18
2058,118,24CV101T,2026-08-20,3,19,2026-08-20T17:30:00,19
2059,118,24CV101T,2026-08-24,4,19,2026-08-24T17:30:00,20
2060,118,24CV101T,2026-08-27,1,19,2026-08-27T17:30:00,21
2061,119,24ME101P,2026-06-19,,15,2026-06-19T17:30:00,1
2062,119,24ME101P,2026-06-26,,15,2026-06-26T17:30:00,2
2063,119,24ME101P,2026-07-03,,15,2026-07-03T17:30:00,3
2064,119,24ME101P,2026-07-10,,15,2026-07-10T17:30:00,4
2065,119,24ME101P,2026-07-17,,15,2026-07-17T17:30:00,5
2066,119,24ME101P,2026-07-24,,15,2026-07-24T17:30:00,6
2067,119,24ME101P,2026-07-31,,15,2026-07-31T17:30:00,7
2068,119,24ME101P,2026-08-07,,15,2026-08-07T17:30:00,8
2069,119,24ME101P,2026-08-14,,15,2026-08-14T17:30:00,9
2070,119,24ME101P,2026-08-21,,15,2026-08-21T17:30:00,10
2071,120,24ME101P,2026-06-16,,13,2026-06-16T17:30:00,1
2072,120,24ME101P,2026-06-23,,13,2026-06-23T17:30:00,2
2073,120,24ME101P,2026-06-30,,13,2026-06-30T17:30:00,3
2074,120,24ME101P,2026-07-07,,13,2026-07-07T17:30:00,4
2075,120,24ME101P,2026-07-14,,13,2026-07-14T17:30:00,5
2076,120,24ME101P,2026-07-21,,13,2026-07-21T17:30:00,6
2077,120,24ME101P,2026-07-28,,13,2026-07-28T17:30:00,7
2078,120,24ME101P,2026-08-04,,13,2026-08-04T17:30:00,8
2079,120,24ME101P,2026-08-11,,13,2026-08-11T17:30:00,9
2080,120,24ME101P,2026-08-18,,13,2026-08-18T17:30:00,10
2081,120,24ME101P,2026-08-25,,13,2026-08-25T17:30:00,11
2082,121,24BT102T,2026-06-16,1,25,2026-06-16T17:30:00,1
2083,121,24BT102T,2026-06-18,2,25,2026-06-18T17:30:00,2
2084,121,24BT102T,2026-06-23,3,25,2026-06-23T17:30:00,3
2085,121,24BT102T,2026-06-25,4,25,2026-06-25T17:30:00,4
2086,121,24BT102T,2026-06-30,1,25,2026-06-30T17:30:00,5
2087,121,24BT102T,2026-07-02,2,25,2026-07-02T17:30:00,6
2088,121,24BT102T,2026-07-07,3,25,2026-07-07T17:30:00,7
2089,121,24BT102T,2026-07-09,4,25,2026-07-09T17:30:00,8
2090,121,24BT102T,2026-07-14,1,25,2026-07-14T17:30:00,9
2091,121,24BT102T,2026-07-16,2,25,2026-07-16T17:30:00,10
2092,121,24BT102T,2026-07-21,3,25,2026-07-21T17:30:00,11
2093,121,24BT102T,2026-07-23,4,25,2026-07-23T17:30:00,12
2094,121,24BT102T,2026-07-28,1,25,2026-07-28T17:30:00,13
2095,121,24BT102T,2026-07-30,2,25,2026-07-30T17:30:00,14
2096,121,24BT102T,2026-08-04,3,25,2026-08-04T17:30:00,15
2097,121,24BT102T,2026-08-06,4,25,2026-08-06T17:30:00,16
2098,121,24BT102T,2026-08-11,1,25,2026-08-11T17:30:00,17
2099,121,24BT102T,2026-08-13,2,25,2026-08-13T17:30:00,18
2100,121,24BT102T,2026-08-18,3,25,2026-08-18T17:30:00,19
2101,121,24BT102T,2026-08-20,4,25,2026-08-20T17:30:00,20
2102,121,24BT102T,2026-08-25,1,25,2026-08-25T17:30:00,21
2103,121,24BT102T,2026-08-27,2,25,2026-08-27T17:30:00,22
2104,122,24CP101T,2026-06-22,1,1,2026-06-22T17:30:00,1
2105,122,24CP101T,2026-06-29,2,1,2026-06-29T17:30:00,2
2106,122,24CP101T,2026-07-06,3,1,2026-07-06T17:30:00,3
2107,122,24CP101T,2026-07-13,4,1,2026-07-13T17:30:00,4
2108,122,24CP101T,2026-07-20,1,1,2026-07-20T17:30:00,5
2109,122,24CP101T,2026-07-27,2,1,2026-07-27T17:30:00,6
2110,122,24CP101T,2026-08-03,3,1,2026-08-03T17:30:00,7
2111,122,24CP101T,2026-08-10,4,1,2026-08-10T17:30:00,8
2112,122,24CP101T,2026-08-17,1,1,2026-08-17T17:30:00,9
2113,122,24CP101T,2026-08-24,2,1,2026-08-24T17:30:00,10
2114,123,24CP101P,2026-06-19,,3,2026-06-19T17:30:00,1
2115,123,24CP101P,2026-06-26,,3,2026-06-26T17:30:00,2
2116,123,24CP101P,2026-07-03,,3,2026-07-03T17:30:00,3
2117,123,24CP101P,2026-07-10,,3,2026-07-10T17:30:00,4
2118,123,24CP101P,2026-07-17,,3,2026-07-17T17:30:00,5
2119,123,24CP101P,2026-07-24,,3,2026-07-24T17:30:00,6
2120,123,24CP101P,2026-07-31,,3,2026-07-31T17:30:00,7
2121,123,24CP101P,2026-08-07,,3,2026-08-07T17:30:00,8
2122,123,24CP101P,2026-08-14,,3,2026-08-14T17:30:00,9
2123,123,24CP101P,2026-08-21,,3,2026-08-21T17:30:00,10
2124,124,24CP101P,2026-06-16,,4,2026-06-16T17:30:00,1
2125,124,24CP101P,2026-06-23,,4,2026-06-23T17:30:00,2
2126,124,24CP101P,2026-06-30,,4,2026-06-30T17:30:00,3
2127,124,24CP101P,2026-07-07,,4,2026-07-07T17:30:00,4
2128,124,24CP101P,2026-07-14,,4,2026-07-14T17:30:00,5
2129,124,24CP101P,2026-07-21,,4,2026-07-21T17:30:00,6
2130,124,24CP101P,2026-07-28,,4,2026-07-28T17:30:00,7
2131,124,24CP101P,2026-08-04,,4,2026-08-04T17:30:00,8
2132,124,24CP101P,2026-08-11,,4,2026-08-11T17:30:00,9
2133,124,24CP101P,2026-08-18,,4,2026-08-18T17:30:00,10
2134,124,24CP101P,2026-08-25,,4,2026-08-25T17:30:00,11
2135,125,24HS102T,2026-06-16,1,27,2026-06-16T17:30:00,1
2136,125,24HS102T,2026-06-23,2,27,2026-06-23T17:30:00,2
2137,125,24HS102T,2026-06-30,3,27,2026-06-30T17:30:00,3
2138,125,24HS102T,2026-07-07,4,27,2026-07-07T17:30:00,4
2139,125,24HS102T,2026-07-14,1,27,2026-07-14T17:30:00,5
2140,125,24HS102T,2026-07-21,2,27,2026-07-21T17:30:00,6
2141,125,24HS102T,2026-07-28,3,27,2026-07-28T17:30:00,7
2142,125,24HS102T,2026-08-04,4,27,2026-08-04T17:30:00,8
2143,125,24HS102T,2026-08-11,1,27,2026-08-11T17:30:00,9
2144,125,24HS102T,2026-08-18,2,27,2026-08-18T17:30:00,10
2145,125,24HS102T,2026-08-25,3,27,2026-08-25T17:30:00,11
2146,126,24HS103T,2026-06-17,1,27,2026-06-17T17:30:00,1
2147,126,24HS103T,2026-06-22,2,27,2026-06-22T17:30:00,2
2148,126,24HS103T,2026-06-24,3,27,2026-06-24T17:30:00,3
2149,126,24HS103T,2026-06-29,4,27,2026-06-29T17:30:00,4
2150,126,24HS103T,2026-07-01,1,27,2026-07-01T17:30:00,5
2151,126,24HS103T,2026-07-06,2,27,2026-07-06T17:30:00,6
2152,126,24HS103T,2026-07-08,3,27,2026-07-08T17:30:00,7
2153,126,24HS103T,2026-07-13,4,27,2026-07-13T17:30:00,8
2154,126,24HS103T,2026-07-15,1,27,2026-07-15T17:30:00,9
2155,126,24HS103T,2026-07-20,2,27,2026-07-20T17:30:00,10
2156,126,24HS103T,2026-07-22,3,27,2026-07-22T17:30:00,11
2157,126,24HS103T,2026-07-27,4,27,2026-07-27T17:30:00,12
2158,126,24HS103T,2026-07-29,1,27,2026-07-29T17:30:00,13
2159,126,24HS103T,2026-08-03,2,27,2026-08-03T17:30:00,14
2160,126,24HS103T,2026-08-05,3,27,2026-08-05T17:30:00,15
2161,126,24HS103T,2026-08-10,4,27,2026-08-10T17:30:00,16
2162,126,24HS103T,2026-08-12,1,27,2026-08-12T17:30:00,17
2163,126,24HS103T,2026-08-17,2,27,2026-08-17T17:30:00,18
2164,126,24HS103T,2026-08-19,3,27,2026-08-19T17:30:00,19
2165,126,24HS103T,2026-08-24,4,27,2026-08-24T17:30:00,20
2166,128,24MA201T,2026-06-17,1,26,2026-06-17T17:30:00,1
2167,128,24MA201T,2026-06-18,2,26,2026-06-18T17:30:00,2
2168,128,24MA201T,2026-06-22,3,26,2026-06-22T17:30:00,3
2169,128,24MA201T,2026-06-24,4,26,2026-06-24T17:30:00,4
2170,128,24MA201T,2026-06-25,1,26,2026-06-25T17:30:00,5
2171,128,24MA201T,2026-06-29,2,26,2026-06-29T17:30:00,6
2172,128,24MA201T,2026-07-01,3,26,2026-07-01T17:30:00,7
2173,128,24MA201T,2026-07-02,4,26,2026-07-02T17:30:00,8
2174,128,24MA201T,2026-07-06,1,26,2026-07-06T17:30:00,9
2175,128,24MA201T,2026-07-08,2,26,2026-07-08T17:30:00,10
2176,128,24MA201T,2026-07-09,3,26,2026-07-09T17:30:00,11
2177,128,24MA201T,2026-07-13,4,26,2026-07-13T17:30:00,12
2178,128,24MA201T,2026-07-15,1,26,2026-07-15T17:30:00,13
2179,128,24MA201T,2026-07-16,2,26,2026-07-16T17:30:00,14
2180,128,24MA201T,2026-07-20,3,26,2026-07-20T17:30:00,15
2181,128,24MA201T,2026-07-22,4,26,2026-07-22T17:30:00,16
2182,128,24MA201T,2026-07-23,1,26,2026-07-23T17:30:00,17
2183,128,24MA201T,2026-07-27,2,26,2026-07-27T17:30:00,18
2184,128,24MA201T,2026-07-29,3,26,2026-07-29T17:30:00,19
2185,128,24MA201T,2026-07-30,4,26,2026-07-30T17:30:00,20
2186,128,24MA201T,2026-08-03,1,26,2026-08-03T17:30:00,21
2187,128,24MA201T,2026-08-05,2,26,2026-08-05T17:30:00,22
2188,128,24MA201T,2026-08-06,3,26,2026-08-06T17:30:00,23
2189,128,24MA201T,2026-08-10,4,26,2026-08-10T17:30:00,24
2190,128,24MA201T,2026-08-12,1,26,2026-08-12T17:30:00,25
2191,128,24MA201T,2026-08-13,2,26,2026-08-13T17:30:00,26
2192,128,24MA201T,2026-08-17,3,26,2026-08-17T17:30:00,27
2193,128,24MA201T,2026-08-19,4,26,2026-08-19T17:30:00,28
2194,128,24MA201T,2026-08-20,1,26,2026-08-20T17:30:00,29
2195,128,24MA201T,2026-08-24,2,26,2026-08-24T17:30:00,30
2196,128,24MA201T,2026-08-27,3,26,2026-08-27T17:30:00,31
2197,129,24CH201T,2026-06-16,1,21,2026-06-16T17:30:00,1
2198,129,24CH201T,2026-06-17,2,21,2026-06-17T17:30:00,2
2199,129,24CH201T,2026-06-19,3,21,2026-06-19T17:30:00,3
2200,129,24CH201T,2026-06-23,4,21,2026-06-23T17:30:00,4
2201,129,24CH201T,2026-06-24,1,21,2026-06-24T17:30:00,5
2202,129,24CH201T,2026-06-26,2,21,2026-06-26T17:30:00,6
2203,129,24CH201T,2026-06-30,3,21,2026-06-30T17:30:00,7
2204,129,24CH201T,2026-07-01,4,21,2026-07-01T17:30:00,8
2205,129,24CH201T,2026-07-03,1,21,2026-07-03T17:30:00,9
2206,129,24CH201T,2026-07-07,2,21,2026-07-07T17:30:00,10
2207,129,24CH201T,2026-07-08,3,21,2026-07-08T17:30:00,11
2208,129,24CH201T,2026-07-10,4,21,2026-07-10T17:30:00,12
2209,129,24CH201T,2026-07-14,1,21,2026-07-14T17:30:00,13
2210,129,24CH201T,2026-07-15,2,21,2026-07-15T17:30:00,14
2211,129,24CH201T,2026-07-17,3,21,2026-07-17T17:30:00,15
2212,129,24CH201T,2026-07-21,4,21,2026-07-21T17:30:00,16
2213,129,24CH201T,2026-07-22,1,21,2026-07-22T17:30:00,17
2214,129,24CH201T,2026-07-24,2,21,2026-07-24T17:30:00,18
2215,129,24CH201T,2026-07-28,3,21,2026-07-28T17:30:00,19
2216,129,24CH201T,2026-07-29,4,21,2026-07-29T17:30:00,20
2217,129,24CH201T,2026-07-31,1,21,2026-07-31T17:30:00,21
2218,129,24CH201T,2026-08-04,2,21,2026-08-04T17:30:00,22
2219,129,24CH201T,2026-08-05,3,21,2026-08-05T17:30:00,23
2220,129,24CH201T,2026-08-07,4,21,2026-08-07T17:30:00,24
2221,129,24CH201T,2026-08-11,1,21,2026-08-11T17:30:00,25
2222,129,24CH201T,2026-08-12,2,21,2026-08-12T17:30:00,26
2223,129,24CH201T,2026-08-14,3,21,2026-08-14T17:30:00,27
2224,129,24CH201T,2026-08-18,4,21,2026-08-18T17:30:00,28
2225,129,24CH201T,2026-08-19,1,21,2026-08-19T17:30:00,29
2226,129,24CH201T,2026-08-21,2,21,2026-08-21T17:30:00,30
2227,129,24CH201T,2026-08-25,3,21,2026-08-25T17:30:00,31
2228,130,24CH202T,2026-06-18,1,22,2026-06-18T17:30:00,1
2229,130,24CH202T,2026-06-19,2,22,2026-06-19T17:30:00,2
2230,130,24CH202T,2026-06-22,3,22,2026-06-22T17:30:00,3
2231,130,24CH202T,2026-06-25,4,22,2026-06-25T17:30:00,4
2232,130,24CH202T,2026-06-26,1,22,2026-06-26T17:30:00,5
2233,130,24CH202T,2026-06-29,2,22,2026-06-29T17:30:00,6
2234,130,24CH202T,2026-07-02,3,22,2026-07-02T17:30:00,7
2235,130,24CH202T,2026-07-03,4,22,2026-07-03T17:30:00,8
2236,130,24CH202T,2026-07-06,1,22,2026-07-06T17:30:00,9
2237,130,24CH202T,2026-07-09,2,22,2026-07-09T17:30:00,10
2238,130,24CH202T,2026-07-10,3,22,2026-07-10T17:30:00,11
2239,130,24CH202T,2026-07-13,4,22,2026-07-13T17:30:00,12
2240,130,24CH202T,2026-07-16,1,22,2026-07-16T17:30:00,13
2241,130,24CH202T,2026-07-17,2,22,2026-07-17T17:30:00,14
2242,130,24CH202T,2026-07-20,3,22,2026-07-20T17:30:00,15
2243,130,24CH202T,2026-07-23,4,22,2026-07-23T17:30:00,16
2244,130,24CH202T,2026-07-24,1,22,2026-07-24T17:30:00,17
2245,130,24CH202T,2026-07-27,2,22,2026-07-27T17:30:00,18
2246,130,24CH202T,2026-07-30,3,22,2026-07-30T17:30:00,19
2247,130,24CH202T,2026-07-31,4,22,2026-07-31T17:30:00,20
2248,130,24CH202T,2026-08-03,1,22,2026-08-03T17:30:00,21
2249,130,24CH202T,2026-08-06,2,22,2026-08-06T17:30:00,22
2250,130,24CH202T,2026-08-07,3,22,2026-08-07T17:30:00,23
2251,130,24CH202T,2026-08-10,4,22,2026-08-10T17:30:00,24
2252,130,24CH202T,2026-08-13,1,22,2026-08-13T17:30:00,25
2253,130,24CH202T,2026-08-14,2,22,2026-08-14T17:30:00,26
2254,130,24CH202T,2026-08-17,3,22,2026-08-17T17:30:00,27
2255,130,24CH202T,2026-08-20,4,22,2026-08-20T17:30:00,28
2256,130,24CH202T,2026-08-21,1,22,2026-08-21T17:30:00,29
2257,130,24CH202T,2026-08-24,2,22,2026-08-24T17:30:00,30
2258,130,24CH202T,2026-08-27,3,22,2026-08-27T17:30:00,31
2259,131,24CH203T,2026-06-16,1,24,2026-06-16T17:30:00,1
2260,131,24CH203T,2026-06-18,2,24,2026-06-18T17:30:00,2
2261,131,24CH203T,2026-06-19,3,24,2026-06-19T17:30:00,3
2262,131,24CH203T,2026-06-23,4,24,2026-06-23T17:30:00,4
2263,131,24CH203T,2026-06-25,1,24,2026-06-25T17:30:00,5
2264,131,24CH203T,2026-06-26,2,24,2026-06-26T17:30:00,6
2265,131,24CH203T,2026-06-30,3,24,2026-06-30T17:30:00,7
2266,131,24CH203T,2026-07-02,4,24,2026-07-02T17:30:00,8
2267,131,24CH203T,2026-07-03,1,24,2026-07-03T17:30:00,9
2268,131,24CH203T,2026-07-07,2,24,2026-07-07T17:30:00,10
2269,131,24CH203T,2026-07-09,3,24,2026-07-09T17:30:00,11
2270,131,24CH203T,2026-07-10,4,24,2026-07-10T17:30:00,12
2271,131,24CH203T,2026-07-14,1,24,2026-07-14T17:30:00,13
2272,131,24CH203T,2026-07-16,2,24,2026-07-16T17:30:00,14
2273,131,24CH203T,2026-07-17,3,24,2026-07-17T17:30:00,15
2274,131,24CH203T,2026-07-21,4,24,2026-07-21T17:30:00,16
2275,131,24CH203T,2026-07-23,1,24,2026-07-23T17:30:00,17
2276,131,24CH203T,2026-07-24,2,24,2026-07-24T17:30:00,18
2277,131,24CH203T,2026-07-28,3,24,2026-07-28T17:30:00,19
2278,131,24CH203T,2026-07-30,4,24,2026-07-30T17:30:00,20
2279,131,24CH203T,2026-07-31,1,24,2026-07-31T17:30:00,21
2280,131,24CH203T,2026-08-04,2,24,2026-08-04T17:30:00,22
2281,131,24CH203T,2026-08-06,3,24,2026-08-06T17:30:00,23
2282,131,24CH203T,2026-08-07,4,24,2026-08-07T17:30:00,24
2283,131,24CH203T,2026-08-11,1,24,2026-08-11T17:30:00,25
2284,131,24CH203T,2026-08-13,2,24,2026-08-13T17:30:00,26
2285,131,24CH203T,2026-08-14,3,24,2026-08-14T17:30:00,27
2286,131,24CH203T,2026-08-18,4,24,2026-08-18T17:30:00,28
2287,131,24CH203T,2026-08-20,1,24,2026-08-20T17:30:00,29
2288,131,24CH203T,2026-08-21,2,24,2026-08-21T17:30:00,30
2289,131,24CH203T,2026-08-25,3,24,2026-08-25T17:30:00,31
2290,131,24CH203T,2026-08-27,4,24,2026-08-27T17:30:00,32
2291,132,24CH203P,2026-06-16,,24,2026-06-16T17:30:00,1
2292,132,24CH203P,2026-06-23,,24,2026-06-23T17:30:00,2
2293,132,24CH203P,2026-06-30,,24,2026-06-30T17:30:00,3
2294,132,24CH203P,2026-07-07,,24,2026-07-07T17:30:00,4
2295,132,24CH203P,2026-07-14,,24,2026-07-14T17:30:00,5
2296,132,24CH203P,2026-07-21,,24,2026-07-21T17:30:00,6
2297,132,24CH203P,2026-07-28,,24,2026-07-28T17:30:00,7
2298,132,24CH203P,2026-08-04,,24,2026-08-04T17:30:00,8
2299,132,24CH203P,2026-08-11,,24,2026-08-11T17:30:00,9
2300,132,24CH203P,2026-08-18,,24,2026-08-18T17:30:00,10
2301,132,24CH203P,2026-08-25,,24,2026-08-25T17:30:00,11
2302,133,24CH203P,2026-06-17,,24,2026-06-17T17:30:00,1
2303,133,24CH203P,2026-06-24,,24,2026-06-24T17:30:00,2
2304,133,24CH203P,2026-07-01,,24,2026-07-01T17:30:00,3
2305,133,24CH203P,2026-07-08,,24,2026-07-08T17:30:00,4
2306,133,24CH203P,2026-07-15,,24,2026-07-15T17:30:00,5
2307,133,24CH203P,2026-07-22,,24,2026-07-22T17:30:00,6
2308,133,24CH203P,2026-07-29,,24,2026-07-29T17:30:00,7
2309,133,24CH203P,2026-08-05,,24,2026-08-05T17:30:00,8
2310,133,24CH203P,2026-08-12,,24,2026-08-12T17:30:00,9
2311,133,24CH203P,2026-08-19,,24,2026-08-19T17:30:00,10
2312,134,24CH204T,2026-06-17,1,21,2026-06-17T17:30:00,1
2313,134,24CH204T,2026-06-18,2,21,2026-06-18T17:30:00,2
2314,134,24CH204T,2026-06-22,3,21,2026-06-22T17:30:00,3
2315,134,24CH204T,2026-06-24,4,21,2026-06-24T17:30:00,4
2316,134,24CH204T,2026-06-25,1,21,2026-06-25T17:30:00,5
2317,134,24CH204T,2026-06-29,2,21,2026-06-29T17:30:00,6
2318,134,24CH204T,2026-07-01,3,21,2026-07-01T17:30:00,7
2319,134,24CH204T,2026-07-02,4,21,2026-07-02T17:30:00,8
2320,134,24CH204T,2026-07-06,1,21,2026-07-06T17:30:00,9
2321,134,24CH204T,2026-07-08,2,21,2026-07-08T17:30:00,10
2322,134,24CH204T,2026-07-09,3,21,2026-07-09T17:30:00,11
2323,134,24CH204T,2026-07-13,4,21,2026-07-13T17:30:00,12
2324,134,24CH204T,2026-07-15,1,21,2026-07-15T17:30:00,13
2325,134,24CH204T,2026-07-16,2,21,2026-07-16T17:30:00,14
2326,134,24CH204T,2026-07-20,3,21,2026-07-20T17:30:00,15
2327,134,24CH204T,2026-07-22,4,21,2026-07-22T17:30:00,16
2328,134,24CH204T,2026-07-23,1,21,2026-07-23T17:30:00,17
2329,134,24CH204T,2026-07-27,2,21,2026-07-27T17:30:00,18
2330,134,24CH204T,2026-07-29,3,21,2026-07-29T17:30:00,19
2331,134,24CH204T,2026-07-30,4,21,2026-07-30T17:30:00,20
2332,134,24CH204T,2026-08-03,1,21,2026-08-03T17:30:00,21
2333,134,24CH204T,2026-08-05,2,21,2026-08-05T17:30:00,22
2334,134,24CH204T,2026-08-06,3,21,2026-08-06T17:30:00,23
2335,134,24CH204T,2026-08-10,4,21,2026-08-10T17:30:00,24
2336,134,24CH204T,2026-08-12,1,21,2026-08-12T17:30:00,25
2337,134,24CH204T,2026-08-13,2,21,2026-08-13T17:30:00,26
2338,134,24CH204T,2026-08-17,3,21,2026-08-17T17:30:00,27
2339,134,24CH204T,2026-08-19,4,21,2026-08-19T17:30:00,28
2340,134,24CH204T,2026-08-20,1,21,2026-08-20T17:30:00,29
2341,134,24CH204T,2026-08-24,2,21,2026-08-24T17:30:00,30
2342,134,24CH204T,2026-08-27,3,21,2026-08-27T17:30:00,31
2343,135,24CH204P,2026-06-19,,21,2026-06-19T17:30:00,1
2344,135,24CH204P,2026-06-26,,21,2026-06-26T17:30:00,2
2345,135,24CH204P,2026-07-03,,21,2026-07-03T17:30:00,3
2346,135,24CH204P,2026-07-10,,21,2026-07-10T17:30:00,4
2347,135,24CH204P,2026-07-17,,21,2026-07-17T17:30:00,5
2348,135,24CH204P,2026-07-24,,21,2026-07-24T17:30:00,6
2349,135,24CH204P,2026-07-31,,21,2026-07-31T17:30:00,7
2350,135,24CH204P,2026-08-07,,21,2026-08-07T17:30:00,8
2351,135,24CH204P,2026-08-14,,21,2026-08-14T17:30:00,9
2352,135,24CH204P,2026-08-21,,21,2026-08-21T17:30:00,10
2353,136,24CH204P,2026-06-16,,21,2026-06-16T17:30:00,1
2354,136,24CH204P,2026-06-23,,21,2026-06-23T17:30:00,2
2355,136,24CH204P,2026-06-30,,21,2026-06-30T17:30:00,3
2356,136,24CH204P,2026-07-07,,21,2026-07-07T17:30:00,4
2357,136,24CH204P,2026-07-14,,21,2026-07-14T17:30:00,5
2358,136,24CH204P,2026-07-21,,21,2026-07-21T17:30:00,6
2359,136,24CH204P,2026-07-28,,21,2026-07-28T17:30:00,7
2360,136,24CH204P,2026-08-04,,21,2026-08-04T17:30:00,8
2361,136,24CH204P,2026-08-11,,21,2026-08-11T17:30:00,9
2362,136,24CH204P,2026-08-18,,21,2026-08-18T17:30:00,10
2363,136,24CH204P,2026-08-25,,21,2026-08-25T17:30:00,11
2364,137,24MA101T,2026-06-16,1,27,2026-06-16T17:30:00,1
2365,137,24MA101T,2026-06-18,2,27,2026-06-18T17:30:00,2
2366,137,24MA101T,2026-06-19,3,27,2026-06-19T17:30:00,3
2367,137,24MA101T,2026-06-23,4,27,2026-06-23T17:30:00,4
2368,137,24MA101T,2026-06-25,1,27,2026-06-25T17:30:00,5
2369,137,24MA101T,2026-06-26,2,27,2026-06-26T17:30:00,6
2370,137,24MA101T,2026-06-30,3,27,2026-06-30T17:30:00,7
2371,137,24MA101T,2026-07-02,4,27,2026-07-02T17:30:00,8
2372,137,24MA101T,2026-07-03,1,27,2026-07-03T17:30:00,9
2373,137,24MA101T,2026-07-07,2,27,2026-07-07T17:30:00,10
2374,137,24MA101T,2026-07-09,3,27,2026-07-09T17:30:00,11
2375,137,24MA101T,2026-07-10,4,27,2026-07-10T17:30:00,12
2376,137,24MA101T,2026-07-14,1,27,2026-07-14T17:30:00,13
2377,137,24MA101T,2026-07-16,2,27,2026-07-16T17:30:00,14
2378,137,24MA101T,2026-07-17,3,27,2026-07-17T17:30:00,15
2379,137,24MA101T,2026-07-21,4,27,2026-07-21T17:30:00,16
2380,137,24MA101T,2026-07-23,1,27,2026-07-23T17:30:00,17
2381,137,24MA101T,2026-07-24,2,27,2026-07-24T17:30:00,18
2382,137,24MA101T,2026-07-28,3,27,2026-07-28T17:30:00,19
2383,137,24MA101T,2026-07-30,4,27,2026-07-30T17:30:00,20
2384,137,24MA101T,2026-07-31,1,27,2026-07-31T17:30:00,21
2385,137,24MA101T,2026-08-04,2,27,2026-08-04T17:30:00,22
2386,137,24MA101T,2026-08-06,3,27,2026-08-06T17:30:00,23
2387,137,24MA101T,2026-08-07,4,27,2026-08-07T17:30:00,24
2388,137,24MA101T,2026-08-11,1,27,2026-08-11T17:30:00,25
2389,137,24MA101T,2026-08-13,2,27,2026-08-13T17:30:00,26
2390,137,24MA101T,2026-08-14,3,27,2026-08-14T17:30:00,27
2391,137,24MA101T,2026-08-18,4,27,2026-08-18T17:30:00,28
2392,137,24MA101T,2026-08-20,1,27,2026-08-20T17:30:00,29
2393,137,24MA101T,2026-08-21,2,27,2026-08-21T17:30:00,30
2394,137,24MA101T,2026-08-25,3,27,2026-08-25T17:30:00,31
2395,137,24MA101T,2026-08-27,4,27,2026-08-27T17:30:00,32
2396,138,24HS101T,2026-06-17,1,25,2026-06-17T17:30:00,1
2397,138,24HS101T,2026-06-22,2,25,2026-06-22T17:30:00,2
2398,138,24HS101T,2026-06-24,3,25,2026-06-24T17:30:00,3
2399,138,24HS101T,2026-06-29,4,25,2026-06-29T17:30:00,4
2400,138,24HS101T,2026-07-01,1,25,2026-07-01T17:30:00,5
2401,138,24HS101T,2026-07-06,2,25,2026-07-06T17:30:00,6
2402,138,24HS101T,2026-07-08,3,25,2026-07-08T17:30:00,7
2403,138,24HS101T,2026-07-13,4,25,2026-07-13T17:30:00,8
2404,138,24HS101T,2026-07-15,1,25,2026-07-15T17:30:00,9
2405,138,24HS101T,2026-07-20,2,25,2026-07-20T17:30:00,10
2406,138,24HS101T,2026-07-22,3,25,2026-07-22T17:30:00,11
2407,138,24HS101T,2026-07-27,4,25,2026-07-27T17:30:00,12
2408,138,24HS101T,2026-07-29,1,25,2026-07-29T17:30:00,13
2409,138,24HS101T,2026-08-03,2,25,2026-08-03T17:30:00,14
2410,138,24HS101T,2026-08-05,3,25,2026-08-05T17:30:00,15
2411,138,24HS101T,2026-08-10,4,25,2026-08-10T17:30:00,16
2412,138,24HS101T,2026-08-12,1,25,2026-08-12T17:30:00,17
2413,138,24HS101T,2026-08-17,2,25,2026-08-17T17:30:00,18
2414,138,24HS101T,2026-08-19,3,25,2026-08-19T17:30:00,19
2415,138,24HS101T,2026-08-24,4,25,2026-08-24T17:30:00,20
2416,139,24CP101T,2026-06-16,1,3,2026-06-16T17:30:00,1
2417,139,24CP101T,2026-06-23,2,3,2026-06-23T17:30:00,2
2418,139,24CP101T,2026-06-30,3,3,2026-06-30T17:30:00,3
2419,139,24CP101T,2026-07-07,4,3,2026-07-07T17:30:00,4
2420,139,24CP101T,2026-07-14,1,3,2026-07-14T17:30:00,5
2421,139,24CP101T,2026-07-21,2,3,2026-07-21T17:30:00,6
2422,139,24CP101T,2026-07-28,3,3,2026-07-28T17:30:00,7
2423,139,24CP101T,2026-08-04,4,3,2026-08-04T17:30:00,8
2424,139,24CP101T,2026-08-11,1,3,2026-08-11T17:30:00,9
2425,139,24CP101T,2026-08-18,2,3,2026-08-18T17:30:00,10
2426,139,24CP101T,2026-08-25,3,3,2026-08-25T17:30:00,11
2427,140,24CP101P,2026-06-16,,4,2026-06-16T17:30:00,1
2428,140,24CP101P,2026-06-23,,4,2026-06-23T17:30:00,2
2429,140,24CP101P,2026-06-30,,4,2026-06-30T17:30:00,3
2430,140,24CP101P,2026-07-07,,4,2026-07-07T17:30:00,4
2431,140,24CP101P,2026-07-14,,4,2026-07-14T17:30:00,5
2432,140,24CP101P,2026-07-21,,4,2026-07-21T17:30:00,6
2433,140,24CP101P,2026-07-28,,4,2026-07-28T17:30:00,7
2434,140,24CP101P,2026-08-04,,4,2026-08-04T17:30:00,8
2435,140,24CP101P,2026-08-11,,4,2026-08-11T17:30:00,9
2436,140,24CP101P,2026-08-18,,4,2026-08-18T17:30:00,10
2437,140,24CP101P,2026-08-25,,4,2026-08-25T17:30:00,11
2438,141,24CP101P,2026-06-17,,1,2026-06-17T17:30:00,1
2439,141,24CP101P,2026-06-24,,1,2026-06-24T17:30:00,2
2440,141,24CP101P,2026-07-01,,1,2026-07-01T17:30:00,3
2441,141,24CP101P,2026-07-08,,1,2026-07-08T17:30:00,4
2442,141,24CP101P,2026-07-15,,1,2026-07-15T17:30:00,5
2443,141,24CP101P,2026-07-22,,1,2026-07-22T17:30:00,6
2444,141,24CP101P,2026-07-29,,1,2026-07-29T17:30:00,7
2445,141,24CP101P,2026-08-05,,1,2026-08-05T17:30:00,8
2446,141,24CP101P,2026-08-12,,1,2026-08-12T17:30:00,9
2447,141,24CP101P,2026-08-19,,1,2026-08-19T17:30:00,10
2448,142,24CH101T,2026-06-18,1,23,2026-06-18T17:30:00,1
2449,142,24CH101T,2026-06-19,2,23,2026-06-19T17:30:00,2
2450,142,24CH101T,2026-06-22,3,23,2026-06-22T17:30:00,3
2451,142,24CH101T,2026-06-25,4,23,2026-06-25T17:30:00,4
2452,142,24CH101T,2026-06-26,1,23,2026-06-26T17:30:00,5
2453,142,24CH101T,2026-06-29,2,23,2026-06-29T17:30:00,6
2454,142,24CH101T,2026-07-02,3,23,2026-07-02T17:30:00,7
2455,142,24CH101T,2026-07-03,4,23,2026-07-03T17:30:00,8
2456,142,24CH101T,2026-07-06,1,23,2026-07-06T17:30:00,9
2457,142,24CH101T,2026-07-09,2,23,2026-07-09T17:30:00,10
2458,142,24CH101T,2026-07-10,3,23,2026-07-10T17:30:00,11
2459,142,24CH101T,2026-07-13,4,23,2026-07-13T17:30:00,12
2460,142,24CH101T,2026-07-16,1,23,2026-07-16T17:30:00,13
2461,142,24CH101T,2026-07-17,2,23,2026-07-17T17:30:00,14
2462,142,24CH101T,2026-07-20,3,23,2026-07-20T17:30:00,15
2463,142,24CH101T,2026-07-23,4,23,2026-07-23T17:30:00,16
2464,142,24CH101T,2026-07-24,1,23,2026-07-24T17:30:00,17
2465,142,24CH101T,2026-07-27,2,23,2026-07-27T17:30:00,18
2466,142,24CH101T,2026-07-30,3,23,2026-07-30T17:30:00,19
2467,142,24CH101T,2026-07-31,4,23,2026-07-31T17:30:00,20
2468,142,24CH101T,2026-08-03,1,23,2026-08-03T17:30:00,21
2469,142,24CH101T,2026-08-06,2,23,2026-08-06T17:30:00,22
2470,142,24CH101T,2026-08-07,3,23,2026-08-07T17:30:00,23
2471,142,24CH101T,2026-08-10,4,23,2026-08-10T17:30:00,24
2472,142,24CH101T,2026-08-13,1,23,2026-08-13T17:30:00,25
2473,142,24CH101T,2026-08-14,2,23,2026-08-14T17:30:00,26
2474,142,24CH101T,2026-08-17,3,23,2026-08-17T17:30:00,27
2475,142,24CH101T,2026-08-20,4,23,2026-08-20T17:30:00,28
2476,142,24CH101T,2026-08-21,1,23,2026-08-21T17:30:00,29
2477,142,24CH101T,2026-08-24,2,23,2026-08-24T17:30:00,30
2478,142,24CH101T,2026-08-27,3,23,2026-08-27T17:30:00,31
2479,143,24CH101P,2026-06-19,,24,2026-06-19T17:30:00,1
2480,143,24CH101P,2026-06-26,,24,2026-06-26T17:30:00,2
2481,143,24CH101P,2026-07-03,,24,2026-07-03T17:30:00,3
2482,143,24CH101P,2026-07-10,,24,2026-07-10T17:30:00,4
2483,143,24CH101P,2026-07-17,,24,2026-07-17T17:30:00,5
2484,143,24CH101P,2026-07-24,,24,2026-07-24T17:30:00,6
2485,143,24CH101P,2026-07-31,,24,2026-07-31T17:30:00,7
2486,143,24CH101P,2026-08-07,,24,2026-08-07T17:30:00,8
2487,143,24CH101P,2026-08-14,,24,2026-08-14T17:30:00,9
2488,143,24CH101P,2026-08-21,,24,2026-08-21T17:30:00,10
2489,144,24CH101P,2026-06-16,,24,2026-06-16T17:30:00,1
2490,144,24CH101P,2026-06-23,,24,2026-06-23T17:30:00,2
2491,144,24CH101P,2026-06-30,,24,2026-06-30T17:30:00,3
2492,144,24CH101P,2026-07-07,,24,2026-07-07T17:30:00,4
2493,144,24CH101P,2026-07-14,,24,2026-07-14T17:30:00,5
2494,144,24CH101P,2026-07-21,,24,2026-07-21T17:30:00,6
2495,144,24CH101P,2026-07-28,,24,2026-07-28T17:30:00,7
2496,144,24CH101P,2026-08-04,,24,2026-08-04T17:30:00,8
2497,144,24CH101P,2026-08-11,,24,2026-08-11T17:30:00,9
2498,144,24CH101P,2026-08-18,,24,2026-08-18T17:30:00,10
2499,144,24CH101P,2026-08-25,,24,2026-08-25T17:30:00,11
2500,145,24EE101T,2026-06-16,1,25,2026-06-16T17:30:00,1
2501,145,24EE101T,2026-06-18,2,25,2026-06-18T17:30:00,2
2502,145,24EE101T,2026-06-20,3,25,2026-06-20T17:30:00,3
2503,145,24EE101T,2026-06-23,4,25,2026-06-23T17:30:00,4
2504,145,24EE101T,2026-06-25,1,25,2026-06-25T17:30:00,5
2505,145,24EE101T,2026-06-27,2,25,2026-06-27T17:30:00,6
2506,145,24EE101T,2026-06-30,3,25,2026-06-30T17:30:00,7
2507,145,24EE101T,2026-07-02,4,25,2026-07-02T17:30:00,8
2508,145,24EE101T,2026-07-04,1,25,2026-07-04T17:30:00,9
2509,145,24EE101T,2026-07-07,2,25,2026-07-07T17:30:00,10
2510,145,24EE101T,2026-07-09,3,25,2026-07-09T17:30:00,11
2511,145,24EE101T,2026-07-11,4,25,2026-07-11T17:30:00,12
2512,145,24EE101T,2026-07-14,1,25,2026-07-14T17:30:00,13
2513,145,24EE101T,2026-07-16,2,25,2026-07-16T17:30:00,14
2514,145,24EE101T,2026-07-18,3,25,2026-07-18T17:30:00,15
2515,145,24EE101T,2026-07-21,4,25,2026-07-21T17:30:00,16
2516,145,24EE101T,2026-07-23,1,25,2026-07-23T17:30:00,17
2517,145,24EE101T,2026-07-25,2,25,2026-07-25T17:30:00,18
2518,145,24EE101T,2026-07-28,3,25,2026-07-28T17:30:00,19
2519,145,24EE101T,2026-07-30,4,25,2026-07-30T17:30:00,20
2520,145,24EE101T,2026-08-01,1,25,2026-08-01T17:30:00,21
2521,145,24EE101T,2026-08-04,2,25,2026-08-04T17:30:00,22
2522,145,24EE101T,2026-08-06,3,25,2026-08-06T17:30:00,23
2523,145,24EE101T,2026-08-08,4,25,2026-08-08T17:30:00,24
2524,145,24EE101T,2026-08-11,1,25,2026-08-11T17:30:00,25
2525,145,24EE101T,2026-08-13,2,25,2026-08-13T17:30:00,26
2526,145,24EE101T,2026-08-18,3,25,2026-08-18T17:30:00,27
2527,145,24EE101T,2026-08-20,4,25,2026-08-20T17:30:00,28
2528,145,24EE101T,2026-08-22,1,25,2026-08-22T17:30:00,29
2529,145,24EE101T,2026-08-25,2,25,2026-08-25T17:30:00,30
2530,145,24EE101T,2026-08-27,3,25,2026-08-27T17:30:00,31
2531,146,24EE101P,2026-06-18,,26,2026-06-18T17:30:00,1
2532,146,24EE101P,2026-06-25,,26,2026-06-25T17:30:00,2
2533,146,24EE101P,2026-07-02,,26,2026-07-02T17:30:00,3
2534,146,24EE101P,2026-07-09,,26,2026-07-09T17:30:00,4
2535,146,24EE101P,2026-07-16,,26,2026-07-16T17:30:00,5
2536,146,24EE101P,2026-07-23,,26,2026-07-23T17:30:00,6
2537,146,24EE101P,2026-07-30,,26,2026-07-30T17:30:00,7
2538,146,24EE101P,2026-08-06,,26,2026-08-06T17:30:00,8
2539,146,24EE101P,2026-08-13,,26,2026-08-13T17:30:00,9
2540,146,24EE101P,2026-08-20,,26,2026-08-20T17:30:00,10
2541,146,24EE101P,2026-08-27,,26,2026-08-27T17:30:00,11
2542,147,24EE101P,2026-06-19,,26,2026-06-19T17:30:00,1
2543,147,24EE101P,2026-06-26,,26,2026-06-26T17:30:00,2
2544,147,24EE101P,2026-07-03,,26,2026-07-03T17:30:00,3
2545,147,24EE101P,2026-07-10,,26,2026-07-10T17:30:00,4
2546,147,24EE101P,2026-07-17,,26,2026-07-17T17:30:00,5
2547,147,24EE101P,2026-07-24,,26,2026-07-24T17:30:00,6
2548,147,24EE101P,2026-07-31,,26,2026-07-31T17:30:00,7
2549,147,24EE101P,2026-08-07,,26,2026-08-07T17:30:00,8
2550,147,24EE101P,2026-08-14,,26,2026-08-14T17:30:00,9
2551,147,24EE101P,2026-08-21,,26,2026-08-21T17:30:00,10
2552,148,24BT101T,2026-06-18,1,28,2026-06-18T17:30:00,1
2553,148,24BT101T,2026-06-22,2,28,2026-06-22T17:30:00,2
2554,148,24BT101T,2026-06-25,3,28,2026-06-25T17:30:00,3
2555,148,24BT101T,2026-06-29,4,28,2026-06-29T17:30:00,4
2556,148,24BT101T,2026-07-02,1,28,2026-07-02T17:30:00,5
2557,148,24BT101T,2026-07-06,2,28,2026-07-06T17:30:00,6
2558,148,24BT101T,2026-07-09,3,28,2026-07-09T17:30:00,7
2559,148,24BT101T,2026-07-13,4,28,2026-07-13T17:30:00,8
2560,148,24BT101T,2026-07-16,1,28,2026-07-16T17:30:00,9
2561,148,24BT101T,2026-07-20,2,28,2026-07-20T17:30:00,10
2562,148,24BT101T,2026-07-23,3,28,2026-07-23T17:30:00,11
2563,148,24BT101T,2026-07-27,4,28,2026-07-27T17:30:00,12
2564,148,24BT101T,2026-07-30,1,28,2026-07-30T17:30:00,13
2565,148,24BT101T,2026-08-03,2,28,2026-08-03T17:30:00,14
2566,148,24BT101T,2026-08-06,3,28,2026-08-06T17:30:00,15
2567,148,24BT101T,2026-08-10,4,28,2026-08-10T17:30:00,16
2568,148,24BT101T,2026-08-13,1,28,2026-08-13T17:30:00,17
2569,148,24BT101T,2026-08-17,2,28,2026-08-17T17:30:00,18
2570,148,24BT101T,2026-08-20,3,28,2026-08-20T17:30:00,19
2571,148,24BT101T,2026-08-24,4,28,2026-08-24T17:30:00,20
2572,148,24BT101T,2026-08-27,1,28,2026-08-27T17:30:00,21
2573,149,24HS104T,2026-06-16,1,26,2026-06-16T17:30:00,1
2574,149,24HS104T,2026-06-23,2,26,2026-06-23T17:30:00,2
2575,149,24HS104T,2026-06-30,3,26,2026-06-30T17:30:00,3
2576,149,24HS104T,2026-07-07,4,26,2026-07-07T17:30:00,4
2577,149,24HS104T,2026-07-14,1,26,2026-07-14T17:30:00,5
2578,149,24HS104T,2026-07-21,2,26,2026-07-21T17:30:00,6
2579,149,24HS104T,2026-07-28,3,26,2026-07-28T17:30:00,7
2580,149,24HS104T,2026-08-04,4,26,2026-08-04T17:30:00,8
2581,149,24HS104T,2026-08-11,1,26,2026-08-11T17:30:00,9
2582,149,24HS104T,2026-08-18,2,26,2026-08-18T17:30:00,10
2583,149,24HS104T,2026-08-25,3,26,2026-08-25T17:30:00,11
2584,150,24YOG101,2026-06-22,1,26,2026-06-22T17:30:00,1
2585,150,24YOG101,2026-06-29,2,26,2026-06-29T17:30:00,2
2586,150,24YOG101,2026-07-06,3,26,2026-07-06T17:30:00,3
2587,150,24YOG101,2026-07-13,4,26,2026-07-13T17:30:00,4
2588,150,24YOG101,2026-07-20,1,26,2026-07-20T17:30:00,5
2589,150,24YOG101,2026-07-27,2,26,2026-07-27T17:30:00,6
2590,150,24YOG101,2026-08-03,3,26,2026-08-03T17:30:00,7
2591,150,24YOG101,2026-08-10,4,26,2026-08-10T17:30:00,8
2592,150,24YOG101,2026-08-17,1,26,2026-08-17T17:30:00,9
2593,150,24YOG101,2026-08-24,2,26,2026-08-24T17:30:00,10
2594,151,24NSS101,2026-06-16,1,27,2026-06-16T17:30:00,1
2595,151,24NSS101,2026-06-23,2,27,2026-06-23T17:30:00,2
2596,151,24NSS101,2026-06-30,3,27,2026-06-30T17:30:00,3
2597,151,24NSS101,2026-07-07,4,27,2026-07-07T17:30:00,4
2598,151,24NSS101,2026-07-14,1,27,2026-07-14T17:30:00,5
2599,151,24NSS101,2026-07-21,2,27,2026-07-21T17:30:00,6
2600,151,24NSS101,2026-07-28,3,27,2026-07-28T17:30:00,7
2601,151,24NSS101,2026-08-04,4,27,2026-08-04T17:30:00,8
2602,151,24NSS101,2026-08-11,1,27,2026-08-11T17:30:00,9
2603,151,24NSS101,2026-08-18,2,27,2026-08-18T17:30:00,10
2604,151,24NSS101,2026-08-25,3,27,2026-08-25T17:30:00,11
2605,152,24NCC101,2026-06-22,1,27,2026-06-22T17:30:00,1
2606,152,24NCC101,2026-06-29,2,27,2026-06-29T17:30:00,2
2607,152,24NCC101,2026-07-06,3,27,2026-07-06T17:30:00,3
2608,152,24NCC101,2026-07-13,4,27,2026-07-13T17:30:00,4
2609,152,24NCC101,2026-07-20,1,27,2026-07-20T17:30:00,5
2610,152,24NCC101,2026-07-27,2,27,2026-07-27T17:30:00,6
2611,152,24NCC101,2026-08-03,3,27,2026-08-03T17:30:00,7
2612,152,24NCC101,2026-08-10,4,27,2026-08-10T17:30:00,8
2613,152,24NCC101,2026-08-17,1,27,2026-08-17T17:30:00,9
2614,152,24NCC101,2026-08-24,2,27,2026-08-24T17:30:00,10
2615,153,24HS105T,2026-01-06,1,27,2026-01-06T17:30:00,1
2616,153,24HS105T,2026-01-07,2,27,2026-01-07T17:30:00,2
2617,153,24HS105T,2026-01-13,3,27,2026-01-13T17:30:00,3
2618,153,24HS105T,2026-01-20,4,27,2026-01-20T17:30:00,4
2619,153,24HS105T,2026-01-21,1,27,2026-01-21T17:30:00,5
2620,153,24HS105T,2026-01-27,2,27,2026-01-27T17:30:00,6
2621,153,24HS105T,2026-01-28,3,27,2026-01-28T17:30:00,7
2622,153,24HS105T,2026-02-03,4,27,2026-02-03T17:30:00,8
2623,153,24HS105T,2026-02-04,1,27,2026-02-04T17:30:00,9
2624,153,24HS105T,2026-02-10,2,27,2026-02-10T17:30:00,10
2625,153,24HS105T,2026-02-11,3,27,2026-02-11T17:30:00,11
2626,153,24HS105T,2026-02-17,4,27,2026-02-17T17:30:00,12
2627,153,24HS105T,2026-02-18,1,27,2026-02-18T17:30:00,13
2628,153,24HS105T,2026-02-24,2,27,2026-02-24T17:30:00,14
2629,153,24HS105T,2026-02-25,3,27,2026-02-25T17:30:00,15
2630,153,24HS105T,2026-03-03,4,27,2026-03-03T17:30:00,16
2631,153,24HS105T,2026-03-17,1,27,2026-03-17T17:30:00,17
2632,153,24HS105T,2026-03-18,2,27,2026-03-18T17:30:00,18
2633,153,24HS105T,2026-03-24,3,27,2026-03-24T17:30:00,19
2634,153,24HS105T,2026-03-25,4,27,2026-03-25T17:30:00,20
2635,153,24HS105T,2026-03-31,1,27,2026-03-31T17:30:00,21
2636,153,24HS105T,2026-04-01,2,27,2026-04-01T17:30:00,22
2637,153,24HS105T,2026-04-07,3,27,2026-04-07T17:30:00,23
2638,153,24HS105T,2026-04-08,4,27,2026-04-08T17:30:00,24
2639,153,24HS105T,2026-04-15,1,27,2026-04-15T17:30:00,25
2640,153,24HS105T,2026-04-21,2,27,2026-04-21T17:30:00,26
2641,153,24HS105T,2026-04-22,3,27,2026-04-22T17:30:00,27
2642,153,24HS105T,2026-04-28,4,27,2026-04-28T17:30:00,28
2643,153,24HS105T,2026-04-29,1,27,2026-04-29T17:30:00,29
2644,153,24HS105T,2026-05-05,2,27,2026-05-05T17:30:00,30
2645,153,24HS105T,2026-05-06,3,27,2026-05-06T17:30:00,31
2646,154,24MA103T,2026-01-05,1,28,2026-01-05T17:30:00,1
2647,154,24MA103T,2026-01-08,2,28,2026-01-08T17:30:00,2
2648,154,24MA103T,2026-01-09,3,28,2026-01-09T17:30:00,3
2649,154,24MA103T,2026-01-12,4,28,2026-01-12T17:30:00,4
2650,154,24MA103T,2026-01-16,1,28,2026-01-16T17:30:00,5
2651,154,24MA103T,2026-01-19,2,28,2026-01-19T17:30:00,6
2652,154,24MA103T,2026-01-22,3,28,2026-01-22T17:30:00,7
2653,154,24MA103T,2026-01-23,4,28,2026-01-23T17:30:00,8
2654,154,24MA103T,2026-01-29,1,28,2026-01-29T17:30:00,9
2655,154,24MA103T,2026-01-30,2,28,2026-01-30T17:30:00,10
2656,154,24MA103T,2026-02-02,3,28,2026-02-02T17:30:00,11
2657,154,24MA103T,2026-02-05,4,28,2026-02-05T17:30:00,12
2658,154,24MA103T,2026-02-06,1,28,2026-02-06T17:30:00,13
2659,154,24MA103T,2026-02-09,2,28,2026-02-09T17:30:00,14
2660,154,24MA103T,2026-02-12,3,28,2026-02-12T17:30:00,15
2661,154,24MA103T,2026-02-13,4,28,2026-02-13T17:30:00,16
2662,154,24MA103T,2026-02-16,1,28,2026-02-16T17:30:00,17
2663,154,24MA103T,2026-02-19,2,28,2026-02-19T17:30:00,18
2664,154,24MA103T,2026-02-20,3,28,2026-02-20T17:30:00,19
2665,154,24MA103T,2026-02-23,4,28,2026-02-23T17:30:00,20
2666,154,24MA103T,2026-02-26,1,28,2026-02-26T17:30:00,21
2667,154,24MA103T,2026-02-27,2,28,2026-02-27T17:30:00,22
2668,154,24MA103T,2026-03-02,3,28,2026-03-02T17:30:00,23
2669,154,24MA103T,2026-03-05,4,28,2026-03-05T17:30:00,24
2670,154,24MA103T,2026-03-06,1,28,2026-03-06T17:30:00,25
2671,154,24MA103T,2026-03-16,2,28,2026-03-16T17:30:00,26
2672,154,24MA103T,2026-03-19,3,28,2026-03-19T17:30:00,27
2673,154,24MA103T,2026-03-20,4,28,2026-03-20T17:30:00,28
2674,154,24MA103T,2026-03-23,1,28,2026-03-23T17:30:00,29
2675,154,24MA103T,2026-03-26,2,28,2026-03-26T17:30:00,30
2676,154,24MA103T,2026-03-27,3,28,2026-03-27T17:30:00,31
2677,154,24MA103T,2026-03-30,4,28,2026-03-30T17:30:00,32
2678,154,24MA103T,2026-04-02,1,28,2026-04-02T17:30:00,33
2679,154,24MA103T,2026-04-03,2,28,2026-04-03T17:30:00,34
2680,154,24MA103T,2026-04-06,3,28,2026-04-06T17:30:00,35
2681,154,24MA103T,2026-04-09,4,28,2026-04-09T17:30:00,36
2682,154,24MA103T,2026-04-10,1,28,2026-04-10T17:30:00,37
2683,154,24MA103T,2026-04-13,2,28,2026-04-13T17:30:00,38
2684,154,24MA103T,2026-04-16,3,28,2026-04-16T17:30:00,39
2685,154,24MA103T,2026-04-17,4,28,2026-04-17T17:30:00,40
2686,154,24MA103T,2026-04-20,1,28,2026-04-20T17:30:00,41
2687,154,24MA103T,2026-04-23,2,28,2026-04-23T17:30:00,42
2688,154,24MA103T,2026-04-24,3,28,2026-04-24T17:30:00,43
2689,154,24MA103T,2026-04-27,4,28,2026-04-27T17:30:00,44
2690,154,24MA103T,2026-04-30,1,28,2026-04-30T17:30:00,45
2691,154,24MA103T,2026-05-01,2,28,2026-05-01T17:30:00,46
2692,154,24MA103T,2026-05-04,3,28,2026-05-04T17:30:00,47
2693,154,24MA103T,2026-05-07,4,28,2026-05-07T17:30:00,48
2694,154,24MA103T,2026-05-08,1,28,2026-05-08T17:30:00,49
2695,155,24CH101T,2026-01-06,1,22,2026-01-06T17:30:00,1
2696,155,24CH101T,2026-01-08,2,22,2026-01-08T17:30:00,2
2697,155,24CH101T,2026-01-09,3,22,2026-01-09T17:30:00,3
2698,155,24CH101T,2026-01-13,4,22,2026-01-13T17:30:00,4
2699,155,24CH101T,2026-01-16,1,22,2026-01-16T17:30:00,5
2700,155,24CH101T,2026-01-20,2,22,2026-01-20T17:30:00,6
2701,155,24CH101T,2026-01-22,3,22,2026-01-22T17:30:00,7
2702,155,24CH101T,2026-01-23,4,22,2026-01-23T17:30:00,8
2703,155,24CH101T,2026-01-27,1,22,2026-01-27T17:30:00,9
2704,155,24CH101T,2026-01-29,2,22,2026-01-29T17:30:00,10
2705,155,24CH101T,2026-01-30,3,22,2026-01-30T17:30:00,11
2706,155,24CH101T,2026-02-03,4,22,2026-02-03T17:30:00,12
2707,155,24CH101T,2026-02-05,1,22,2026-02-05T17:30:00,13
2708,155,24CH101T,2026-02-06,2,22,2026-02-06T17:30:00,14
2709,155,24CH101T,2026-02-10,3,22,2026-02-10T17:30:00,15
2710,155,24CH101T,2026-02-12,4,22,2026-02-12T17:30:00,16
2711,155,24CH101T,2026-02-13,1,22,2026-02-13T17:30:00,17
2712,155,24CH101T,2026-02-17,2,22,2026-02-17T17:30:00,18
2713,155,24CH101T,2026-02-19,3,22,2026-02-19T17:30:00,19
2714,155,24CH101T,2026-02-20,4,22,2026-02-20T17:30:00,20
2715,155,24CH101T,2026-02-24,1,22,2026-02-24T17:30:00,21
2716,155,24CH101T,2026-02-26,2,22,2026-02-26T17:30:00,22
2717,155,24CH101T,2026-02-27,3,22,2026-02-27T17:30:00,23
2718,155,24CH101T,2026-03-03,4,22,2026-03-03T17:30:00,24
2719,155,24CH101T,2026-03-05,1,22,2026-03-05T17:30:00,25
2720,155,24CH101T,2026-03-06,2,22,2026-03-06T17:30:00,26
2721,155,24CH101T,2026-03-17,3,22,2026-03-17T17:30:00,27
2722,155,24CH101T,2026-03-19,4,22,2026-03-19T17:30:00,28
2723,155,24CH101T,2026-03-20,1,22,2026-03-20T17:30:00,29
2724,155,24CH101T,2026-03-24,2,22,2026-03-24T17:30:00,30
2725,155,24CH101T,2026-03-26,3,22,2026-03-26T17:30:00,31
2726,155,24CH101T,2026-03-27,4,22,2026-03-27T17:30:00,32
2727,155,24CH101T,2026-03-31,1,22,2026-03-31T17:30:00,33
2728,155,24CH101T,2026-04-02,2,22,2026-04-02T17:30:00,34
2729,155,24CH101T,2026-04-03,3,22,2026-04-03T17:30:00,35
2730,155,24CH101T,2026-04-07,4,22,2026-04-07T17:30:00,36
2731,155,24CH101T,2026-04-09,1,22,2026-04-09T17:30:00,37
2732,155,24CH101T,2026-04-10,2,22,2026-04-10T17:30:00,38
2733,155,24CH101T,2026-04-16,3,22,2026-04-16T17:30:00,39
2734,155,24CH101T,2026-04-17,4,22,2026-04-17T17:30:00,40
2735,155,24CH101T,2026-04-21,1,22,2026-04-21T17:30:00,41
2736,155,24CH101T,2026-04-23,2,22,2026-04-23T17:30:00,42
2737,155,24CH101T,2026-04-24,3,22,2026-04-24T17:30:00,43
2738,155,24CH101T,2026-04-28,4,22,2026-04-28T17:30:00,44
2739,155,24CH101T,2026-04-30,1,22,2026-04-30T17:30:00,45
2740,155,24CH101T,2026-05-01,2,22,2026-05-01T17:30:00,46
2741,155,24CH101T,2026-05-05,3,22,2026-05-05T17:30:00,47
2742,155,24CH101T,2026-05-07,4,22,2026-05-07T17:30:00,48
2743,155,24CH101T,2026-05-08,1,22,2026-05-08T17:30:00,49
2744,156,24CH101P,2026-01-06,,21,2026-01-06T17:30:00,1
2745,156,24CH101P,2026-01-13,,21,2026-01-13T17:30:00,2
2746,156,24CH101P,2026-01-20,,21,2026-01-20T17:30:00,3
2747,156,24CH101P,2026-01-27,,21,2026-01-27T17:30:00,4
2748,156,24CH101P,2026-02-03,,21,2026-02-03T17:30:00,5
2749,156,24CH101P,2026-02-10,,21,2026-02-10T17:30:00,6
2750,156,24CH101P,2026-02-17,,21,2026-02-17T17:30:00,7
2751,156,24CH101P,2026-02-24,,21,2026-02-24T17:30:00,8
2752,156,24CH101P,2026-03-03,,21,2026-03-03T17:30:00,9
2753,156,24CH101P,2026-03-17,,21,2026-03-17T17:30:00,10
2754,156,24CH101P,2026-03-24,,21,2026-03-24T17:30:00,11
2755,156,24CH101P,2026-03-31,,21,2026-03-31T17:30:00,12
2756,156,24CH101P,2026-04-07,,21,2026-04-07T17:30:00,13
2757,156,24CH101P,2026-04-21,,21,2026-04-21T17:30:00,14
2758,156,24CH101P,2026-04-28,,21,2026-04-28T17:30:00,15
2759,156,24CH101P,2026-05-05,,21,2026-05-05T17:30:00,16
2760,157,24CH101P,2026-01-07,,22,2026-01-07T17:30:00,1
2761,157,24CH101P,2026-01-21,,22,2026-01-21T17:30:00,2
2762,157,24CH101P,2026-01-28,,22,2026-01-28T17:30:00,3
2763,157,24CH101P,2026-02-04,,22,2026-02-04T17:30:00,4
2764,157,24CH101P,2026-02-11,,22,2026-02-11T17:30:00,5
2765,157,24CH101P,2026-02-18,,22,2026-02-18T17:30:00,6
2766,157,24CH101P,2026-02-25,,22,2026-02-25T17:30:00,7
2767,157,24CH101P,2026-03-18,,22,2026-03-18T17:30:00,8
2768,157,24CH101P,2026-03-25,,22,2026-03-25T17:30:00,9
2769,157,24CH101P,2026-04-01,,22,2026-04-01T17:30:00,10
2770,157,24CH101P,2026-04-08,,22,2026-04-08T17:30:00,11
2771,157,24CH101P,2026-04-15,,22,2026-04-15T17:30:00,12
2772,157,24CH101P,2026-04-22,,22,2026-04-22T17:30:00,13
2773,157,24CH101P,2026-04-29,,22,2026-04-29T17:30:00,14
2774,157,24CH101P,2026-05-06,,22,2026-05-06T17:30:00,15
2775,158,24EE101T,2026-01-05,1,28,2026-01-05T17:30:00,1
2776,158,24EE101T,2026-01-07,2,28,2026-01-07T17:30:00,2
2777,158,24EE101T,2026-01-08,3,28,2026-01-08T17:30:00,3
2778,158,24EE101T,2026-01-12,4,28,2026-01-12T17:30:00,4
2779,158,24EE101T,2026-01-19,1,28,2026-01-19T17:30:00,5
2780,158,24EE101T,2026-01-21,2,28,2026-01-21T17:30:00,6
2781,158,24EE101T,2026-01-22,3,28,2026-01-22T17:30:00,7
2782,158,24EE101T,2026-01-28,4,28,2026-01-28T17:30:00,8
2783,158,24EE101T,2026-01-29,1,28,2026-01-29T17:30:00,9
2784,158,24EE101T,2026-02-02,2,28,2026-02-02T17:30:00,10
2785,158,24EE101T,2026-02-04,3,28,2026-02-04T17:30:00,11
2786,158,24EE101T,2026-02-05,4,28,2026-02-05T17:30:00,12
2787,158,24EE101T,2026-02-09,1,28,2026-02-09T17:30:00,13
2788,158,24EE101T,2026-02-11,2,28,2026-02-11T17:30:00,14
2789,158,24EE101T,2026-02-12,3,28,2026-02-12T17:30:00,15
2790,158,24EE101T,2026-02-16,4,28,2026-02-16T17:30:00,16
2791,158,24EE101T,2026-02-18,1,28,2026-02-18T17:30:00,17
2792,158,24EE101T,2026-02-19,2,28,2026-02-19T17:30:00,18
2793,158,24EE101T,2026-02-23,3,28,2026-02-23T17:30:00,19
2794,158,24EE101T,2026-02-25,4,28,2026-02-25T17:30:00,20
2795,158,24EE101T,2026-02-26,1,28,2026-02-26T17:30:00,21
2796,158,24EE101T,2026-03-02,2,28,2026-03-02T17:30:00,22
2797,158,24EE101T,2026-03-05,3,28,2026-03-05T17:30:00,23
2798,158,24EE101T,2026-03-16,4,28,2026-03-16T17:30:00,24
2799,158,24EE101T,2026-03-18,1,28,2026-03-18T17:30:00,25
2800,158,24EE101T,2026-03-19,2,28,2026-03-19T17:30:00,26
2801,158,24EE101T,2026-03-23,3,28,2026-03-23T17:30:00,27
2802,158,24EE101T,2026-03-25,4,28,2026-03-25T17:30:00,28
2803,158,24EE101T,2026-03-26,1,28,2026-03-26T17:30:00,29
2804,158,24EE101T,2026-03-30,2,28,2026-03-30T17:30:00,30
2805,158,24EE101T,2026-04-01,3,28,2026-04-01T17:30:00,31
2806,158,24EE101T,2026-04-02,4,28,2026-04-02T17:30:00,32
2807,158,24EE101T,2026-04-06,1,28,2026-04-06T17:30:00,33
2808,158,24EE101T,2026-04-08,2,28,2026-04-08T17:30:00,34
2809,158,24EE101T,2026-04-09,3,28,2026-04-09T17:30:00,35
2810,158,24EE101T,2026-04-13,4,28,2026-04-13T17:30:00,36
2811,158,24EE101T,2026-04-15,1,28,2026-04-15T17:30:00,37
2812,158,24EE101T,2026-04-16,2,28,2026-04-16T17:30:00,38
2813,158,24EE101T,2026-04-20,3,28,2026-04-20T17:30:00,39
2814,158,24EE101T,2026-04-22,4,28,2026-04-22T17:30:00,40
2815,158,24EE101T,2026-04-23,1,28,2026-04-23T17:30:00,41
2816,158,24EE101T,2026-04-27,2,28,2026-04-27T17:30:00,42
2817,158,24EE101T,2026-04-29,3,28,2026-04-29T17:30:00,43
2818,158,24EE101T,2026-04-30,4,28,2026-04-30T17:30:00,44
2819,158,24EE101T,2026-05-04,1,28,2026-05-04T17:30:00,45
2820,158,24EE101T,2026-05-06,2,28,2026-05-06T17:30:00,46
2821,158,24EE101T,2026-05-07,3,28,2026-05-07T17:30:00,47
2822,159,24EE101P,2026-01-09,,27,2026-01-09T17:30:00,1
2823,159,24EE101P,2026-01-16,,27,2026-01-16T17:30:00,2
2824,159,24EE101P,2026-01-23,,27,2026-01-23T17:30:00,3
2825,159,24EE101P,2026-01-30,,27,2026-01-30T17:30:00,4
2826,159,24EE101P,2026-02-06,,27,2026-02-06T17:30:00,5
2827,159,24EE101P,2026-02-13,,27,2026-02-13T17:30:00,6
2828,159,24EE101P,2026-02-20,,27,2026-02-20T17:30:00,7
2829,159,24EE101P,2026-02-27,,27,2026-02-27T17:30:00,8
2830,159,24EE101P,2026-03-06,,27,2026-03-06T17:30:00,9
2831,159,24EE101P,2026-03-20,,27,2026-03-20T17:30:00,10
2832,159,24EE101P,2026-03-27,,27,2026-03-27T17:30:00,11
2833,159,24EE101P,2026-04-03,,27,2026-04-03T17:30:00,12
2834,159,24EE101P,2026-04-10,,27,2026-04-10T17:30:00,13
2835,159,24EE101P,2026-04-17,,27,2026-04-17T17:30:00,14
2836,159,24EE101P,2026-04-24,,27,2026-04-24T17:30:00,15
2837,159,24EE101P,2026-05-01,,27,2026-05-01T17:30:00,16
2838,159,24EE101P,2026-05-08,,27,2026-05-08T17:30:00,17
2839,160,24EE101P,2026-01-06,,28,2026-01-06T17:30:00,1
2840,160,24EE101P,2026-01-13,,28,2026-01-13T17:30:00,2
2841,160,24EE101P,2026-01-20,,28,2026-01-20T17:30:00,3
2842,160,24EE101P,2026-01-27,,28,2026-01-27T17:30:00,4
2843,160,24EE101P,2026-02-03,,28,2026-02-03T17:30:00,5
2844,160,24EE101P,2026-02-10,,28,2026-02-10T17:30:00,6
2845,160,24EE101P,2026-02-17,,28,2026-02-17T17:30:00,7
2846,160,24EE101P,2026-02-24,,28,2026-02-24T17:30:00,8
2847,160,24EE101P,2026-03-03,,28,2026-03-03T17:30:00,9
2848,160,24EE101P,2026-03-17,,28,2026-03-17T17:30:00,10
2849,160,24EE101P,2026-03-24,,28,2026-03-24T17:30:00,11
2850,160,24EE101P,2026-03-31,,28,2026-03-31T17:30:00,12
2851,160,24EE101P,2026-04-07,,28,2026-04-07T17:30:00,13
2852,160,24EE101P,2026-04-21,,28,2026-04-21T17:30:00,14
2853,160,24EE101P,2026-04-28,,28,2026-04-28T17:30:00,15
2854,160,24EE101P,2026-05-05,,28,2026-05-05T17:30:00,16
2855,161,24BT101T,2026-01-06,1,27,2026-01-06T17:30:00,1
2856,161,24BT101T,2026-01-08,2,27,2026-01-08T17:30:00,2
2857,161,24BT101T,2026-01-13,3,27,2026-01-13T17:30:00,3
2858,161,24BT101T,2026-01-20,4,27,2026-01-20T17:30:00,4
2859,161,24BT101T,2026-01-22,1,27,2026-01-22T17:30:00,5
2860,161,24BT101T,2026-01-27,2,27,2026-01-27T17:30:00,6
2861,161,24BT101T,2026-01-29,3,27,2026-01-29T17:30:00,7
2862,161,24BT101T,2026-02-03,4,27,2026-02-03T17:30:00,8
2863,161,24BT101T,2026-02-05,1,27,2026-02-05T17:30:00,9
2864,161,24BT101T,2026-02-10,2,27,2026-02-10T17:30:00,10
2865,161,24BT101T,2026-02-12,3,27,2026-02-12T17:30:00,11
2866,161,24BT101T,2026-02-17,4,27,2026-02-17T17:30:00,12
2867,161,24BT101T,2026-02-19,1,27,2026-02-19T17:30:00,13
2868,161,24BT101T,2026-02-24,2,27,2026-02-24T17:30:00,14
2869,161,24BT101T,2026-02-26,3,27,2026-02-26T17:30:00,15
2870,161,24BT101T,2026-03-03,4,27,2026-03-03T17:30:00,16
2871,161,24BT101T,2026-03-05,1,27,2026-03-05T17:30:00,17
2872,161,24BT101T,2026-03-17,2,27,2026-03-17T17:30:00,18
2873,161,24BT101T,2026-03-19,3,27,2026-03-19T17:30:00,19
2874,161,24BT101T,2026-03-24,4,27,2026-03-24T17:30:00,20
2875,161,24BT101T,2026-03-26,1,27,2026-03-26T17:30:00,21
2876,161,24BT101T,2026-03-31,2,27,2026-03-31T17:30:00,22
2877,161,24BT101T,2026-04-02,3,27,2026-04-02T17:30:00,23
2878,161,24BT101T,2026-04-07,4,27,2026-04-07T17:30:00,24
2879,161,24BT101T,2026-04-09,1,27,2026-04-09T17:30:00,25
2880,161,24BT101T,2026-04-16,2,27,2026-04-16T17:30:00,26
2881,161,24BT101T,2026-04-21,3,27,2026-04-21T17:30:00,27
2882,161,24BT101T,2026-04-23,4,27,2026-04-23T17:30:00,28
2883,161,24BT101T,2026-04-28,1,27,2026-04-28T17:30:00,29
2884,161,24BT101T,2026-04-30,2,27,2026-04-30T17:30:00,30
2885,161,24BT101T,2026-05-05,3,27,2026-05-05T17:30:00,31
2886,161,24BT101T,2026-05-07,4,27,2026-05-07T17:30:00,32
2887,162,24YOG101,2026-01-05,1,28,2026-01-05T17:30:00,1
2888,162,24YOG101,2026-01-12,2,28,2026-01-12T17:30:00,2
2889,162,24YOG101,2026-01-19,3,28,2026-01-19T17:30:00,3
2890,162,24YOG101,2026-02-02,4,28,2026-02-02T17:30:00,4
2891,162,24YOG101,2026-02-09,1,28,2026-02-09T17:30:00,5
2892,162,24YOG101,2026-02-16,2,28,2026-02-16T17:30:00,6
2893,162,24YOG101,2026-02-23,3,28,2026-02-23T17:30:00,7
2894,162,24YOG101,2026-03-02,4,28,2026-03-02T17:30:00,8
2895,162,24YOG101,2026-03-16,1,28,2026-03-16T17:30:00,9
2896,162,24YOG101,2026-03-23,2,28,2026-03-23T17:30:00,10
2897,162,24YOG101,2026-03-30,3,28,2026-03-30T17:30:00,11
2898,162,24YOG101,2026-04-06,4,28,2026-04-06T17:30:00,12
2899,162,24YOG101,2026-04-13,1,28,2026-04-13T17:30:00,13
2900,162,24YOG101,2026-04-20,2,28,2026-04-20T17:30:00,14
2901,162,24YOG101,2026-04-27,3,28,2026-04-27T17:30:00,15
2902,162,24YOG101,2026-05-04,4,28,2026-05-04T17:30:00,16
2903,163,24NCC101,2026-01-06,1,25,2026-01-06T17:30:00,1
2904,163,24NCC101,2026-01-13,2,25,2026-01-13T17:30:00,2
2905,163,24NCC101,2026-01-20,3,25,2026-01-20T17:30:00,3
2906,163,24NCC101,2026-01-27,4,25,2026-01-27T17:30:00,4
2907,163,24NCC101,2026-02-03,1,25,2026-02-03T17:30:00,5
2908,163,24NCC101,2026-02-10,2,25,2026-02-10T17:30:00,6
2909,163,24NCC101,2026-02-17,3,25,2026-02-17T17:30:00,7
2910,163,24NCC101,2026-02-24,4,25,2026-02-24T17:30:00,8
2911,163,24NCC101,2026-03-03,1,25,2026-03-03T17:30:00,9
2912,163,24NCC101,2026-03-17,2,25,2026-03-17T17:30:00,10
2913,163,24NCC101,2026-03-24,3,25,2026-03-24T17:30:00,11
2914,163,24NCC101,2026-03-31,4,25,2026-03-31T17:30:00,12
2915,163,24NCC101,2026-04-07,1,25,2026-04-07T17:30:00,13
2916,163,24NCC101,2026-04-21,2,25,2026-04-21T17:30:00,14
2917,163,24NCC101,2026-04-28,3,25,2026-04-28T17:30:00,15
2918,163,24NCC101,2026-05-05,4,25,2026-05-05T17:30:00,16
2919,164,24NSS101,2026-01-05,1,27,2026-01-05T17:30:00,1
2920,164,24NSS101,2026-01-12,2,27,2026-01-12T17:30:00,2
2921,164,24NSS101,2026-01-19,3,27,2026-01-19T17:30:00,3
2922,164,24NSS101,2026-02-02,4,27,2026-02-02T17:30:00,4
2923,164,24NSS101,2026-02-09,1,27,2026-02-09T17:30:00,5
2924,164,24NSS101,2026-02-16,2,27,2026-02-16T17:30:00,6
2925,164,24NSS101,2026-02-23,3,27,2026-02-23T17:30:00,7
2926,164,24NSS101,2026-03-02,4,27,2026-03-02T17:30:00,8
2927,164,24NSS101,2026-03-16,1,27,2026-03-16T17:30:00,9
2928,164,24NSS101,2026-03-23,2,27,2026-03-23T17:30:00,10
2929,164,24NSS101,2026-03-30,3,27,2026-03-30T17:30:00,11
2930,164,24NSS101,2026-04-06,4,27,2026-04-06T17:30:00,12
2931,164,24NSS101,2026-04-13,1,27,2026-04-13T17:30:00,13
2932,164,24NSS101,2026-04-20,2,27,2026-04-20T17:30:00,14
2933,164,24NSS101,2026-04-27,3,27,2026-04-27T17:30:00,15
2934,164,24NSS101,2026-05-04,4,27,2026-05-04T17:30:00,16
2935,165,24HS104T,2026-01-06,1,27,2026-01-06T17:30:00,1
2936,165,24HS104T,2026-01-13,2,27,2026-01-13T17:30:00,2
2937,165,24HS104T,2026-01-20,3,27,2026-01-20T17:30:00,3
2938,165,24HS104T,2026-01-27,4,27,2026-01-27T17:30:00,4
2939,165,24HS104T,2026-02-03,1,27,2026-02-03T17:30:00,5
2940,165,24HS104T,2026-02-10,2,27,2026-02-10T17:30:00,6
2941,165,24HS104T,2026-02-17,3,27,2026-02-17T17:30:00,7
2942,165,24HS104T,2026-02-24,4,27,2026-02-24T17:30:00,8
2943,165,24HS104T,2026-03-03,1,27,2026-03-03T17:30:00,9
2944,165,24HS104T,2026-03-17,2,27,2026-03-17T17:30:00,10
2945,165,24HS104T,2026-03-24,3,27,2026-03-24T17:30:00,11
2946,165,24HS104T,2026-03-31,4,27,2026-03-31T17:30:00,12
2947,165,24HS104T,2026-04-07,1,27,2026-04-07T17:30:00,13
2948,165,24HS104T,2026-04-21,2,27,2026-04-21T17:30:00,14
2949,165,24HS104T,2026-04-28,3,27,2026-04-28T17:30:00,15
2950,165,24HS104T,2026-05-05,4,27,2026-05-05T17:30:00,16
2951,166,24CP102T,2026-01-05,1,2,2026-01-05T17:30:00,1
2952,166,24CP102T,2026-01-12,2,2,2026-01-12T17:30:00,2
2953,166,24CP102T,2026-01-19,3,2,2026-01-19T17:30:00,3
2954,166,24CP102T,2026-02-02,4,2,2026-02-02T17:30:00,4
2955,166,24CP102T,2026-02-09,1,2,2026-02-09T17:30:00,5
2956,166,24CP102T,2026-02-16,2,2,2026-02-16T17:30:00,6
2957,166,24CP102T,2026-02-23,3,2,2026-02-23T17:30:00,7
2958,166,24CP102T,2026-03-02,4,2,2026-03-02T17:30:00,8
2959,166,24CP102T,2026-03-16,1,2,2026-03-16T17:30:00,9
2960,166,24CP102T,2026-03-23,2,2,2026-03-23T17:30:00,10
2961,166,24CP102T,2026-03-30,3,2,2026-03-30T17:30:00,11
2962,166,24CP102T,2026-04-06,4,2,2026-04-06T17:30:00,12
2963,166,24CP102T,2026-04-13,1,2,2026-04-13T17:30:00,13
2964,166,24CP102T,2026-04-20,2,2,2026-04-20T17:30:00,14
2965,166,24CP102T,2026-04-27,3,2,2026-04-27T17:30:00,15
2966,166,24CP102T,2026-05-04,4,2,2026-05-04T17:30:00,16
2967,167,24CP102P,2026-01-09,,4,2026-01-09T17:30:00,1
2968,167,24CP102P,2026-01-16,,4,2026-01-16T17:30:00,2
2969,167,24CP102P,2026-01-23,,4,2026-01-23T17:30:00,3
2970,167,24CP102P,2026-01-30,,4,2026-01-30T17:30:00,4
2971,167,24CP102P,2026-02-06,,4,2026-02-06T17:30:00,5
2972,167,24CP102P,2026-02-13,,4,2026-02-13T17:30:00,6
2973,167,24CP102P,2026-02-20,,4,2026-02-20T17:30:00,7
2974,167,24CP102P,2026-02-27,,4,2026-02-27T17:30:00,8
2975,167,24CP102P,2026-03-06,,4,2026-03-06T17:30:00,9
2976,167,24CP102P,2026-03-20,,4,2026-03-20T17:30:00,10
2977,167,24CP102P,2026-03-27,,4,2026-03-27T17:30:00,11
2978,167,24CP102P,2026-04-03,,4,2026-04-03T17:30:00,12
2979,167,24CP102P,2026-04-10,,4,2026-04-10T17:30:00,13
2980,167,24CP102P,2026-04-17,,4,2026-04-17T17:30:00,14
2981,167,24CP102P,2026-04-24,,4,2026-04-24T17:30:00,15
2982,167,24CP102P,2026-05-01,,4,2026-05-01T17:30:00,16
2983,167,24CP102P,2026-05-08,,4,2026-05-08T17:30:00,17
2984,168,24CP102P,2026-01-06,,2,2026-01-06T17:30:00,1
2985,168,24CP102P,2026-01-13,,2,2026-01-13T17:30:00,2
2986,168,24CP102P,2026-01-20,,2,2026-01-20T17:30:00,3
2987,168,24CP102P,2026-01-27,,2,2026-01-27T17:30:00,4
2988,168,24CP102P,2026-02-03,,2,2026-02-03T17:30:00,5
2989,168,24CP102P,2026-02-10,,2,2026-02-10T17:30:00,6
2990,168,24CP102P,2026-02-17,,2,2026-02-17T17:30:00,7
2991,168,24CP102P,2026-02-24,,2,2026-02-24T17:30:00,8
2992,168,24CP102P,2026-03-03,,2,2026-03-03T17:30:00,9
2993,168,24CP102P,2026-03-17,,2,2026-03-17T17:30:00,10
2994,168,24CP102P,2026-03-24,,2,2026-03-24T17:30:00,11
2995,168,24CP102P,2026-03-31,,2,2026-03-31T17:30:00,12
2996,168,24CP102P,2026-04-07,,2,2026-04-07T17:30:00,13
2997,168,24CP102P,2026-04-21,,2,2026-04-21T17:30:00,14
2998,168,24CP102P,2026-04-28,,2,2026-04-28T17:30:00,15
2999,168,24CP102P,2026-05-05,,2,2026-05-05T17:30:00,16
3000,169,24HS105T,2026-01-06,1,28,2026-01-06T17:30:00,1
3001,169,24HS105T,2026-01-08,2,28,2026-01-08T17:30:00,2
3002,169,24HS105T,2026-01-13,3,28,2026-01-13T17:30:00,3
3003,169,24HS105T,2026-01-20,4,28,2026-01-20T17:30:00,4
3004,169,24HS105T,2026-01-22,1,28,2026-01-22T17:30:00,5
3005,169,24HS105T,2026-01-27,2,28,2026-01-27T17:30:00,6
3006,169,24HS105T,2026-01-29,3,28,2026-01-29T17:30:00,7
3007,169,24HS105T,2026-02-03,4,28,2026-02-03T17:30:00,8
3008,169,24HS105T,2026-02-05,1,28,2026-02-05T17:30:00,9
3009,169,24HS105T,2026-02-10,2,28,2026-02-10T17:30:00,10
3010,169,24HS105T,2026-02-12,3,28,2026-02-12T17:30:00,11
3011,169,24HS105T,2026-02-17,4,28,2026-02-17T17:30:00,12
3012,169,24HS105T,2026-02-19,1,28,2026-02-19T17:30:00,13
3013,169,24HS105T,2026-02-24,2,28,2026-02-24T17:30:00,14
3014,169,24HS105T,2026-02-26,3,28,2026-02-26T17:30:00,15
3015,169,24HS105T,2026-03-03,4,28,2026-03-03T17:30:00,16
3016,169,24HS105T,2026-03-05,1,28,2026-03-05T17:30:00,17
3017,169,24HS105T,2026-03-17,2,28,2026-03-17T17:30:00,18
3018,169,24HS105T,2026-03-19,3,28,2026-03-19T17:30:00,19
3019,169,24HS105T,2026-03-24,4,28,2026-03-24T17:30:00,20
3020,169,24HS105T,2026-03-26,1,28,2026-03-26T17:30:00,21
3021,169,24HS105T,2026-03-31,2,28,2026-03-31T17:30:00,22
3022,169,24HS105T,2026-04-02,3,28,2026-04-02T17:30:00,23
3023,169,24HS105T,2026-04-07,4,28,2026-04-07T17:30:00,24
3024,169,24HS105T,2026-04-09,1,28,2026-04-09T17:30:00,25
3025,169,24HS105T,2026-04-16,2,28,2026-04-16T17:30:00,26
3026,169,24HS105T,2026-04-21,3,28,2026-04-21T17:30:00,27
3027,169,24HS105T,2026-04-23,4,28,2026-04-23T17:30:00,28
3028,169,24HS105T,2026-04-28,1,28,2026-04-28T17:30:00,29
3029,169,24HS105T,2026-04-30,2,28,2026-04-30T17:30:00,30
3030,169,24HS105T,2026-05-05,3,28,2026-05-05T17:30:00,31
3031,169,24HS105T,2026-05-07,4,28,2026-05-07T17:30:00,32
3032,170,24MA103T,2026-01-05,1,25,2026-01-05T17:30:00,1
3033,170,24MA103T,2026-01-07,2,25,2026-01-07T17:30:00,2
3034,170,24MA103T,2026-01-08,3,25,2026-01-08T17:30:00,3
3035,170,24MA103T,2026-01-12,4,25,2026-01-12T17:30:00,4
3036,170,24MA103T,2026-01-19,1,25,2026-01-19T17:30:00,5
3037,170,24MA103T,2026-01-21,2,25,2026-01-21T17:30:00,6
3038,170,24MA103T,2026-01-22,3,25,2026-01-22T17:30:00,7
3039,170,24MA103T,2026-01-28,4,25,2026-01-28T17:30:00,8
3040,170,24MA103T,2026-01-29,1,25,2026-01-29T17:30:00,9
3041,170,24MA103T,2026-02-02,2,25,2026-02-02T17:30:00,10
3042,170,24MA103T,2026-02-04,3,25,2026-02-04T17:30:00,11
3043,170,24MA103T,2026-02-05,4,25,2026-02-05T17:30:00,12
3044,170,24MA103T,2026-02-09,1,25,2026-02-09T17:30:00,13
3045,170,24MA103T,2026-02-11,2,25,2026-02-11T17:30:00,14
3046,170,24MA103T,2026-02-12,3,25,2026-02-12T17:30:00,15
3047,170,24MA103T,2026-02-16,4,25,2026-02-16T17:30:00,16
3048,170,24MA103T,2026-02-18,1,25,2026-02-18T17:30:00,17
3049,170,24MA103T,2026-02-19,2,25,2026-02-19T17:30:00,18
3050,170,24MA103T,2026-02-23,3,25,2026-02-23T17:30:00,19
3051,170,24MA103T,2026-02-25,4,25,2026-02-25T17:30:00,20
3052,170,24MA103T,2026-02-26,1,25,2026-02-26T17:30:00,21
3053,170,24MA103T,2026-03-02,2,25,2026-03-02T17:30:00,22
3054,170,24MA103T,2026-03-05,3,25,2026-03-05T17:30:00,23
3055,170,24MA103T,2026-03-16,4,25,2026-03-16T17:30:00,24
3056,170,24MA103T,2026-03-18,1,25,2026-03-18T17:30:00,25
3057,170,24MA103T,2026-03-19,2,25,2026-03-19T17:30:00,26
3058,170,24MA103T,2026-03-23,3,25,2026-03-23T17:30:00,27
3059,170,24MA103T,2026-03-25,4,25,2026-03-25T17:30:00,28
3060,170,24MA103T,2026-03-26,1,25,2026-03-26T17:30:00,29
3061,170,24MA103T,2026-03-30,2,25,2026-03-30T17:30:00,30
3062,170,24MA103T,2026-04-01,3,25,2026-04-01T17:30:00,31
3063,170,24MA103T,2026-04-02,4,25,2026-04-02T17:30:00,32
3064,170,24MA103T,2026-04-06,1,25,2026-04-06T17:30:00,33
3065,170,24MA103T,2026-04-08,2,25,2026-04-08T17:30:00,34
3066,170,24MA103T,2026-04-09,3,25,2026-04-09T17:30:00,35
3067,170,24MA103T,2026-04-13,4,25,2026-04-13T17:30:00,36
3068,170,24MA103T,2026-04-15,1,25,2026-04-15T17:30:00,37
3069,170,24MA103T,2026-04-16,2,25,2026-04-16T17:30:00,38
3070,170,24MA103T,2026-04-20,3,25,2026-04-20T17:30:00,39
3071,170,24MA103T,2026-04-22,4,25,2026-04-22T17:30:00,40
3072,170,24MA103T,2026-04-23,1,25,2026-04-23T17:30:00,41
3073,170,24MA103T,2026-04-27,2,25,2026-04-27T17:30:00,42
3074,170,24MA103T,2026-04-29,3,25,2026-04-29T17:30:00,43
3075,170,24MA103T,2026-04-30,4,25,2026-04-30T17:30:00,44
3076,170,24MA103T,2026-05-04,1,25,2026-05-04T17:30:00,45
3077,170,24MA103T,2026-05-06,2,25,2026-05-06T17:30:00,46
3078,170,24MA103T,2026-05-07,3,25,2026-05-07T17:30:00,47
3079,171,24CH101T,2026-01-06,1,22,2026-01-06T17:30:00,1
3080,171,24CH101T,2026-01-07,2,22,2026-01-07T17:30:00,2
3081,171,24CH101T,2026-01-09,3,22,2026-01-09T17:30:00,3
3082,171,24CH101T,2026-01-13,4,22,2026-01-13T17:30:00,4
3083,171,24CH101T,2026-01-16,1,22,2026-01-16T17:30:00,5
3084,171,24CH101T,2026-01-20,2,22,2026-01-20T17:30:00,6
3085,171,24CH101T,2026-01-21,3,22,2026-01-21T17:30:00,7
3086,171,24CH101T,2026-01-23,4,22,2026-01-23T17:30:00,8
3087,171,24CH101T,2026-01-27,1,22,2026-01-27T17:30:00,9
3088,171,24CH101T,2026-01-28,2,22,2026-01-28T17:30:00,10
3089,171,24CH101T,2026-01-30,3,22,2026-01-30T17:30:00,11
3090,171,24CH101T,2026-02-03,4,22,2026-02-03T17:30:00,12
3091,171,24CH101T,2026-02-04,1,22,2026-02-04T17:30:00,13
3092,171,24CH101T,2026-02-06,2,22,2026-02-06T17:30:00,14
3093,171,24CH101T,2026-02-10,3,22,2026-02-10T17:30:00,15
3094,171,24CH101T,2026-02-11,4,22,2026-02-11T17:30:00,16
3095,171,24CH101T,2026-02-13,1,22,2026-02-13T17:30:00,17
3096,171,24CH101T,2026-02-17,2,22,2026-02-17T17:30:00,18
3097,171,24CH101T,2026-02-18,3,22,2026-02-18T17:30:00,19
3098,171,24CH101T,2026-02-20,4,22,2026-02-20T17:30:00,20
3099,171,24CH101T,2026-02-24,1,22,2026-02-24T17:30:00,21
3100,171,24CH101T,2026-02-25,2,22,2026-02-25T17:30:00,22
3101,171,24CH101T,2026-02-27,3,22,2026-02-27T17:30:00,23
3102,171,24CH101T,2026-03-03,4,22,2026-03-03T17:30:00,24
3103,171,24CH101T,2026-03-06,1,22,2026-03-06T17:30:00,25
3104,171,24CH101T,2026-03-17,2,22,2026-03-17T17:30:00,26
3105,171,24CH101T,2026-03-18,3,22,2026-03-18T17:30:00,27
3106,171,24CH101T,2026-03-20,4,22,2026-03-20T17:30:00,28
3107,171,24CH101T,2026-03-24,1,22,2026-03-24T17:30:00,29
3108,171,24CH101T,2026-03-25,2,22,2026-03-25T17:30:00,30
3109,171,24CH101T,2026-03-27,3,22,2026-03-27T17:30:00,31
3110,171,24CH101T,2026-03-31,4,22,2026-03-31T17:30:00,32
3111,171,24CH101T,2026-04-01,1,22,2026-04-01T17:30:00,33
3112,171,24CH101T,2026-04-03,2,22,2026-04-03T17:30:00,34
3113,171,24CH101T,2026-04-07,3,22,2026-04-07T17:30:00,35
3114,171,24CH101T,2026-04-08,4,22,2026-04-08T17:30:00,36
3115,171,24CH101T,2026-04-10,1,22,2026-04-10T17:30:00,37
3116,171,24CH101T,2026-04-15,2,22,2026-04-15T17:30:00,38
3117,171,24CH101T,2026-04-17,3,22,2026-04-17T17:30:00,39
3118,171,24CH101T,2026-04-21,4,22,2026-04-21T17:30:00,40
3119,171,24CH101T,2026-04-22,1,22,2026-04-22T17:30:00,41
3120,171,24CH101T,2026-04-24,2,22,2026-04-24T17:30:00,42
3121,171,24CH101T,2026-04-28,3,22,2026-04-28T17:30:00,43
3122,171,24CH101T,2026-04-29,4,22,2026-04-29T17:30:00,44
3123,171,24CH101T,2026-05-01,1,22,2026-05-01T17:30:00,45
3124,171,24CH101T,2026-05-05,2,22,2026-05-05T17:30:00,46
3125,171,24CH101T,2026-05-06,3,22,2026-05-06T17:30:00,47
3126,171,24CH101T,2026-05-08,4,22,2026-05-08T17:30:00,48
3127,172,24CH101P,2026-01-06,,23,2026-01-06T17:30:00,1
3128,172,24CH101P,2026-01-13,,23,2026-01-13T17:30:00,2
3129,172,24CH101P,2026-01-20,,23,2026-01-20T17:30:00,3
3130,172,24CH101P,2026-01-27,,23,2026-01-27T17:30:00,4
3131,172,24CH101P,2026-02-03,,23,2026-02-03T17:30:00,5
3132,172,24CH101P,2026-02-10,,23,2026-02-10T17:30:00,6
3133,172,24CH101P,2026-02-17,,23,2026-02-17T17:30:00,7
3134,172,24CH101P,2026-02-24,,23,2026-02-24T17:30:00,8
3135,172,24CH101P,2026-03-03,,23,2026-03-03T17:30:00,9
3136,172,24CH101P,2026-03-17,,23,2026-03-17T17:30:00,10
3137,172,24CH101P,2026-03-24,,23,2026-03-24T17:30:00,11
3138,172,24CH101P,2026-03-31,,23,2026-03-31T17:30:00,12
3139,172,24CH101P,2026-04-07,,23,2026-04-07T17:30:00,13
3140,172,24CH101P,2026-04-21,,23,2026-04-21T17:30:00,14
3141,172,24CH101P,2026-04-28,,23,2026-04-28T17:30:00,15
3142,172,24CH101P,2026-05-05,,23,2026-05-05T17:30:00,16
3143,173,24CH101P,2026-01-07,,21,2026-01-07T17:30:00,1
3144,173,24CH101P,2026-01-21,,21,2026-01-21T17:30:00,2
3145,173,24CH101P,2026-01-28,,21,2026-01-28T17:30:00,3
3146,173,24CH101P,2026-02-04,,21,2026-02-04T17:30:00,4
3147,173,24CH101P,2026-02-11,,21,2026-02-11T17:30:00,5
3148,173,24CH101P,2026-02-18,,21,2026-02-18T17:30:00,6
3149,173,24CH101P,2026-02-25,,21,2026-02-25T17:30:00,7
3150,173,24CH101P,2026-03-18,,21,2026-03-18T17:30:00,8
3151,173,24CH101P,2026-03-25,,21,2026-03-25T17:30:00,9
3152,173,24CH101P,2026-04-01,,21,2026-04-01T17:30:00,10
3153,173,24CH101P,2026-04-08,,21,2026-04-08T17:30:00,11
3154,173,24CH101P,2026-04-15,,21,2026-04-15T17:30:00,12
3155,173,24CH101P,2026-04-22,,21,2026-04-22T17:30:00,13
3156,173,24CH101P,2026-04-29,,21,2026-04-29T17:30:00,14
3157,173,24CH101P,2026-05-06,,21,2026-05-06T17:30:00,15
3158,174,24EE101T,2026-01-05,1,28,2026-01-05T17:30:00,1
3159,174,24EE101T,2026-01-07,2,28,2026-01-07T17:30:00,2
3160,174,24EE101T,2026-01-09,3,28,2026-01-09T17:30:00,3
3161,174,24EE101T,2026-01-12,4,28,2026-01-12T17:30:00,4
3162,174,24EE101T,2026-01-16,1,28,2026-01-16T17:30:00,5
3163,174,24EE101T,2026-01-19,2,28,2026-01-19T17:30:00,6
3164,174,24EE101T,2026-01-21,3,28,2026-01-21T17:30:00,7
3165,174,24EE101T,2026-01-23,4,28,2026-01-23T17:30:00,8
3166,174,24EE101T,2026-01-28,1,28,2026-01-28T17:30:00,9
3167,174,24EE101T,2026-01-30,2,28,2026-01-30T17:30:00,10
3168,174,24EE101T,2026-02-02,3,28,2026-02-02T17:30:00,11
3169,174,24EE101T,2026-02-04,4,28,2026-02-04T17:30:00,12
3170,174,24EE101T,2026-02-06,1,28,2026-02-06T17:30:00,13
3171,174,24EE101T,2026-02-09,2,28,2026-02-09T17:30:00,14
3172,174,24EE101T,2026-02-11,3,28,2026-02-11T17:30:00,15
3173,174,24EE101T,2026-02-13,4,28,2026-02-13T17:30:00,16
3174,174,24EE101T,2026-02-16,1,28,2026-02-16T17:30:00,17
3175,174,24EE101T,2026-02-18,2,28,2026-02-18T17:30:00,18
3176,174,24EE101T,2026-02-20,3,28,2026-02-20T17:30:00,19
3177,174,24EE101T,2026-02-23,4,28,2026-02-23T17:30:00,20
3178,174,24EE101T,2026-02-25,1,28,2026-02-25T17:30:00,21
3179,174,24EE101T,2026-02-27,2,28,2026-02-27T17:30:00,22
3180,174,24EE101T,2026-03-02,3,28,2026-03-02T17:30:00,23
3181,174,24EE101T,2026-03-06,4,28,2026-03-06T17:30:00,24
3182,174,24EE101T,2026-03-16,1,28,2026-03-16T17:30:00,25
3183,174,24EE101T,2026-03-18,2,28,2026-03-18T17:30:00,26
3184,174,24EE101T,2026-03-20,3,28,2026-03-20T17:30:00,27
3185,174,24EE101T,2026-03-23,4,28,2026-03-23T17:30:00,28
3186,174,24EE101T,2026-03-25,1,28,2026-03-25T17:30:00,29
3187,174,24EE101T,2026-03-27,2,28,2026-03-27T17:30:00,30
3188,174,24EE101T,2026-03-30,3,28,2026-03-30T17:30:00,31
3189,174,24EE101T,2026-04-01,4,28,2026-04-01T17:30:00,32
3190,174,24EE101T,2026-04-03,1,28,2026-04-03T17:30:00,33
3191,174,24EE101T,2026-04-06,2,28,2026-04-06T17:30:00,34
3192,174,24EE101T,2026-04-08,3,28,2026-04-08T17:30:00,35
3193,174,24EE101T,2026-04-10,4,28,2026-04-10T17:30:00,36
3194,174,24EE101T,2026-04-13,1,28,2026-04-13T17:30:00,37
3195,174,24EE101T,2026-04-15,2,28,2026-04-15T17:30:00,38
3196,174,24EE101T,2026-04-17,3,28,2026-04-17T17:30:00,39
3197,174,24EE101T,2026-04-20,4,28,2026-04-20T17:30:00,40
3198,174,24EE101T,2026-04-22,1,28,2026-04-22T17:30:00,41
3199,174,24EE101T,2026-04-24,2,28,2026-04-24T17:30:00,42
3200,174,24EE101T,2026-04-27,3,28,2026-04-27T17:30:00,43
3201,174,24EE101T,2026-04-29,4,28,2026-04-29T17:30:00,44
3202,174,24EE101T,2026-05-01,1,28,2026-05-01T17:30:00,45
3203,174,24EE101T,2026-05-04,2,28,2026-05-04T17:30:00,46
3204,174,24EE101T,2026-05-06,3,28,2026-05-06T17:30:00,47
3205,174,24EE101T,2026-05-08,4,28,2026-05-08T17:30:00,48
3206,175,24EE101P,2026-01-09,,27,2026-01-09T17:30:00,1
3207,175,24EE101P,2026-01-16,,27,2026-01-16T17:30:00,2
3208,175,24EE101P,2026-01-23,,27,2026-01-23T17:30:00,3
3209,175,24EE101P,2026-01-30,,27,2026-01-30T17:30:00,4
3210,175,24EE101P,2026-02-06,,27,2026-02-06T17:30:00,5
3211,175,24EE101P,2026-02-13,,27,2026-02-13T17:30:00,6
3212,175,24EE101P,2026-02-20,,27,2026-02-20T17:30:00,7
3213,175,24EE101P,2026-02-27,,27,2026-02-27T17:30:00,8
3214,175,24EE101P,2026-03-06,,27,2026-03-06T17:30:00,9
3215,175,24EE101P,2026-03-20,,27,2026-03-20T17:30:00,10
3216,175,24EE101P,2026-03-27,,27,2026-03-27T17:30:00,11
3217,175,24EE101P,2026-04-03,,27,2026-04-03T17:30:00,12
3218,175,24EE101P,2026-04-10,,27,2026-04-10T17:30:00,13
3219,175,24EE101P,2026-04-17,,27,2026-04-17T17:30:00,14
3220,175,24EE101P,2026-04-24,,27,2026-04-24T17:30:00,15
3221,175,24EE101P,2026-05-01,,27,2026-05-01T17:30:00,16
3222,175,24EE101P,2026-05-08,,27,2026-05-08T17:30:00,17
3223,176,24EE101P,2026-01-06,,28,2026-01-06T17:30:00,1
3224,176,24EE101P,2026-01-13,,28,2026-01-13T17:30:00,2
3225,176,24EE101P,2026-01-20,,28,2026-01-20T17:30:00,3
3226,176,24EE101P,2026-01-27,,28,2026-01-27T17:30:00,4
3227,176,24EE101P,2026-02-03,,28,2026-02-03T17:30:00,5
3228,176,24EE101P,2026-02-10,,28,2026-02-10T17:30:00,6
3229,176,24EE101P,2026-02-17,,28,2026-02-17T17:30:00,7
3230,176,24EE101P,2026-02-24,,28,2026-02-24T17:30:00,8
3231,176,24EE101P,2026-03-03,,28,2026-03-03T17:30:00,9
3232,176,24EE101P,2026-03-17,,28,2026-03-17T17:30:00,10
3233,176,24EE101P,2026-03-24,,28,2026-03-24T17:30:00,11
3234,176,24EE101P,2026-03-31,,28,2026-03-31T17:30:00,12
3235,176,24EE101P,2026-04-07,,28,2026-04-07T17:30:00,13
3236,176,24EE101P,2026-04-21,,28,2026-04-21T17:30:00,14
3237,176,24EE101P,2026-04-28,,28,2026-04-28T17:30:00,15
3238,176,24EE101P,2026-05-05,,28,2026-05-05T17:30:00,16
3239,177,24ME102P,2026-01-07,,15,2026-01-07T17:30:00,1
3240,177,24ME102P,2026-01-21,,15,2026-01-21T17:30:00,2
3241,177,24ME102P,2026-01-28,,15,2026-01-28T17:30:00,3
3242,177,24ME102P,2026-02-04,,15,2026-02-04T17:30:00,4
3243,177,24ME102P,2026-02-11,,15,2026-02-11T17:30:00,5
3244,177,24ME102P,2026-02-18,,15,2026-02-18T17:30:00,6
3245,177,24ME102P,2026-02-25,,15,2026-02-25T17:30:00,7
3246,177,24ME102P,2026-03-18,,15,2026-03-18T17:30:00,8
3247,177,24ME102P,2026-03-25,,15,2026-03-25T17:30:00,9
3248,177,24ME102P,2026-04-01,,15,2026-04-01T17:30:00,10
3249,177,24ME102P,2026-04-08,,15,2026-04-08T17:30:00,11
3250,177,24ME102P,2026-04-15,,15,2026-04-15T17:30:00,12
3251,177,24ME102P,2026-04-22,,15,2026-04-22T17:30:00,13
3252,177,24ME102P,2026-04-29,,15,2026-04-29T17:30:00,14
3253,177,24ME102P,2026-05-06,,15,2026-05-06T17:30:00,15
3254,178,24ME102P,2026-01-08,,16,2026-01-08T17:30:00,1
3255,178,24ME102P,2026-01-22,,16,2026-01-22T17:30:00,2
3256,178,24ME102P,2026-01-29,,16,2026-01-29T17:30:00,3
3257,178,24ME102P,2026-02-05,,16,2026-02-05T17:30:00,4
3258,178,24ME102P,2026-02-12,,16,2026-02-12T17:30:00,5
3259,178,24ME102P,2026-02-19,,16,2026-02-19T17:30:00,6
3260,178,24ME102P,2026-02-26,,16,2026-02-26T17:30:00,7
3261,178,24ME102P,2026-03-05,,16,2026-03-05T17:30:00,8
3262,178,24ME102P,2026-03-19,,16,2026-03-19T17:30:00,9
3263,178,24ME102P,2026-03-26,,16,2026-03-26T17:30:00,10
3264,178,24ME102P,2026-04-02,,16,2026-04-02T17:30:00,11
3265,178,24ME102P,2026-04-09,,16,2026-04-09T17:30:00,12
3266,178,24ME102P,2026-04-16,,16,2026-04-16T17:30:00,13
3267,178,24ME102P,2026-04-23,,16,2026-04-23T17:30:00,14
3268,178,24ME102P,2026-04-30,,16,2026-04-30T17:30:00,15
3269,178,24ME102P,2026-05-07,,16,2026-05-07T17:30:00,16
3270,179,24YOG101,2026-01-06,1,27,2026-01-06T17:30:00,1
3271,179,24YOG101,2026-01-13,2,27,2026-01-13T17:30:00,2
3272,179,24YOG101,2026-01-20,3,27,2026-01-20T17:30:00,3
3273,179,24YOG101,2026-01-27,4,27,2026-01-27T17:30:00,4
3274,179,24YOG101,2026-02-03,1,27,2026-02-03T17:30:00,5
3275,179,24YOG101,2026-02-10,2,27,2026-02-10T17:30:00,6
3276,179,24YOG101,2026-02-17,3,27,2026-02-17T17:30:00,7
3277,179,24YOG101,2026-02-24,4,27,2026-02-24T17:30:00,8
3278,179,24YOG101,2026-03-03,1,27,2026-03-03T17:30:00,9
3279,179,24YOG101,2026-03-17,2,27,2026-03-17T17:30:00,10
3280,179,24YOG101,2026-03-24,3,27,2026-03-24T17:30:00,11
3281,179,24YOG101,2026-03-31,4,27,2026-03-31T17:30:00,12
3282,179,24YOG101,2026-04-07,1,27,2026-04-07T17:30:00,13
3283,179,24YOG101,2026-04-21,2,27,2026-04-21T17:30:00,14
3284,179,24YOG101,2026-04-28,3,27,2026-04-28T17:30:00,15
3285,179,24YOG101,2026-05-05,4,27,2026-05-05T17:30:00,16
3286,180,24NCC101,2026-01-05,1,28,2026-01-05T17:30:00,1
3287,180,24NCC101,2026-01-12,2,28,2026-01-12T17:30:00,2
3288,180,24NCC101,2026-01-19,3,28,2026-01-19T17:30:00,3
3289,180,24NCC101,2026-02-02,4,28,2026-02-02T17:30:00,4
3290,180,24NCC101,2026-02-09,1,28,2026-02-09T17:30:00,5
3291,180,24NCC101,2026-02-16,2,28,2026-02-16T17:30:00,6
3292,180,24NCC101,2026-02-23,3,28,2026-02-23T17:30:00,7
3293,180,24NCC101,2026-03-02,4,28,2026-03-02T17:30:00,8
3294,180,24NCC101,2026-03-16,1,28,2026-03-16T17:30:00,9
3295,180,24NCC101,2026-03-23,2,28,2026-03-23T17:30:00,10
3296,180,24NCC101,2026-03-30,3,28,2026-03-30T17:30:00,11
3297,180,24NCC101,2026-04-06,4,28,2026-04-06T17:30:00,12
3298,180,24NCC101,2026-04-13,1,28,2026-04-13T17:30:00,13
3299,180,24NCC101,2026-04-20,2,28,2026-04-20T17:30:00,14
3300,180,24NCC101,2026-04-27,3,28,2026-04-27T17:30:00,15
3301,180,24NCC101,2026-05-04,4,28,2026-05-04T17:30:00,16
3302,181,24NSS101,2026-01-06,1,26,2026-01-06T17:30:00,1
3303,181,24NSS101,2026-01-13,2,26,2026-01-13T17:30:00,2
3304,181,24NSS101,2026-01-20,3,26,2026-01-20T17:30:00,3
3305,181,24NSS101,2026-01-27,4,26,2026-01-27T17:30:00,4
3306,181,24NSS101,2026-02-03,1,26,2026-02-03T17:30:00,5
3307,181,24NSS101,2026-02-10,2,26,2026-02-10T17:30:00,6
3308,181,24NSS101,2026-02-17,3,26,2026-02-17T17:30:00,7
3309,181,24NSS101,2026-02-24,4,26,2026-02-24T17:30:00,8
3310,181,24NSS101,2026-03-03,1,26,2026-03-03T17:30:00,9
3311,181,24NSS101,2026-03-17,2,26,2026-03-17T17:30:00,10
3312,181,24NSS101,2026-03-24,3,26,2026-03-24T17:30:00,11
3313,181,24NSS101,2026-03-31,4,26,2026-03-31T17:30:00,12
3314,181,24NSS101,2026-04-07,1,26,2026-04-07T17:30:00,13
3315,181,24NSS101,2026-04-21,2,26,2026-04-21T17:30:00,14
3316,181,24NSS101,2026-04-28,3,26,2026-04-28T17:30:00,15
3317,181,24NSS101,2026-05-05,4,26,2026-05-05T17:30:00,16
3318,182,24HS104T,2026-01-05,1,27,2026-01-05T17:30:00,1
3319,182,24HS104T,2026-01-12,2,27,2026-01-12T17:30:00,2
3320,182,24HS104T,2026-01-19,3,27,2026-01-19T17:30:00,3
3321,182,24HS104T,2026-02-02,4,27,2026-02-02T17:30:00,4
3322,182,24HS104T,2026-02-09,1,27,2026-02-09T17:30:00,5
3323,182,24HS104T,2026-02-16,2,27,2026-02-16T17:30:00,6
3324,182,24HS104T,2026-02-23,3,27,2026-02-23T17:30:00,7
3325,182,24HS104T,2026-03-02,4,27,2026-03-02T17:30:00,8
3326,182,24HS104T,2026-03-16,1,27,2026-03-16T17:30:00,9
3327,182,24HS104T,2026-03-23,2,27,2026-03-23T17:30:00,10
3328,182,24HS104T,2026-03-30,3,27,2026-03-30T17:30:00,11
3329,182,24HS104T,2026-04-06,4,27,2026-04-06T17:30:00,12
3330,182,24HS104T,2026-04-13,1,27,2026-04-13T17:30:00,13
3331,182,24HS104T,2026-04-20,2,27,2026-04-20T17:30:00,14
3332,182,24HS104T,2026-04-27,3,27,2026-04-27T17:30:00,15
3333,182,24HS104T,2026-05-04,4,27,2026-05-04T17:30:00,16
3334,183,24CP102T,2026-01-06,1,3,2026-01-06T17:30:00,1
3335,183,24CP102T,2026-01-13,2,3,2026-01-13T17:30:00,2
3336,183,24CP102T,2026-01-20,3,3,2026-01-20T17:30:00,3
3337,183,24CP102T,2026-01-27,4,3,2026-01-27T17:30:00,4
3338,183,24CP102T,2026-02-03,1,3,2026-02-03T17:30:00,5
3339,183,24CP102T,2026-02-10,2,3,2026-02-10T17:30:00,6
3340,183,24CP102T,2026-02-17,3,3,2026-02-17T17:30:00,7
3341,183,24CP102T,2026-02-24,4,3,2026-02-24T17:30:00,8
3342,183,24CP102T,2026-03-03,1,3,2026-03-03T17:30:00,9
3343,183,24CP102T,2026-03-17,2,3,2026-03-17T17:30:00,10
3344,183,24CP102T,2026-03-24,3,3,2026-03-24T17:30:00,11
3345,183,24CP102T,2026-03-31,4,3,2026-03-31T17:30:00,12
3346,183,24CP102T,2026-04-07,1,3,2026-04-07T17:30:00,13
3347,183,24CP102T,2026-04-21,2,3,2026-04-21T17:30:00,14
3348,183,24CP102T,2026-04-28,3,3,2026-04-28T17:30:00,15
3349,183,24CP102T,2026-05-05,4,3,2026-05-05T17:30:00,16
3350,184,24CP102P,2026-01-06,,2,2026-01-06T17:30:00,1
3351,184,24CP102P,2026-01-13,,2,2026-01-13T17:30:00,2
3352,184,24CP102P,2026-01-20,,2,2026-01-20T17:30:00,3
3353,184,24CP102P,2026-01-27,,2,2026-01-27T17:30:00,4
3354,184,24CP102P,2026-02-03,,2,2026-02-03T17:30:00,5
3355,184,24CP102P,2026-02-10,,2,2026-02-10T17:30:00,6
3356,184,24CP102P,2026-02-17,,2,2026-02-17T17:30:00,7
3357,184,24CP102P,2026-02-24,,2,2026-02-24T17:30:00,8
3358,184,24CP102P,2026-03-03,,2,2026-03-03T17:30:00,9
3359,184,24CP102P,2026-03-17,,2,2026-03-17T17:30:00,10
3360,184,24CP102P,2026-03-24,,2,2026-03-24T17:30:00,11
3361,184,24CP102P,2026-03-31,,2,2026-03-31T17:30:00,12
3362,184,24CP102P,2026-04-07,,2,2026-04-07T17:30:00,13
3363,184,24CP102P,2026-04-21,,2,2026-04-21T17:30:00,14
3364,184,24CP102P,2026-04-28,,2,2026-04-28T17:30:00,15
3365,184,24CP102P,2026-05-05,,2,2026-05-05T17:30:00,16
3366,185,24CP102P,2026-01-07,,4,2026-01-07T17:30:00,1
3367,185,24CP102P,2026-01-21,,4,2026-01-21T17:30:00,2
3368,185,24CP102P,2026-01-28,,4,2026-01-28T17:30:00,3
3369,185,24CP102P,2026-02-04,,4,2026-02-04T17:30:00,4
3370,185,24CP102P,2026-02-11,,4,2026-02-11T17:30:00,5
3371,185,24CP102P,2026-02-18,,4,2026-02-18T17:30:00,6
3372,185,24CP102P,2026-02-25,,4,2026-02-25T17:30:00,7
3373,185,24CP102P,2026-03-18,,4,2026-03-18T17:30:00,8
3374,185,24CP102P,2026-03-25,,4,2026-03-25T17:30:00,9
3375,185,24CP102P,2026-04-01,,4,2026-04-01T17:30:00,10
3376,185,24CP102P,2026-04-08,,4,2026-04-08T17:30:00,11
3377,185,24CP102P,2026-04-15,,4,2026-04-15T17:30:00,12
3378,185,24CP102P,2026-04-22,,4,2026-04-22T17:30:00,13
3379,185,24CP102P,2026-04-29,,4,2026-04-29T17:30:00,14
3380,185,24CP102P,2026-05-06,,4,2026-05-06T17:30:00,15
3381,186,24HS105T,2026-01-05,1,27,2026-01-05T17:30:00,1
3382,186,24HS105T,2026-01-07,2,27,2026-01-07T17:30:00,2
3383,186,24HS105T,2026-01-12,3,27,2026-01-12T17:30:00,3
3384,186,24HS105T,2026-01-19,4,27,2026-01-19T17:30:00,4
3385,186,24HS105T,2026-01-21,1,27,2026-01-21T17:30:00,5
3386,186,24HS105T,2026-01-28,2,27,2026-01-28T17:30:00,6
3387,186,24HS105T,2026-02-02,3,27,2026-02-02T17:30:00,7
3388,186,24HS105T,2026-02-04,4,27,2026-02-04T17:30:00,8
3389,186,24HS105T,2026-02-09,1,27,2026-02-09T17:30:00,9
3390,186,24HS105T,2026-02-11,2,27,2026-02-11T17:30:00,10
3391,186,24HS105T,2026-02-16,3,27,2026-02-16T17:30:00,11
3392,186,24HS105T,2026-02-18,4,27,2026-02-18T17:30:00,12
3393,186,24HS105T,2026-02-23,1,27,2026-02-23T17:30:00,13
3394,186,24HS105T,2026-02-25,2,27,2026-02-25T17:30:00,14
3395,186,24HS105T,2026-03-02,3,27,2026-03-02T17:30:00,15
3396,186,24HS105T,2026-03-16,4,27,2026-03-16T17:30:00,16
3397,186,24HS105T,2026-03-18,1,27,2026-03-18T17:30:00,17
3398,186,24HS105T,2026-03-23,2,27,2026-03-23T17:30:00,18
3399,186,24HS105T,2026-03-25,3,27,2026-03-25T17:30:00,19
3400,186,24HS105T,2026-03-30,4,27,2026-03-30T17:30:00,20
3401,186,24HS105T,2026-04-01,1,27,2026-04-01T17:30:00,21
3402,186,24HS105T,2026-04-06,2,27,2026-04-06T17:30:00,22
3403,186,24HS105T,2026-04-08,3,27,2026-04-08T17:30:00,23
3404,186,24HS105T,2026-04-13,4,27,2026-04-13T17:30:00,24
3405,186,24HS105T,2026-04-15,1,27,2026-04-15T17:30:00,25
3406,186,24HS105T,2026-04-20,2,27,2026-04-20T17:30:00,26
3407,186,24HS105T,2026-04-22,3,27,2026-04-22T17:30:00,27
3408,186,24HS105T,2026-04-27,4,27,2026-04-27T17:30:00,28
3409,186,24HS105T,2026-04-29,1,27,2026-04-29T17:30:00,29
3410,186,24HS105T,2026-05-04,2,27,2026-05-04T17:30:00,30
3411,186,24HS105T,2026-05-06,3,27,2026-05-06T17:30:00,31
3412,187,24MA103T,2026-01-06,1,26,2026-01-06T17:30:00,1
3413,187,24MA103T,2026-01-08,2,26,2026-01-08T17:30:00,2
3414,187,24MA103T,2026-01-10,3,26,2026-01-10T17:30:00,3
3415,187,24MA103T,2026-01-13,4,26,2026-01-13T17:30:00,4
3416,187,24MA103T,2026-01-17,1,26,2026-01-17T17:30:00,5
3417,187,24MA103T,2026-01-20,2,26,2026-01-20T17:30:00,6
3418,187,24MA103T,2026-01-22,3,26,2026-01-22T17:30:00,7
3419,187,24MA103T,2026-01-24,4,26,2026-01-24T17:30:00,8
3420,187,24MA103T,2026-01-27,1,26,2026-01-27T17:30:00,9
3421,187,24MA103T,2026-01-29,2,26,2026-01-29T17:30:00,10
3422,187,24MA103T,2026-01-31,3,26,2026-01-31T17:30:00,11
3423,187,24MA103T,2026-02-03,4,26,2026-02-03T17:30:00,12
3424,187,24MA103T,2026-02-05,1,26,2026-02-05T17:30:00,13
3425,187,24MA103T,2026-02-07,2,26,2026-02-07T17:30:00,14
3426,187,24MA103T,2026-02-10,3,26,2026-02-10T17:30:00,15
3427,187,24MA103T,2026-02-12,4,26,2026-02-12T17:30:00,16
3428,187,24MA103T,2026-02-14,1,26,2026-02-14T17:30:00,17
3429,187,24MA103T,2026-02-17,2,26,2026-02-17T17:30:00,18
3430,187,24MA103T,2026-02-19,3,26,2026-02-19T17:30:00,19
3431,187,24MA103T,2026-02-21,4,26,2026-02-21T17:30:00,20
3432,187,24MA103T,2026-02-24,1,26,2026-02-24T17:30:00,21
3433,187,24MA103T,2026-02-26,2,26,2026-02-26T17:30:00,22
3434,187,24MA103T,2026-02-28,3,26,2026-02-28T17:30:00,23
3435,187,24MA103T,2026-03-03,4,26,2026-03-03T17:30:00,24
3436,187,24MA103T,2026-03-05,1,26,2026-03-05T17:30:00,25
3437,187,24MA103T,2026-03-07,2,26,2026-03-07T17:30:00,26
3438,187,24MA103T,2026-03-17,3,26,2026-03-17T17:30:00,27
3439,187,24MA103T,2026-03-19,4,26,2026-03-19T17:30:00,28
3440,187,24MA103T,2026-03-24,1,26,2026-03-24T17:30:00,29
3441,187,24MA103T,2026-03-26,2,26,2026-03-26T17:30:00,30
3442,187,24MA103T,2026-03-28,3,26,2026-03-28T17:30:00,31
3443,187,24MA103T,2026-03-31,4,26,2026-03-31T17:30:00,32
3444,187,24MA103T,2026-04-02,1,26,2026-04-02T17:30:00,33
3445,187,24MA103T,2026-04-04,2,26,2026-04-04T17:30:00,34
3446,187,24MA103T,2026-04-07,3,26,2026-04-07T17:30:00,35
3447,187,24MA103T,2026-04-09,4,26,2026-04-09T17:30:00,36
3448,187,24MA103T,2026-04-11,1,26,2026-04-11T17:30:00,37
3449,187,24MA103T,2026-04-16,2,26,2026-04-16T17:30:00,38
3450,187,24MA103T,2026-04-18,3,26,2026-04-18T17:30:00,39
3451,187,24MA103T,2026-04-21,4,26,2026-04-21T17:30:00,40
3452,187,24MA103T,2026-04-23,1,26,2026-04-23T17:30:00,41
3453,187,24MA103T,2026-04-25,2,26,2026-04-25T17:30:00,42
3454,187,24MA103T,2026-04-28,3,26,2026-04-28T17:30:00,43
3455,187,24MA103T,2026-04-30,4,26,2026-04-30T17:30:00,44
3456,187,24MA103T,2026-05-02,1,26,2026-05-02T17:30:00,45
3457,187,24MA103T,2026-05-05,2,26,2026-05-05T17:30:00,46
3458,187,24MA103T,2026-05-07,3,26,2026-05-07T17:30:00,47
3459,188,24CH101T,2026-01-05,1,24,2026-01-05T17:30:00,1
3460,188,24CH101T,2026-01-07,2,24,2026-01-07T17:30:00,2
3461,188,24CH101T,2026-01-08,3,24,2026-01-08T17:30:00,3
3462,188,24CH101T,2026-01-12,4,24,2026-01-12T17:30:00,4
3463,188,24CH101T,2026-01-19,1,24,2026-01-19T17:30:00,5
3464,188,24CH101T,2026-01-21,2,24,2026-01-21T17:30:00,6
3465,188,24CH101T,2026-01-22,3,24,2026-01-22T17:30:00,7
3466,188,24CH101T,2026-01-28,4,24,2026-01-28T17:30:00,8
3467,188,24CH101T,2026-01-29,1,24,2026-01-29T17:30:00,9
3468,188,24CH101T,2026-02-02,2,24,2026-02-02T17:30:00,10
3469,188,24CH101T,2026-02-04,3,24,2026-02-04T17:30:00,11
3470,188,24CH101T,2026-02-05,4,24,2026-02-05T17:30:00,12
3471,188,24CH101T,2026-02-09,1,24,2026-02-09T17:30:00,13
3472,188,24CH101T,2026-02-11,2,24,2026-02-11T17:30:00,14
3473,188,24CH101T,2026-02-12,3,24,2026-02-12T17:30:00,15
3474,188,24CH101T,2026-02-16,4,24,2026-02-16T17:30:00,16
3475,188,24CH101T,2026-02-18,1,24,2026-02-18T17:30:00,17
3476,188,24CH101T,2026-02-19,2,24,2026-02-19T17:30:00,18
3477,188,24CH101T,2026-02-23,3,24,2026-02-23T17:30:00,19
3478,188,24CH101T,2026-02-25,4,24,2026-02-25T17:30:00,20
3479,188,24CH101T,2026-02-26,1,24,2026-02-26T17:30:00,21
3480,188,24CH101T,2026-03-02,2,24,2026-03-02T17:30:00,22
3481,188,24CH101T,2026-03-05,3,24,2026-03-05T17:30:00,23
3482,188,24CH101T,2026-03-16,4,24,2026-03-16T17:30:00,24
3483,188,24CH101T,2026-03-18,1,24,2026-03-18T17:30:00,25
3484,188,24CH101T,2026-03-19,2,24,2026-03-19T17:30:00,26
3485,188,24CH101T,2026-03-23,3,24,2026-03-23T17:30:00,27
3486,188,24CH101T,2026-03-25,4,24,2026-03-25T17:30:00,28
3487,188,24CH101T,2026-03-26,1,24,2026-03-26T17:30:00,29
3488,188,24CH101T,2026-03-30,2,24,2026-03-30T17:30:00,30
3489,188,24CH101T,2026-04-01,3,24,2026-04-01T17:30:00,31
3490,188,24CH101T,2026-04-02,4,24,2026-04-02T17:30:00,32
3491,188,24CH101T,2026-04-06,1,24,2026-04-06T17:30:00,33
3492,188,24CH101T,2026-04-08,2,24,2026-04-08T17:30:00,34
3493,188,24CH101T,2026-04-09,3,24,2026-04-09T17:30:00,35
3494,188,24CH101T,2026-04-13,4,24,2026-04-13T17:30:00,36
3495,188,24CH101T,2026-04-15,1,24,2026-04-15T17:30:00,37
3496,188,24CH101T,2026-04-16,2,24,2026-04-16T17:30:00,38
3497,188,24CH101T,2026-04-20,3,24,2026-04-20T17:30:00,39
3498,188,24CH101T,2026-04-22,4,24,2026-04-22T17:30:00,40
3499,188,24CH101T,2026-04-23,1,24,2026-04-23T17:30:00,41
3500,188,24CH101T,2026-04-27,2,24,2026-04-27T17:30:00,42
3501,188,24CH101T,2026-04-29,3,24,2026-04-29T17:30:00,43
3502,188,24CH101T,2026-04-30,4,24,2026-04-30T17:30:00,44
3503,188,24CH101T,2026-05-04,1,24,2026-05-04T17:30:00,45
3504,188,24CH101T,2026-05-06,2,24,2026-05-06T17:30:00,46
3505,188,24CH101T,2026-05-07,3,24,2026-05-07T17:30:00,47
3506,189,24CH101P,2026-01-07,,23,2026-01-07T17:30:00,1
3507,189,24CH101P,2026-01-21,,23,2026-01-21T17:30:00,2
3508,189,24CH101P,2026-01-28,,23,2026-01-28T17:30:00,3
3509,189,24CH101P,2026-02-04,,23,2026-02-04T17:30:00,4
3510,189,24CH101P,2026-02-11,,23,2026-02-11T17:30:00,5
3511,189,24CH101P,2026-02-18,,23,2026-02-18T17:30:00,6
3512,189,24CH101P,2026-02-25,,23,2026-02-25T17:30:00,7
3513,189,24CH101P,2026-03-18,,23,2026-03-18T17:30:00,8
3514,189,24CH101P,2026-03-25,,23,2026-03-25T17:30:00,9
3515,189,24CH101P,2026-04-01,,23,2026-04-01T17:30:00,10
3516,189,24CH101P,2026-04-08,,23,2026-04-08T17:30:00,11
3517,189,24CH101P,2026-04-15,,23,2026-04-15T17:30:00,12
3518,189,24CH101P,2026-04-22,,23,2026-04-22T17:30:00,13
3519,189,24CH101P,2026-04-29,,23,2026-04-29T17:30:00,14
3520,189,24CH101P,2026-05-06,,23,2026-05-06T17:30:00,15
3521,190,24CH101P,2026-01-08,,23,2026-01-08T17:30:00,1
3522,190,24CH101P,2026-01-22,,23,2026-01-22T17:30:00,2
3523,190,24CH101P,2026-01-29,,23,2026-01-29T17:30:00,3
3524,190,24CH101P,2026-02-05,,23,2026-02-05T17:30:00,4
3525,190,24CH101P,2026-02-12,,23,2026-02-12T17:30:00,5
3526,190,24CH101P,2026-02-19,,23,2026-02-19T17:30:00,6
3527,190,24CH101P,2026-02-26,,23,2026-02-26T17:30:00,7
3528,190,24CH101P,2026-03-05,,23,2026-03-05T17:30:00,8
3529,190,24CH101P,2026-03-19,,23,2026-03-19T17:30:00,9
3530,190,24CH101P,2026-03-26,,23,2026-03-26T17:30:00,10
3531,190,24CH101P,2026-04-02,,23,2026-04-02T17:30:00,11
3532,190,24CH101P,2026-04-09,,23,2026-04-09T17:30:00,12
3533,190,24CH101P,2026-04-16,,23,2026-04-16T17:30:00,13
3534,190,24CH101P,2026-04-23,,23,2026-04-23T17:30:00,14
3535,190,24CH101P,2026-04-30,,23,2026-04-30T17:30:00,15
3536,190,24CH101P,2026-05-07,,23,2026-05-07T17:30:00,16
3537,191,24EE101T,2026-01-06,1,28,2026-01-06T17:30:00,1
3538,191,24EE101T,2026-01-08,2,28,2026-01-08T17:30:00,2
3539,191,24EE101T,2026-01-09,3,28,2026-01-09T17:30:00,3
3540,191,24EE101T,2026-01-13,4,28,2026-01-13T17:30:00,4
3541,191,24EE101T,2026-01-16,1,28,2026-01-16T17:30:00,5
3542,191,24EE101T,2026-01-20,2,28,2026-01-20T17:30:00,6
3543,191,24EE101T,2026-01-22,3,28,2026-01-22T17:30:00,7
3544,191,24EE101T,2026-01-23,4,28,2026-01-23T17:30:00,8
3545,191,24EE101T,2026-01-27,1,28,2026-01-27T17:30:00,9
3546,191,24EE101T,2026-01-29,2,28,2026-01-29T17:30:00,10
3547,191,24EE101T,2026-01-30,3,28,2026-01-30T17:30:00,11
3548,191,24EE101T,2026-02-03,4,28,2026-02-03T17:30:00,12
3549,191,24EE101T,2026-02-05,1,28,2026-02-05T17:30:00,13
3550,191,24EE101T,2026-02-06,2,28,2026-02-06T17:30:00,14
3551,191,24EE101T,2026-02-10,3,28,2026-02-10T17:30:00,15
3552,191,24EE101T,2026-02-12,4,28,2026-02-12T17:30:00,16
3553,191,24EE101T,2026-02-13,1,28,2026-02-13T17:30:00,17
3554,191,24EE101T,2026-02-17,2,28,2026-02-17T17:30:00,18
3555,191,24EE101T,2026-02-19,3,28,2026-02-19T17:30:00,19
3556,191,24EE101T,2026-02-20,4,28,2026-02-20T17:30:00,20
3557,191,24EE101T,2026-02-24,1,28,2026-02-24T17:30:00,21
3558,191,24EE101T,2026-02-26,2,28,2026-02-26T17:30:00,22
3559,191,24EE101T,2026-02-27,3,28,2026-02-27T17:30:00,23
3560,191,24EE101T,2026-03-03,4,28,2026-03-03T17:30:00,24
3561,191,24EE101T,2026-03-05,1,28,2026-03-05T17:30:00,25
3562,191,24EE101T,2026-03-06,2,28,2026-03-06T17:30:00,26
3563,191,24EE101T,2026-03-17,3,28,2026-03-17T17:30:00,27
3564,191,24EE101T,2026-03-19,4,28,2026-03-19T17:30:00,28
3565,191,24EE101T,2026-03-20,1,28,2026-03-20T17:30:00,29
3566,191,24EE101T,2026-03-24,2,28,2026-03-24T17:30:00,30
3567,191,24EE101T,2026-03-26,3,28,2026-03-26T17:30:00,31
3568,191,24EE101T,2026-03-27,4,28,2026-03-27T17:30:00,32
3569,191,24EE101T,2026-03-31,1,28,2026-03-31T17:30:00,33
3570,191,24EE101T,2026-04-02,2,28,2026-04-02T17:30:00,34
3571,191,24EE101T,2026-04-03,3,28,2026-04-03T17:30:00,35
3572,191,24EE101T,2026-04-07,4,28,2026-04-07T17:30:00,36
3573,191,24EE101T,2026-04-09,1,28,2026-04-09T17:30:00,37
3574,191,24EE101T,2026-04-10,2,28,2026-04-10T17:30:00,38
3575,191,24EE101T,2026-04-16,3,28,2026-04-16T17:30:00,39
3576,191,24EE101T,2026-04-17,4,28,2026-04-17T17:30:00,40
3577,191,24EE101T,2026-04-21,1,28,2026-04-21T17:30:00,41
3578,191,24EE101T,2026-04-23,2,28,2026-04-23T17:30:00,42
3579,191,24EE101T,2026-04-24,3,28,2026-04-24T17:30:00,43
3580,191,24EE101T,2026-04-28,4,28,2026-04-28T17:30:00,44
3581,191,24EE101T,2026-04-30,1,28,2026-04-30T17:30:00,45
3582,191,24EE101T,2026-05-01,2,28,2026-05-01T17:30:00,46
3583,191,24EE101T,2026-05-05,3,28,2026-05-05T17:30:00,47
3584,191,24EE101T,2026-05-07,4,28,2026-05-07T17:30:00,48
3585,191,24EE101T,2026-05-08,1,28,2026-05-08T17:30:00,49
3586,192,24EE101P,2026-01-06,,26,2026-01-06T17:30:00,1
3587,192,24EE101P,2026-01-13,,26,2026-01-13T17:30:00,2
3588,192,24EE101P,2026-01-20,,26,2026-01-20T17:30:00,3
3589,192,24EE101P,2026-01-27,,26,2026-01-27T17:30:00,4
3590,192,24EE101P,2026-02-03,,26,2026-02-03T17:30:00,5
3591,192,24EE101P,2026-02-10,,26,2026-02-10T17:30:00,6
3592,192,24EE101P,2026-02-17,,26,2026-02-17T17:30:00,7
3593,192,24EE101P,2026-02-24,,26,2026-02-24T17:30:00,8
3594,192,24EE101P,2026-03-03,,26,2026-03-03T17:30:00,9
3595,192,24EE101P,2026-03-17,,26,2026-03-17T17:30:00,10
3596,192,24EE101P,2026-03-24,,26,2026-03-24T17:30:00,11
3597,192,24EE101P,2026-03-31,,26,2026-03-31T17:30:00,12
3598,192,24EE101P,2026-04-07,,26,2026-04-07T17:30:00,13
3599,192,24EE101P,2026-04-21,,26,2026-04-21T17:30:00,14
3600,192,24EE101P,2026-04-28,,26,2026-04-28T17:30:00,15
3601,192,24EE101P,2026-05-05,,26,2026-05-05T17:30:00,16
3602,193,24EE101P,2026-01-07,,27,2026-01-07T17:30:00,1
3603,193,24EE101P,2026-01-21,,27,2026-01-21T17:30:00,2
3604,193,24EE101P,2026-01-28,,27,2026-01-28T17:30:00,3
3605,193,24EE101P,2026-02-04,,27,2026-02-04T17:30:00,4
3606,193,24EE101P,2026-02-11,,27,2026-02-11T17:30:00,5
3607,193,24EE101P,2026-02-18,,27,2026-02-18T17:30:00,6
3608,193,24EE101P,2026-02-25,,27,2026-02-25T17:30:00,7
3609,193,24EE101P,2026-03-18,,27,2026-03-18T17:30:00,8
3610,193,24EE101P,2026-03-25,,27,2026-03-25T17:30:00,9
3611,193,24EE101P,2026-04-01,,27,2026-04-01T17:30:00,10
3612,193,24EE101P,2026-04-08,,27,2026-04-08T17:30:00,11
3613,193,24EE101P,2026-04-15,,27,2026-04-15T17:30:00,12
3614,193,24EE101P,2026-04-22,,27,2026-04-22T17:30:00,13
3615,193,24EE101P,2026-04-29,,27,2026-04-29T17:30:00,14
3616,193,24EE101P,2026-05-06,,27,2026-05-06T17:30:00,15
3617,194,24ME102P,2026-01-08,,16,2026-01-08T17:30:00,1
3618,194,24ME102P,2026-01-22,,16,2026-01-22T17:30:00,2
3619,194,24ME102P,2026-01-29,,16,2026-01-29T17:30:00,3
3620,194,24ME102P,2026-02-05,,16,2026-02-05T17:30:00,4
3621,194,24ME102P,2026-02-12,,16,2026-02-12T17:30:00,5
3622,194,24ME102P,2026-02-19,,16,2026-02-19T17:30:00,6
3623,194,24ME102P,2026-02-26,,16,2026-02-26T17:30:00,7
3624,194,24ME102P,2026-03-05,,16,2026-03-05T17:30:00,8
3625,194,24ME102P,2026-03-19,,16,2026-03-19T17:30:00,9
3626,194,24ME102P,2026-03-26,,16,2026-03-26T17:30:00,10
3627,194,24ME102P,2026-04-02,,16,2026-04-02T17:30:00,11
3628,194,24ME102P,2026-04-09,,16,2026-04-09T17:30:00,12
3629,194,24ME102P,2026-04-16,,16,2026-04-16T17:30:00,13
3630,194,24ME102P,2026-04-23,,16,2026-04-23T17:30:00,14
3631,194,24ME102P,2026-04-30,,16,2026-04-30T17:30:00,15
3632,194,24ME102P,2026-05-07,,16,2026-05-07T17:30:00,16
3633,195,24ME102P,2026-01-09,,15,2026-01-09T17:30:00,1
3634,195,24ME102P,2026-01-16,,15,2026-01-16T17:30:00,2
3635,195,24ME102P,2026-01-23,,15,2026-01-23T17:30:00,3
3636,195,24ME102P,2026-01-30,,15,2026-01-30T17:30:00,4
3637,195,24ME102P,2026-02-06,,15,2026-02-06T17:30:00,5
3638,195,24ME102P,2026-02-13,,15,2026-02-13T17:30:00,6
3639,195,24ME102P,2026-02-20,,15,2026-02-20T17:30:00,7
3640,195,24ME102P,2026-02-27,,15,2026-02-27T17:30:00,8
3641,195,24ME102P,2026-03-06,,15,2026-03-06T17:30:00,9
3642,195,24ME102P,2026-03-20,,15,2026-03-20T17:30:00,10
3643,195,24ME102P,2026-03-27,,15,2026-03-27T17:30:00,11
3644,195,24ME102P,2026-04-03,,15,2026-04-03T17:30:00,12
3645,195,24ME102P,2026-04-10,,15,2026-04-10T17:30:00,13
3646,195,24ME102P,2026-04-17,,15,2026-04-17T17:30:00,14
3647,195,24ME102P,2026-04-24,,15,2026-04-24T17:30:00,15
3648,195,24ME102P,2026-05-01,,15,2026-05-01T17:30:00,16
3649,195,24ME102P,2026-05-08,,15,2026-05-08T17:30:00,17
3650,196,24YOG101,2026-01-05,1,28,2026-01-05T17:30:00,1
3651,196,24YOG101,2026-01-12,2,28,2026-01-12T17:30:00,2
3652,196,24YOG101,2026-01-19,3,28,2026-01-19T17:30:00,3
3653,196,24YOG101,2026-02-02,4,28,2026-02-02T17:30:00,4
3654,196,24YOG101,2026-02-09,1,28,2026-02-09T17:30:00,5
3655,196,24YOG101,2026-02-16,2,28,2026-02-16T17:30:00,6
3656,196,24YOG101,2026-02-23,3,28,2026-02-23T17:30:00,7
3657,196,24YOG101,2026-03-02,4,28,2026-03-02T17:30:00,8
3658,196,24YOG101,2026-03-16,1,28,2026-03-16T17:30:00,9
3659,196,24YOG101,2026-03-23,2,28,2026-03-23T17:30:00,10
3660,196,24YOG101,2026-03-30,3,28,2026-03-30T17:30:00,11
3661,196,24YOG101,2026-04-06,4,28,2026-04-06T17:30:00,12
3662,196,24YOG101,2026-04-13,1,28,2026-04-13T17:30:00,13
3663,196,24YOG101,2026-04-20,2,28,2026-04-20T17:30:00,14
3664,196,24YOG101,2026-04-27,3,28,2026-04-27T17:30:00,15
3665,196,24YOG101,2026-05-04,4,28,2026-05-04T17:30:00,16
3666,197,24NCC101,2026-01-06,1,27,2026-01-06T17:30:00,1
3667,197,24NCC101,2026-01-13,2,27,2026-01-13T17:30:00,2
3668,197,24NCC101,2026-01-20,3,27,2026-01-20T17:30:00,3
3669,197,24NCC101,2026-01-27,4,27,2026-01-27T17:30:00,4
3670,197,24NCC101,2026-02-03,1,27,2026-02-03T17:30:00,5
3671,197,24NCC101,2026-02-10,2,27,2026-02-10T17:30:00,6
3672,197,24NCC101,2026-02-17,3,27,2026-02-17T17:30:00,7
3673,197,24NCC101,2026-02-24,4,27,2026-02-24T17:30:00,8
3674,197,24NCC101,2026-03-03,1,27,2026-03-03T17:30:00,9
3675,197,24NCC101,2026-03-17,2,27,2026-03-17T17:30:00,10
3676,197,24NCC101,2026-03-24,3,27,2026-03-24T17:30:00,11
3677,197,24NCC101,2026-03-31,4,27,2026-03-31T17:30:00,12
3678,197,24NCC101,2026-04-07,1,27,2026-04-07T17:30:00,13
3679,197,24NCC101,2026-04-21,2,27,2026-04-21T17:30:00,14
3680,197,24NCC101,2026-04-28,3,27,2026-04-28T17:30:00,15
3681,197,24NCC101,2026-05-05,4,27,2026-05-05T17:30:00,16
3682,198,24NSS101,2026-01-05,1,25,2026-01-05T17:30:00,1
3683,198,24NSS101,2026-01-12,2,25,2026-01-12T17:30:00,2
3684,198,24NSS101,2026-01-19,3,25,2026-01-19T17:30:00,3
3685,198,24NSS101,2026-02-02,4,25,2026-02-02T17:30:00,4
3686,198,24NSS101,2026-02-09,1,25,2026-02-09T17:30:00,5
3687,198,24NSS101,2026-02-16,2,25,2026-02-16T17:30:00,6
3688,198,24NSS101,2026-02-23,3,25,2026-02-23T17:30:00,7
3689,198,24NSS101,2026-03-02,4,25,2026-03-02T17:30:00,8
3690,198,24NSS101,2026-03-16,1,25,2026-03-16T17:30:00,9
3691,198,24NSS101,2026-03-23,2,25,2026-03-23T17:30:00,10
3692,198,24NSS101,2026-03-30,3,25,2026-03-30T17:30:00,11
3693,198,24NSS101,2026-04-06,4,25,2026-04-06T17:30:00,12
3694,198,24NSS101,2026-04-13,1,25,2026-04-13T17:30:00,13
3695,198,24NSS101,2026-04-20,2,25,2026-04-20T17:30:00,14
3696,198,24NSS101,2026-04-27,3,25,2026-04-27T17:30:00,15
3697,198,24NSS101,2026-05-04,4,25,2026-05-04T17:30:00,16
3698,199,24HS104T,2026-01-06,1,26,2026-01-06T17:30:00,1
3699,199,24HS104T,2026-01-13,2,26,2026-01-13T17:30:00,2
3700,199,24HS104T,2026-01-20,3,26,2026-01-20T17:30:00,3
3701,199,24HS104T,2026-01-27,4,26,2026-01-27T17:30:00,4
3702,199,24HS104T,2026-02-03,1,26,2026-02-03T17:30:00,5
3703,199,24HS104T,2026-02-10,2,26,2026-02-10T17:30:00,6
3704,199,24HS104T,2026-02-17,3,26,2026-02-17T17:30:00,7
3705,199,24HS104T,2026-02-24,4,26,2026-02-24T17:30:00,8
3706,199,24HS104T,2026-03-03,1,26,2026-03-03T17:30:00,9
3707,199,24HS104T,2026-03-17,2,26,2026-03-17T17:30:00,10
3708,199,24HS104T,2026-03-24,3,26,2026-03-24T17:30:00,11
3709,199,24HS104T,2026-03-31,4,26,2026-03-31T17:30:00,12
3710,199,24HS104T,2026-04-07,1,26,2026-04-07T17:30:00,13
3711,199,24HS104T,2026-04-21,2,26,2026-04-21T17:30:00,14
3712,199,24HS104T,2026-04-28,3,26,2026-04-28T17:30:00,15
3713,199,24HS104T,2026-05-05,4,26,2026-05-05T17:30:00,16
3714,200,24CP102T,2026-01-05,1,2,2026-01-05T17:30:00,1
3715,200,24CP102T,2026-01-12,2,2,2026-01-12T17:30:00,2
3716,200,24CP102T,2026-01-19,3,2,2026-01-19T17:30:00,3
3717,200,24CP102T,2026-02-02,4,2,2026-02-02T17:30:00,4
3718,200,24CP102T,2026-02-09,1,2,2026-02-09T17:30:00,5
3719,200,24CP102T,2026-02-16,2,2,2026-02-16T17:30:00,6
3720,200,24CP102T,2026-02-23,3,2,2026-02-23T17:30:00,7
3721,200,24CP102T,2026-03-02,4,2,2026-03-02T17:30:00,8
3722,200,24CP102T,2026-03-16,1,2,2026-03-16T17:30:00,9
3723,200,24CP102T,2026-03-23,2,2,2026-03-23T17:30:00,10
3724,200,24CP102T,2026-03-30,3,2,2026-03-30T17:30:00,11
3725,200,24CP102T,2026-04-06,4,2,2026-04-06T17:30:00,12
3726,200,24CP102T,2026-04-13,1,2,2026-04-13T17:30:00,13
3727,200,24CP102T,2026-04-20,2,2,2026-04-20T17:30:00,14
3728,200,24CP102T,2026-04-27,3,2,2026-04-27T17:30:00,15
3729,200,24CP102T,2026-05-04,4,2,2026-05-04T17:30:00,16
3730,201,24CP102P,2026-01-07,,1,2026-01-07T17:30:00,1
3731,201,24CP102P,2026-01-21,,1,2026-01-21T17:30:00,2
3732,201,24CP102P,2026-01-28,,1,2026-01-28T17:30:00,3
3733,201,24CP102P,2026-02-04,,1,2026-02-04T17:30:00,4
3734,201,24CP102P,2026-02-11,,1,2026-02-11T17:30:00,5
3735,201,24CP102P,2026-02-18,,1,2026-02-18T17:30:00,6
3736,201,24CP102P,2026-02-25,,1,2026-02-25T17:30:00,7
3737,201,24CP102P,2026-03-18,,1,2026-03-18T17:30:00,8
3738,201,24CP102P,2026-03-25,,1,2026-03-25T17:30:00,9
3739,201,24CP102P,2026-04-01,,1,2026-04-01T17:30:00,10
3740,201,24CP102P,2026-04-08,,1,2026-04-08T17:30:00,11
3741,201,24CP102P,2026-04-15,,1,2026-04-15T17:30:00,12
3742,201,24CP102P,2026-04-22,,1,2026-04-22T17:30:00,13
3743,201,24CP102P,2026-04-29,,1,2026-04-29T17:30:00,14
3744,201,24CP102P,2026-05-06,,1,2026-05-06T17:30:00,15
3745,202,24CP102P,2026-01-08,,4,2026-01-08T17:30:00,1
3746,202,24CP102P,2026-01-22,,4,2026-01-22T17:30:00,2
3747,202,24CP102P,2026-01-29,,4,2026-01-29T17:30:00,3
3748,202,24CP102P,2026-02-05,,4,2026-02-05T17:30:00,4
3749,202,24CP102P,2026-02-12,,4,2026-02-12T17:30:00,5
3750,202,24CP102P,2026-02-19,,4,2026-02-19T17:30:00,6
3751,202,24CP102P,2026-02-26,,4,2026-02-26T17:30:00,7
3752,202,24CP102P,2026-03-05,,4,2026-03-05T17:30:00,8
3753,202,24CP102P,2026-03-19,,4,2026-03-19T17:30:00,9
3754,202,24CP102P,2026-03-26,,4,2026-03-26T17:30:00,10
3755,202,24CP102P,2026-04-02,,4,2026-04-02T17:30:00,11
3756,202,24CP102P,2026-04-09,,4,2026-04-09T17:30:00,12
3757,202,24CP102P,2026-04-16,,4,2026-04-16T17:30:00,13
3758,202,24CP102P,2026-04-23,,4,2026-04-23T17:30:00,14
3759,202,24CP102P,2026-04-30,,4,2026-04-30T17:30:00,15
3760,202,24CP102P,2026-05-07,,4,2026-05-07T17:30:00,16
3761,203,24MA103T,2026-01-06,1,26,2026-01-06T17:30:00,1
3762,203,24MA103T,2026-01-08,2,26,2026-01-08T17:30:00,2
3763,203,24MA103T,2026-01-09,3,26,2026-01-09T17:30:00,3
3764,203,24MA103T,2026-01-13,4,26,2026-01-13T17:30:00,4
3765,203,24MA103T,2026-01-16,1,26,2026-01-16T17:30:00,5
3766,203,24MA103T,2026-01-20,2,26,2026-01-20T17:30:00,6
3767,203,24MA103T,2026-01-22,3,26,2026-01-22T17:30:00,7
3768,203,24MA103T,2026-01-23,4,26,2026-01-23T17:30:00,8
3769,203,24MA103T,2026-01-27,1,26,2026-01-27T17:30:00,9
3770,203,24MA103T,2026-01-29,2,26,2026-01-29T17:30:00,10
3771,203,24MA103T,2026-01-30,3,26,2026-01-30T17:30:00,11
3772,203,24MA103T,2026-02-03,4,26,2026-02-03T17:30:00,12
3773,203,24MA103T,2026-02-05,1,26,2026-02-05T17:30:00,13
3774,203,24MA103T,2026-02-06,2,26,2026-02-06T17:30:00,14
3775,203,24MA103T,2026-02-10,3,26,2026-02-10T17:30:00,15
3776,203,24MA103T,2026-02-12,4,26,2026-02-12T17:30:00,16
3777,203,24MA103T,2026-02-13,1,26,2026-02-13T17:30:00,17
3778,203,24MA103T,2026-02-17,2,26,2026-02-17T17:30:00,18
3779,203,24MA103T,2026-02-19,3,26,2026-02-19T17:30:00,19
3780,203,24MA103T,2026-02-20,4,26,2026-02-20T17:30:00,20
3781,203,24MA103T,2026-02-24,1,26,2026-02-24T17:30:00,21
3782,203,24MA103T,2026-02-26,2,26,2026-02-26T17:30:00,22
3783,203,24MA103T,2026-02-27,3,26,2026-02-27T17:30:00,23
3784,203,24MA103T,2026-03-03,4,26,2026-03-03T17:30:00,24
3785,203,24MA103T,2026-03-05,1,26,2026-03-05T17:30:00,25
3786,203,24MA103T,2026-03-06,2,26,2026-03-06T17:30:00,26
3787,203,24MA103T,2026-03-17,3,26,2026-03-17T17:30:00,27
3788,203,24MA103T,2026-03-19,4,26,2026-03-19T17:30:00,28
3789,203,24MA103T,2026-03-20,1,26,2026-03-20T17:30:00,29
3790,203,24MA103T,2026-03-24,2,26,2026-03-24T17:30:00,30
3791,203,24MA103T,2026-03-26,3,26,2026-03-26T17:30:00,31
3792,203,24MA103T,2026-03-27,4,26,2026-03-27T17:30:00,32
3793,203,24MA103T,2026-03-31,1,26,2026-03-31T17:30:00,33
3794,203,24MA103T,2026-04-02,2,26,2026-04-02T17:30:00,34
3795,203,24MA103T,2026-04-03,3,26,2026-04-03T17:30:00,35
3796,203,24MA103T,2026-04-07,4,26,2026-04-07T17:30:00,36
3797,203,24MA103T,2026-04-09,1,26,2026-04-09T17:30:00,37
3798,203,24MA103T,2026-04-10,2,26,2026-04-10T17:30:00,38
3799,203,24MA103T,2026-04-16,3,26,2026-04-16T17:30:00,39
3800,203,24MA103T,2026-04-17,4,26,2026-04-17T17:30:00,40
3801,203,24MA103T,2026-04-21,1,26,2026-04-21T17:30:00,41
3802,203,24MA103T,2026-04-23,2,26,2026-04-23T17:30:00,42
3803,203,24MA103T,2026-04-24,3,26,2026-04-24T17:30:00,43
3804,203,24MA103T,2026-04-28,4,26,2026-04-28T17:30:00,44
3805,203,24MA103T,2026-04-30,1,26,2026-04-30T17:30:00,45
3806,203,24MA103T,2026-05-01,2,26,2026-05-01T17:30:00,46
3807,203,24MA103T,2026-05-05,3,26,2026-05-05T17:30:00,47
3808,203,24MA103T,2026-05-07,4,26,2026-05-07T17:30:00,48
3809,203,24MA103T,2026-05-08,1,26,2026-05-08T17:30:00,49
3810,204,24CH101T,2026-01-05,1,24,2026-01-05T17:30:00,1
3811,204,24CH101T,2026-01-07,2,24,2026-01-07T17:30:00,2
3812,204,24CH101T,2026-01-09,3,24,2026-01-09T17:30:00,3
3813,204,24CH101T,2026-01-12,4,24,2026-01-12T17:30:00,4
3814,204,24CH101T,2026-01-16,1,24,2026-01-16T17:30:00,5
3815,204,24CH101T,2026-01-19,2,24,2026-01-19T17:30:00,6
3816,204,24CH101T,2026-01-21,3,24,2026-01-21T17:30:00,7
3817,204,24CH101T,2026-01-23,4,24,2026-01-23T17:30:00,8
3818,204,24CH101T,2026-01-28,1,24,2026-01-28T17:30:00,9
3819,204,24CH101T,2026-01-30,2,24,2026-01-30T17:30:00,10
3820,204,24CH101T,2026-02-02,3,24,2026-02-02T17:30:00,11
3821,204,24CH101T,2026-02-04,4,24,2026-02-04T17:30:00,12
3822,204,24CH101T,2026-02-06,1,24,2026-02-06T17:30:00,13
3823,204,24CH101T,2026-02-09,2,24,2026-02-09T17:30:00,14
3824,204,24CH101T,2026-02-11,3,24,2026-02-11T17:30:00,15
3825,204,24CH101T,2026-02-13,4,24,2026-02-13T17:30:00,16
3826,204,24CH101T,2026-02-16,1,24,2026-02-16T17:30:00,17
3827,204,24CH101T,2026-02-18,2,24,2026-02-18T17:30:00,18
3828,204,24CH101T,2026-02-20,3,24,2026-02-20T17:30:00,19
3829,204,24CH101T,2026-02-23,4,24,2026-02-23T17:30:00,20
3830,204,24CH101T,2026-02-25,1,24,2026-02-25T17:30:00,21
3831,204,24CH101T,2026-02-27,2,24,2026-02-27T17:30:00,22
3832,204,24CH101T,2026-03-02,3,24,2026-03-02T17:30:00,23
3833,204,24CH101T,2026-03-06,4,24,2026-03-06T17:30:00,24
3834,204,24CH101T,2026-03-16,1,24,2026-03-16T17:30:00,25
3835,204,24CH101T,2026-03-18,2,24,2026-03-18T17:30:00,26
3836,204,24CH101T,2026-03-20,3,24,2026-03-20T17:30:00,27
3837,204,24CH101T,2026-03-23,4,24,2026-03-23T17:30:00,28
3838,204,24CH101T,2026-03-25,1,24,2026-03-25T17:30:00,29
3839,204,24CH101T,2026-03-27,2,24,2026-03-27T17:30:00,30
3840,204,24CH101T,2026-03-30,3,24,2026-03-30T17:30:00,31
3841,204,24CH101T,2026-04-01,4,24,2026-04-01T17:30:00,32
3842,204,24CH101T,2026-04-03,1,24,2026-04-03T17:30:00,33
3843,204,24CH101T,2026-04-06,2,24,2026-04-06T17:30:00,34
3844,204,24CH101T,2026-04-08,3,24,2026-04-08T17:30:00,35
3845,204,24CH101T,2026-04-10,4,24,2026-04-10T17:30:00,36
3846,204,24CH101T,2026-04-13,1,24,2026-04-13T17:30:00,37
3847,204,24CH101T,2026-04-15,2,24,2026-04-15T17:30:00,38
3848,204,24CH101T,2026-04-17,3,24,2026-04-17T17:30:00,39
3849,204,24CH101T,2026-04-20,4,24,2026-04-20T17:30:00,40
3850,204,24CH101T,2026-04-22,1,24,2026-04-22T17:30:00,41
3851,204,24CH101T,2026-04-24,2,24,2026-04-24T17:30:00,42
3852,204,24CH101T,2026-04-27,3,24,2026-04-27T17:30:00,43
3853,204,24CH101T,2026-04-29,4,24,2026-04-29T17:30:00,44
3854,204,24CH101T,2026-05-01,1,24,2026-05-01T17:30:00,45
3855,204,24CH101T,2026-05-04,2,24,2026-05-04T17:30:00,46
3856,204,24CH101T,2026-05-06,3,24,2026-05-06T17:30:00,47
3857,204,24CH101T,2026-05-08,4,24,2026-05-08T17:30:00,48
3858,205,24CH101P,2026-01-07,,23,2026-01-07T17:30:00,1
3859,205,24CH101P,2026-01-21,,23,2026-01-21T17:30:00,2
3860,205,24CH101P,2026-01-28,,23,2026-01-28T17:30:00,3
3861,205,24CH101P,2026-02-04,,23,2026-02-04T17:30:00,4
3862,205,24CH101P,2026-02-11,,23,2026-02-11T17:30:00,5
3863,205,24CH101P,2026-02-18,,23,2026-02-18T17:30:00,6
3864,205,24CH101P,2026-02-25,,23,2026-02-25T17:30:00,7
3865,205,24CH101P,2026-03-18,,23,2026-03-18T17:30:00,8
3866,205,24CH101P,2026-03-25,,23,2026-03-25T17:30:00,9
3867,205,24CH101P,2026-04-01,,23,2026-04-01T17:30:00,10
3868,205,24CH101P,2026-04-08,,23,2026-04-08T17:30:00,11
3869,205,24CH101P,2026-04-15,,23,2026-04-15T17:30:00,12
3870,205,24CH101P,2026-04-22,,23,2026-04-22T17:30:00,13
3871,205,24CH101P,2026-04-29,,23,2026-04-29T17:30:00,14
3872,205,24CH101P,2026-05-06,,23,2026-05-06T17:30:00,15
3873,206,24CH101P,2026-01-08,,21,2026-01-08T17:30:00,1
3874,206,24CH101P,2026-01-22,,21,2026-01-22T17:30:00,2
3875,206,24CH101P,2026-01-29,,21,2026-01-29T17:30:00,3
3876,206,24CH101P,2026-02-05,,21,2026-02-05T17:30:00,4
3877,206,24CH101P,2026-02-12,,21,2026-02-12T17:30:00,5
3878,206,24CH101P,2026-02-19,,21,2026-02-19T17:30:00,6
3879,206,24CH101P,2026-02-26,,21,2026-02-26T17:30:00,7
3880,206,24CH101P,2026-03-05,,21,2026-03-05T17:30:00,8
3881,206,24CH101P,2026-03-19,,21,2026-03-19T17:30:00,9
3882,206,24CH101P,2026-03-26,,21,2026-03-26T17:30:00,10
3883,206,24CH101P,2026-04-02,,21,2026-04-02T17:30:00,11
3884,206,24CH101P,2026-04-09,,21,2026-04-09T17:30:00,12
3885,206,24CH101P,2026-04-16,,21,2026-04-16T17:30:00,13
3886,206,24CH101P,2026-04-23,,21,2026-04-23T17:30:00,14
3887,206,24CH101P,2026-04-30,,21,2026-04-30T17:30:00,15
3888,206,24CH101P,2026-05-07,,21,2026-05-07T17:30:00,16
3889,207,24CP102T,2026-01-06,1,4,2026-01-06T17:30:00,1
3890,207,24CP102T,2026-01-13,2,4,2026-01-13T17:30:00,2
3891,207,24CP102T,2026-01-20,3,4,2026-01-20T17:30:00,3
3892,207,24CP102T,2026-01-27,4,4,2026-01-27T17:30:00,4
3893,207,24CP102T,2026-02-03,1,4,2026-02-03T17:30:00,5
3894,207,24CP102T,2026-02-10,2,4,2026-02-10T17:30:00,6
3895,207,24CP102T,2026-02-17,3,4,2026-02-17T17:30:00,7
3896,207,24CP102T,2026-02-24,4,4,2026-02-24T17:30:00,8
3897,207,24CP102T,2026-03-03,1,4,2026-03-03T17:30:00,9
3898,207,24CP102T,2026-03-17,2,4,2026-03-17T17:30:00,10
3899,207,24CP102T,2026-03-24,3,4,2026-03-24T17:30:00,11
3900,207,24CP102T,2026-03-31,4,4,2026-03-31T17:30:00,12
3901,207,24CP102T,2026-04-07,1,4,2026-04-07T17:30:00,13
3902,207,24CP102T,2026-04-21,2,4,2026-04-21T17:30:00,14
3903,207,24CP102T,2026-04-28,3,4,2026-04-28T17:30:00,15
3904,207,24CP102T,2026-05-05,4,4,2026-05-05T17:30:00,16
3905,208,24CP102P,2026-01-06,,4,2026-01-06T17:30:00,1
3906,208,24CP102P,2026-01-13,,4,2026-01-13T17:30:00,2
3907,208,24CP102P,2026-01-20,,4,2026-01-20T17:30:00,3
3908,208,24CP102P,2026-01-27,,4,2026-01-27T17:30:00,4
3909,208,24CP102P,2026-02-03,,4,2026-02-03T17:30:00,5
3910,208,24CP102P,2026-02-10,,4,2026-02-10T17:30:00,6
3911,208,24CP102P,2026-02-17,,4,2026-02-17T17:30:00,7
3912,208,24CP102P,2026-02-24,,4,2026-02-24T17:30:00,8
3913,208,24CP102P,2026-03-03,,4,2026-03-03T17:30:00,9
3914,208,24CP102P,2026-03-17,,4,2026-03-17T17:30:00,10
3915,208,24CP102P,2026-03-24,,4,2026-03-24T17:30:00,11
3916,208,24CP102P,2026-03-31,,4,2026-03-31T17:30:00,12
3917,208,24CP102P,2026-04-07,,4,2026-04-07T17:30:00,13
3918,208,24CP102P,2026-04-21,,4,2026-04-21T17:30:00,14
3919,208,24CP102P,2026-04-28,,4,2026-04-28T17:30:00,15
3920,208,24CP102P,2026-05-05,,4,2026-05-05T17:30:00,16
3921,209,24CP102P,2026-01-07,,2,2026-01-07T17:30:00,1
3922,209,24CP102P,2026-01-21,,2,2026-01-21T17:30:00,2
3923,209,24CP102P,2026-01-28,,2,2026-01-28T17:30:00,3
3924,209,24CP102P,2026-02-04,,2,2026-02-04T17:30:00,4
3925,209,24CP102P,2026-02-11,,2,2026-02-11T17:30:00,5
3926,209,24CP102P,2026-02-18,,2,2026-02-18T17:30:00,6
3927,209,24CP102P,2026-02-25,,2,2026-02-25T17:30:00,7
3928,209,24CP102P,2026-03-18,,2,2026-03-18T17:30:00,8
3929,209,24CP102P,2026-03-25,,2,2026-03-25T17:30:00,9
3930,209,24CP102P,2026-04-01,,2,2026-04-01T17:30:00,10
3931,209,24CP102P,2026-04-08,,2,2026-04-08T17:30:00,11
3932,209,24CP102P,2026-04-15,,2,2026-04-15T17:30:00,12
3933,209,24CP102P,2026-04-22,,2,2026-04-22T17:30:00,13
3934,209,24CP102P,2026-04-29,,2,2026-04-29T17:30:00,14
3935,209,24CP102P,2026-05-06,,2,2026-05-06T17:30:00,15
3936,210,24EE101T,2026-01-05,1,27,2026-01-05T17:30:00,1
3937,210,24EE101T,2026-01-07,2,27,2026-01-07T17:30:00,2
3938,210,24EE101T,2026-01-09,3,27,2026-01-09T17:30:00,3
3939,210,24EE101T,2026-01-12,4,27,2026-01-12T17:30:00,4
3940,210,24EE101T,2026-01-16,1,27,2026-01-16T17:30:00,5
3941,210,24EE101T,2026-01-19,2,27,2026-01-19T17:30:00,6
3942,210,24EE101T,2026-01-21,3,27,2026-01-21T17:30:00,7
3943,210,24EE101T,2026-01-23,4,27,2026-01-23T17:30:00,8
3944,210,24EE101T,2026-01-28,1,27,2026-01-28T17:30:00,9
3945,210,24EE101T,2026-01-30,2,27,2026-01-30T17:30:00,10
3946,210,24EE101T,2026-02-02,3,27,2026-02-02T17:30:00,11
3947,210,24EE101T,2026-02-04,4,27,2026-02-04T17:30:00,12
3948,210,24EE101T,2026-02-06,1,27,2026-02-06T17:30:00,13
3949,210,24EE101T,2026-02-09,2,27,2026-02-09T17:30:00,14
3950,210,24EE101T,2026-02-11,3,27,2026-02-11T17:30:00,15
3951,210,24EE101T,2026-02-13,4,27,2026-02-13T17:30:00,16
3952,210,24EE101T,2026-02-16,1,27,2026-02-16T17:30:00,17
3953,210,24EE101T,2026-02-18,2,27,2026-02-18T17:30:00,18
3954,210,24EE101T,2026-02-20,3,27,2026-02-20T17:30:00,19
3955,210,24EE101T,2026-02-23,4,27,2026-02-23T17:30:00,20
3956,210,24EE101T,2026-02-25,1,27,2026-02-25T17:30:00,21
3957,210,24EE101T,2026-02-27,2,27,2026-02-27T17:30:00,22
3958,210,24EE101T,2026-03-02,3,27,2026-03-02T17:30:00,23
3959,210,24EE101T,2026-03-06,4,27,2026-03-06T17:30:00,24
3960,210,24EE101T,2026-03-16,1,27,2026-03-16T17:30:00,25
3961,210,24EE101T,2026-03-18,2,27,2026-03-18T17:30:00,26
3962,210,24EE101T,2026-03-20,3,27,2026-03-20T17:30:00,27
3963,210,24EE101T,2026-03-23,4,27,2026-03-23T17:30:00,28
3964,210,24EE101T,2026-03-25,1,27,2026-03-25T17:30:00,29
3965,210,24EE101T,2026-03-27,2,27,2026-03-27T17:30:00,30
3966,210,24EE101T,2026-03-30,3,27,2026-03-30T17:30:00,31
3967,210,24EE101T,2026-04-01,4,27,2026-04-01T17:30:00,32
3968,210,24EE101T,2026-04-03,1,27,2026-04-03T17:30:00,33
3969,210,24EE101T,2026-04-06,2,27,2026-04-06T17:30:00,34
3970,210,24EE101T,2026-04-08,3,27,2026-04-08T17:30:00,35
3971,210,24EE101T,2026-04-10,4,27,2026-04-10T17:30:00,36
3972,210,24EE101T,2026-04-13,1,27,2026-04-13T17:30:00,37
3973,210,24EE101T,2026-04-15,2,27,2026-04-15T17:30:00,38
3974,210,24EE101T,2026-04-17,3,27,2026-04-17T17:30:00,39
3975,210,24EE101T,2026-04-20,4,27,2026-04-20T17:30:00,40
3976,210,24EE101T,2026-04-22,1,27,2026-04-22T17:30:00,41
3977,210,24EE101T,2026-04-24,2,27,2026-04-24T17:30:00,42
3978,210,24EE101T,2026-04-27,3,27,2026-04-27T17:30:00,43
3979,210,24EE101T,2026-04-29,4,27,2026-04-29T17:30:00,44
3980,210,24EE101T,2026-05-01,1,27,2026-05-01T17:30:00,45
3981,210,24EE101T,2026-05-04,2,27,2026-05-04T17:30:00,46
3982,210,24EE101T,2026-05-06,3,27,2026-05-06T17:30:00,47
3983,210,24EE101T,2026-05-08,4,27,2026-05-08T17:30:00,48
3984,211,24EE101P,2026-01-09,,26,2026-01-09T17:30:00,1
3985,211,24EE101P,2026-01-16,,26,2026-01-16T17:30:00,2
3986,211,24EE101P,2026-01-23,,26,2026-01-23T17:30:00,3
3987,211,24EE101P,2026-01-30,,26,2026-01-30T17:30:00,4
3988,211,24EE101P,2026-02-06,,26,2026-02-06T17:30:00,5
3989,211,24EE101P,2026-02-13,,26,2026-02-13T17:30:00,6
3990,211,24EE101P,2026-02-20,,26,2026-02-20T17:30:00,7
3991,211,24EE101P,2026-02-27,,26,2026-02-27T17:30:00,8
3992,211,24EE101P,2026-03-06,,26,2026-03-06T17:30:00,9
3993,211,24EE101P,2026-03-20,,26,2026-03-20T17:30:00,10
3994,211,24EE101P,2026-03-27,,26,2026-03-27T17:30:00,11
3995,211,24EE101P,2026-04-03,,26,2026-04-03T17:30:00,12
3996,211,24EE101P,2026-04-10,,26,2026-04-10T17:30:00,13
3997,211,24EE101P,2026-04-17,,26,2026-04-17T17:30:00,14
3998,211,24EE101P,2026-04-24,,26,2026-04-24T17:30:00,15
3999,211,24EE101P,2026-05-01,,26,2026-05-01T17:30:00,16
4000,211,24EE101P,2026-05-08,,26,2026-05-08T17:30:00,17
4001,212,24EE101P,2026-01-06,,27,2026-01-06T17:30:00,1
4002,212,24EE101P,2026-01-13,,27,2026-01-13T17:30:00,2
4003,212,24EE101P,2026-01-20,,27,2026-01-20T17:30:00,3
4004,212,24EE101P,2026-01-27,,27,2026-01-27T17:30:00,4
4005,212,24EE101P,2026-02-03,,27,2026-02-03T17:30:00,5
4006,212,24EE101P,2026-02-10,,27,2026-02-10T17:30:00,6
4007,212,24EE101P,2026-02-17,,27,2026-02-17T17:30:00,7
4008,212,24EE101P,2026-02-24,,27,2026-02-24T17:30:00,8
4009,212,24EE101P,2026-03-03,,27,2026-03-03T17:30:00,9
4010,212,24EE101P,2026-03-17,,27,2026-03-17T17:30:00,10
4011,212,24EE101P,2026-03-24,,27,2026-03-24T17:30:00,11
4012,212,24EE101P,2026-03-31,,27,2026-03-31T17:30:00,12
4013,212,24EE101P,2026-04-07,,27,2026-04-07T17:30:00,13
4014,212,24EE101P,2026-04-21,,27,2026-04-21T17:30:00,14
4015,212,24EE101P,2026-04-28,,27,2026-04-28T17:30:00,15
4016,212,24EE101P,2026-05-05,,27,2026-05-05T17:30:00,16
4017,213,24HS103T,2026-01-06,1,26,2026-01-06T17:30:00,1
4018,213,24HS103T,2026-01-07,2,26,2026-01-07T17:30:00,2
4019,213,24HS103T,2026-01-13,3,26,2026-01-13T17:30:00,3
4020,213,24HS103T,2026-01-20,4,26,2026-01-20T17:30:00,4
4021,213,24HS103T,2026-01-21,1,26,2026-01-21T17:30:00,5
4022,213,24HS103T,2026-01-27,2,26,2026-01-27T17:30:00,6
4023,213,24HS103T,2026-01-28,3,26,2026-01-28T17:30:00,7
4024,213,24HS103T,2026-02-03,4,26,2026-02-03T17:30:00,8
4025,213,24HS103T,2026-02-04,1,26,2026-02-04T17:30:00,9
4026,213,24HS103T,2026-02-10,2,26,2026-02-10T17:30:00,10
4027,213,24HS103T,2026-02-11,3,26,2026-02-11T17:30:00,11
4028,213,24HS103T,2026-02-17,4,26,2026-02-17T17:30:00,12
4029,213,24HS103T,2026-02-18,1,26,2026-02-18T17:30:00,13
4030,213,24HS103T,2026-02-24,2,26,2026-02-24T17:30:00,14
4031,213,24HS103T,2026-02-25,3,26,2026-02-25T17:30:00,15
4032,213,24HS103T,2026-03-03,4,26,2026-03-03T17:30:00,16
4033,213,24HS103T,2026-03-17,1,26,2026-03-17T17:30:00,17
4034,213,24HS103T,2026-03-18,2,26,2026-03-18T17:30:00,18
4035,213,24HS103T,2026-03-24,3,26,2026-03-24T17:30:00,19
4036,213,24HS103T,2026-03-25,4,26,2026-03-25T17:30:00,20
4037,213,24HS103T,2026-03-31,1,26,2026-03-31T17:30:00,21
4038,213,24HS103T,2026-04-01,2,26,2026-04-01T17:30:00,22
4039,213,24HS103T,2026-04-07,3,26,2026-04-07T17:30:00,23
4040,213,24HS103T,2026-04-08,4,26,2026-04-08T17:30:00,24
4041,213,24HS103T,2026-04-15,1,26,2026-04-15T17:30:00,25
4042,213,24HS103T,2026-04-21,2,26,2026-04-21T17:30:00,26
4043,213,24HS103T,2026-04-22,3,26,2026-04-22T17:30:00,27
4044,213,24HS103T,2026-04-28,4,26,2026-04-28T17:30:00,28
4045,213,24HS103T,2026-04-29,1,26,2026-04-29T17:30:00,29
4046,213,24HS103T,2026-05-05,2,26,2026-05-05T17:30:00,30
4047,213,24HS103T,2026-05-06,3,26,2026-05-06T17:30:00,31
4048,214,24HS104T,2026-01-05,1,28,2026-01-05T17:30:00,1
4049,214,24HS104T,2026-01-12,2,28,2026-01-12T17:30:00,2
4050,214,24HS104T,2026-01-19,3,28,2026-01-19T17:30:00,3
4051,214,24HS104T,2026-02-02,4,28,2026-02-02T17:30:00,4
4052,214,24HS104T,2026-02-09,1,28,2026-02-09T17:30:00,5
4053,214,24HS104T,2026-02-16,2,28,2026-02-16T17:30:00,6
4054,214,24HS104T,2026-02-23,3,28,2026-02-23T17:30:00,7
4055,214,24HS104T,2026-03-02,4,28,2026-03-02T17:30:00,8
4056,214,24HS104T,2026-03-16,1,28,2026-03-16T17:30:00,9
4057,214,24HS104T,2026-03-23,2,28,2026-03-23T17:30:00,10
4058,214,24HS104T,2026-03-30,3,28,2026-03-30T17:30:00,11
4059,214,24HS104T,2026-04-06,4,28,2026-04-06T17:30:00,12
4060,214,24HS104T,2026-04-13,1,28,2026-04-13T17:30:00,13
4061,214,24HS104T,2026-04-20,2,28,2026-04-20T17:30:00,14
4062,214,24HS104T,2026-04-27,3,28,2026-04-27T17:30:00,15
4063,214,24HS104T,2026-05-04,4,28,2026-05-04T17:30:00,16
4064,215,24HS105T,2026-01-06,1,28,2026-01-06T17:30:00,1
4065,215,24HS105T,2026-01-08,2,28,2026-01-08T17:30:00,2
4066,215,24HS105T,2026-01-13,3,28,2026-01-13T17:30:00,3
4067,215,24HS105T,2026-01-20,4,28,2026-01-20T17:30:00,4
4068,215,24HS105T,2026-01-22,1,28,2026-01-22T17:30:00,5
4069,215,24HS105T,2026-01-27,2,28,2026-01-27T17:30:00,6
4070,215,24HS105T,2026-01-29,3,28,2026-01-29T17:30:00,7
4071,215,24HS105T,2026-02-03,4,28,2026-02-03T17:30:00,8
4072,215,24HS105T,2026-02-05,1,28,2026-02-05T17:30:00,9
4073,215,24HS105T,2026-02-10,2,28,2026-02-10T17:30:00,10
4074,215,24HS105T,2026-02-12,3,28,2026-02-12T17:30:00,11
4075,215,24HS105T,2026-02-17,4,28,2026-02-17T17:30:00,12
4076,215,24HS105T,2026-02-19,1,28,2026-02-19T17:30:00,13
4077,215,24HS105T,2026-02-24,2,28,2026-02-24T17:30:00,14
4078,215,24HS105T,2026-02-26,3,28,2026-02-26T17:30:00,15
4079,215,24HS105T,2026-03-03,4,28,2026-03-03T17:30:00,16
4080,215,24HS105T,2026-03-05,1,28,2026-03-05T17:30:00,17
4081,215,24HS105T,2026-03-17,2,28,2026-03-17T17:30:00,18
4082,215,24HS105T,2026-03-19,3,28,2026-03-19T17:30:00,19
4083,215,24HS105T,2026-03-24,4,28,2026-03-24T17:30:00,20
4084,215,24HS105T,2026-03-26,1,28,2026-03-26T17:30:00,21
4085,215,24HS105T,2026-03-31,2,28,2026-03-31T17:30:00,22
4086,215,24HS105T,2026-04-02,3,28,2026-04-02T17:30:00,23
4087,215,24HS105T,2026-04-07,4,28,2026-04-07T17:30:00,24
4088,215,24HS105T,2026-04-09,1,28,2026-04-09T17:30:00,25
4089,215,24HS105T,2026-04-16,2,28,2026-04-16T17:30:00,26
4090,215,24HS105T,2026-04-21,3,28,2026-04-21T17:30:00,27
4091,215,24HS105T,2026-04-23,4,28,2026-04-23T17:30:00,28
4092,215,24HS105T,2026-04-28,1,28,2026-04-28T17:30:00,29
4093,215,24HS105T,2026-04-30,2,28,2026-04-30T17:30:00,30
4094,215,24HS105T,2026-05-05,3,28,2026-05-05T17:30:00,31
4095,215,24HS105T,2026-05-07,4,28,2026-05-07T17:30:00,32
4096,216,24YOG101,2026-01-05,1,25,2026-01-05T17:30:00,1
4097,216,24YOG101,2026-01-12,2,25,2026-01-12T17:30:00,2
4098,216,24YOG101,2026-01-19,3,25,2026-01-19T17:30:00,3
4099,216,24YOG101,2026-02-02,4,25,2026-02-02T17:30:00,4
4100,216,24YOG101,2026-02-09,1,25,2026-02-09T17:30:00,5
4101,216,24YOG101,2026-02-16,2,25,2026-02-16T17:30:00,6
4102,216,24YOG101,2026-02-23,3,25,2026-02-23T17:30:00,7
4103,216,24YOG101,2026-03-02,4,25,2026-03-02T17:30:00,8
4104,216,24YOG101,2026-03-16,1,25,2026-03-16T17:30:00,9
4105,216,24YOG101,2026-03-23,2,25,2026-03-23T17:30:00,10
4106,216,24YOG101,2026-03-30,3,25,2026-03-30T17:30:00,11
4107,216,24YOG101,2026-04-06,4,25,2026-04-06T17:30:00,12
4108,216,24YOG101,2026-04-13,1,25,2026-04-13T17:30:00,13
4109,216,24YOG101,2026-04-20,2,25,2026-04-20T17:30:00,14
4110,216,24YOG101,2026-04-27,3,25,2026-04-27T17:30:00,15
4111,216,24YOG101,2026-05-04,4,25,2026-05-04T17:30:00,16
4112,217,24NSS101,2026-01-06,1,28,2026-01-06T17:30:00,1
4113,217,24NSS101,2026-01-13,2,28,2026-01-13T17:30:00,2
4114,217,24NSS101,2026-01-20,3,28,2026-01-20T17:30:00,3
4115,217,24NSS101,2026-01-27,4,28,2026-01-27T17:30:00,4
4116,217,24NSS101,2026-02-03,1,28,2026-02-03T17:30:00,5
4117,217,24NSS101,2026-02-10,2,28,2026-02-10T17:30:00,6
4118,217,24NSS101,2026-02-17,3,28,2026-02-17T17:30:00,7
4119,217,24NSS101,2026-02-24,4,28,2026-02-24T17:30:00,8
4120,217,24NSS101,2026-03-03,1,28,2026-03-03T17:30:00,9
4121,217,24NSS101,2026-03-17,2,28,2026-03-17T17:30:00,10
4122,217,24NSS101,2026-03-24,3,28,2026-03-24T17:30:00,11
4123,217,24NSS101,2026-03-31,4,28,2026-03-31T17:30:00,12
4124,217,24NSS101,2026-04-07,1,28,2026-04-07T17:30:00,13
4125,217,24NSS101,2026-04-21,2,28,2026-04-21T17:30:00,14
4126,217,24NSS101,2026-04-28,3,28,2026-04-28T17:30:00,15
4127,217,24NSS101,2026-05-05,4,28,2026-05-05T17:30:00,16
4128,218,24NCC101,2026-01-05,1,28,2026-01-05T17:30:00,1
4129,218,24NCC101,2026-01-12,2,28,2026-01-12T17:30:00,2
4130,218,24NCC101,2026-01-19,3,28,2026-01-19T17:30:00,3
4131,218,24NCC101,2026-02-02,4,28,2026-02-02T17:30:00,4
4132,218,24NCC101,2026-02-09,1,28,2026-02-09T17:30:00,5
4133,218,24NCC101,2026-02-16,2,28,2026-02-16T17:30:00,6
4134,218,24NCC101,2026-02-23,3,28,2026-02-23T17:30:00,7
4135,218,24NCC101,2026-03-02,4,28,2026-03-02T17:30:00,8
4136,218,24NCC101,2026-03-16,1,28,2026-03-16T17:30:00,9
4137,218,24NCC101,2026-03-23,2,28,2026-03-23T17:30:00,10
4138,218,24NCC101,2026-03-30,3,28,2026-03-30T17:30:00,11
4139,218,24NCC101,2026-04-06,4,28,2026-04-06T17:30:00,12
4140,218,24NCC101,2026-04-13,1,28,2026-04-13T17:30:00,13
4141,218,24NCC101,2026-04-20,2,28,2026-04-20T17:30:00,14
4142,218,24NCC101,2026-04-27,3,28,2026-04-27T17:30:00,15
4143,218,24NCC101,2026-05-04,4,28,2026-05-04T17:30:00,16
4144,219,24HS105T,2026-01-06,1,28,2026-01-06T17:30:00,1
4145,219,24HS105T,2026-01-07,2,28,2026-01-07T17:30:00,2
4146,219,24HS105T,2026-01-13,3,28,2026-01-13T17:30:00,3
4147,219,24HS105T,2026-01-20,4,28,2026-01-20T17:30:00,4
4148,219,24HS105T,2026-01-21,1,28,2026-01-21T17:30:00,5
4149,219,24HS105T,2026-01-27,2,28,2026-01-27T17:30:00,6
4150,219,24HS105T,2026-01-28,3,28,2026-01-28T17:30:00,7
4151,219,24HS105T,2026-02-03,4,28,2026-02-03T17:30:00,8
4152,219,24HS105T,2026-02-04,1,28,2026-02-04T17:30:00,9
4153,219,24HS105T,2026-02-10,2,28,2026-02-10T17:30:00,10
4154,219,24HS105T,2026-02-11,3,28,2026-02-11T17:30:00,11
4155,219,24HS105T,2026-02-17,4,28,2026-02-17T17:30:00,12
4156,219,24HS105T,2026-02-18,1,28,2026-02-18T17:30:00,13
4157,219,24HS105T,2026-02-24,2,28,2026-02-24T17:30:00,14
4158,219,24HS105T,2026-02-25,3,28,2026-02-25T17:30:00,15
4159,219,24HS105T,2026-03-03,4,28,2026-03-03T17:30:00,16
4160,219,24HS105T,2026-03-17,1,28,2026-03-17T17:30:00,17
4161,219,24HS105T,2026-03-18,2,28,2026-03-18T17:30:00,18
4162,219,24HS105T,2026-03-24,3,28,2026-03-24T17:30:00,19
4163,219,24HS105T,2026-03-25,4,28,2026-03-25T17:30:00,20
4164,219,24HS105T,2026-03-31,1,28,2026-03-31T17:30:00,21
4165,219,24HS105T,2026-04-01,2,28,2026-04-01T17:30:00,22
4166,219,24HS105T,2026-04-07,3,28,2026-04-07T17:30:00,23
4167,219,24HS105T,2026-04-08,4,28,2026-04-08T17:30:00,24
4168,219,24HS105T,2026-04-15,1,28,2026-04-15T17:30:00,25
4169,219,24HS105T,2026-04-21,2,28,2026-04-21T17:30:00,26
4170,219,24HS105T,2026-04-22,3,28,2026-04-22T17:30:00,27
4171,219,24HS105T,2026-04-28,4,28,2026-04-28T17:30:00,28
4172,219,24HS105T,2026-04-29,1,28,2026-04-29T17:30:00,29
4173,219,24HS105T,2026-05-05,2,28,2026-05-05T17:30:00,30
4174,219,24HS105T,2026-05-06,3,28,2026-05-06T17:30:00,31
4175,220,24MA103T,2026-01-05,1,28,2026-01-05T17:30:00,1
4176,220,24MA103T,2026-01-08,2,28,2026-01-08T17:30:00,2
4177,220,24MA103T,2026-01-09,3,28,2026-01-09T17:30:00,3
4178,220,24MA103T,2026-01-12,4,28,2026-01-12T17:30:00,4
4179,220,24MA103T,2026-01-16,1,28,2026-01-16T17:30:00,5
4180,220,24MA103T,2026-01-19,2,28,2026-01-19T17:30:00,6
4181,220,24MA103T,2026-01-22,3,28,2026-01-22T17:30:00,7
4182,220,24MA103T,2026-01-23,4,28,2026-01-23T17:30:00,8
4183,220,24MA103T,2026-01-29,1,28,2026-01-29T17:30:00,9
4184,220,24MA103T,2026-01-30,2,28,2026-01-30T17:30:00,10
4185,220,24MA103T,2026-02-02,3,28,2026-02-02T17:30:00,11
4186,220,24MA103T,2026-02-05,4,28,2026-02-05T17:30:00,12
4187,220,24MA103T,2026-02-06,1,28,2026-02-06T17:30:00,13
4188,220,24MA103T,2026-02-09,2,28,2026-02-09T17:30:00,14
4189,220,24MA103T,2026-02-12,3,28,2026-02-12T17:30:00,15
4190,220,24MA103T,2026-02-13,4,28,2026-02-13T17:30:00,16
4191,220,24MA103T,2026-02-16,1,28,2026-02-16T17:30:00,17
4192,220,24MA103T,2026-02-19,2,28,2026-02-19T17:30:00,18
4193,220,24MA103T,2026-02-20,3,28,2026-02-20T17:30:00,19
4194,220,24MA103T,2026-02-23,4,28,2026-02-23T17:30:00,20
4195,220,24MA103T,2026-02-26,1,28,2026-02-26T17:30:00,21
4196,220,24MA103T,2026-02-27,2,28,2026-02-27T17:30:00,22
4197,220,24MA103T,2026-03-02,3,28,2026-03-02T17:30:00,23
4198,220,24MA103T,2026-03-05,4,28,2026-03-05T17:30:00,24
4199,220,24MA103T,2026-03-06,1,28,2026-03-06T17:30:00,25
4200,220,24MA103T,2026-03-16,2,28,2026-03-16T17:30:00,26
4201,220,24MA103T,2026-03-19,3,28,2026-03-19T17:30:00,27
4202,220,24MA103T,2026-03-20,4,28,2026-03-20T17:30:00,28
4203,220,24MA103T,2026-03-23,1,28,2026-03-23T17:30:00,29
4204,220,24MA103T,2026-03-26,2,28,2026-03-26T17:30:00,30
4205,220,24MA103T,2026-03-27,3,28,2026-03-27T17:30:00,31
4206,220,24MA103T,2026-03-30,4,28,2026-03-30T17:30:00,32
4207,220,24MA103T,2026-04-02,1,28,2026-04-02T17:30:00,33
4208,220,24MA103T,2026-04-03,2,28,2026-04-03T17:30:00,34
4209,220,24MA103T,2026-04-06,3,28,2026-04-06T17:30:00,35
4210,220,24MA103T,2026-04-09,4,28,2026-04-09T17:30:00,36
4211,220,24MA103T,2026-04-10,1,28,2026-04-10T17:30:00,37
4212,220,24MA103T,2026-04-13,2,28,2026-04-13T17:30:00,38
4213,220,24MA103T,2026-04-16,3,28,2026-04-16T17:30:00,39
4214,220,24MA103T,2026-04-17,4,28,2026-04-17T17:30:00,40
4215,220,24MA103T,2026-04-20,1,28,2026-04-20T17:30:00,41
4216,220,24MA103T,2026-04-23,2,28,2026-04-23T17:30:00,42
4217,220,24MA103T,2026-04-24,3,28,2026-04-24T17:30:00,43
4218,220,24MA103T,2026-04-27,4,28,2026-04-27T17:30:00,44
4219,220,24MA103T,2026-04-30,1,28,2026-04-30T17:30:00,45
4220,220,24MA103T,2026-05-01,2,28,2026-05-01T17:30:00,46
4221,220,24MA103T,2026-05-04,3,28,2026-05-04T17:30:00,47
4222,220,24MA103T,2026-05-07,4,28,2026-05-07T17:30:00,48
4223,220,24MA103T,2026-05-08,1,28,2026-05-08T17:30:00,49
4224,221,24CH101T,2026-01-06,1,21,2026-01-06T17:30:00,1
4225,221,24CH101T,2026-01-08,2,21,2026-01-08T17:30:00,2
4226,221,24CH101T,2026-01-09,3,21,2026-01-09T17:30:00,3
4227,221,24CH101T,2026-01-13,4,21,2026-01-13T17:30:00,4
4228,221,24CH101T,2026-01-16,1,21,2026-01-16T17:30:00,5
4229,221,24CH101T,2026-01-20,2,21,2026-01-20T17:30:00,6
4230,221,24CH101T,2026-01-22,3,21,2026-01-22T17:30:00,7
4231,221,24CH101T,2026-01-23,4,21,2026-01-23T17:30:00,8
4232,221,24CH101T,2026-01-27,1,21,2026-01-27T17:30:00,9
4233,221,24CH101T,2026-01-29,2,21,2026-01-29T17:30:00,10
4234,221,24CH101T,2026-01-30,3,21,2026-01-30T17:30:00,11
4235,221,24CH101T,2026-02-03,4,21,2026-02-03T17:30:00,12
4236,221,24CH101T,2026-02-05,1,21,2026-02-05T17:30:00,13
4237,221,24CH101T,2026-02-06,2,21,2026-02-06T17:30:00,14
4238,221,24CH101T,2026-02-10,3,21,2026-02-10T17:30:00,15
4239,221,24CH101T,2026-02-12,4,21,2026-02-12T17:30:00,16
4240,221,24CH101T,2026-02-13,1,21,2026-02-13T17:30:00,17
4241,221,24CH101T,2026-02-17,2,21,2026-02-17T17:30:00,18
4242,221,24CH101T,2026-02-19,3,21,2026-02-19T17:30:00,19
4243,221,24CH101T,2026-02-20,4,21,2026-02-20T17:30:00,20
4244,221,24CH101T,2026-02-24,1,21,2026-02-24T17:30:00,21
4245,221,24CH101T,2026-02-26,2,21,2026-02-26T17:30:00,22
4246,221,24CH101T,2026-02-27,3,21,2026-02-27T17:30:00,23
4247,221,24CH101T,2026-03-03,4,21,2026-03-03T17:30:00,24
4248,221,24CH101T,2026-03-05,1,21,2026-03-05T17:30:00,25
4249,221,24CH101T,2026-03-06,2,21,2026-03-06T17:30:00,26
4250,221,24CH101T,2026-03-17,3,21,2026-03-17T17:30:00,27
4251,221,24CH101T,2026-03-19,4,21,2026-03-19T17:30:00,28
4252,221,24CH101T,2026-03-20,1,21,2026-03-20T17:30:00,29
4253,221,24CH101T,2026-03-24,2,21,2026-03-24T17:30:00,30
4254,221,24CH101T,2026-03-26,3,21,2026-03-26T17:30:00,31
4255,221,24CH101T,2026-03-27,4,21,2026-03-27T17:30:00,32
4256,221,24CH101T,2026-03-31,1,21,2026-03-31T17:30:00,33
4257,221,24CH101T,2026-04-02,2,21,2026-04-02T17:30:00,34
4258,221,24CH101T,2026-04-03,3,21,2026-04-03T17:30:00,35
4259,221,24CH101T,2026-04-07,4,21,2026-04-07T17:30:00,36
4260,221,24CH101T,2026-04-09,1,21,2026-04-09T17:30:00,37
4261,221,24CH101T,2026-04-10,2,21,2026-04-10T17:30:00,38
4262,221,24CH101T,2026-04-16,3,21,2026-04-16T17:30:00,39
4263,221,24CH101T,2026-04-17,4,21,2026-04-17T17:30:00,40
4264,221,24CH101T,2026-04-21,1,21,2026-04-21T17:30:00,41
4265,221,24CH101T,2026-04-23,2,21,2026-04-23T17:30:00,42
4266,221,24CH101T,2026-04-24,3,21,2026-04-24T17:30:00,43
4267,221,24CH101T,2026-04-28,4,21,2026-04-28T17:30:00,44
4268,221,24CH101T,2026-04-30,1,21,2026-04-30T17:30:00,45
4269,221,24CH101T,2026-05-01,2,21,2026-05-01T17:30:00,46
4270,221,24CH101T,2026-05-05,3,21,2026-05-05T17:30:00,47
4271,221,24CH101T,2026-05-07,4,21,2026-05-07T17:30:00,48
4272,221,24CH101T,2026-05-08,1,21,2026-05-08T17:30:00,49
4273,222,24CH101P,2026-01-08,,23,2026-01-08T17:30:00,1
4274,222,24CH101P,2026-01-22,,23,2026-01-22T17:30:00,2
4275,222,24CH101P,2026-01-29,,23,2026-01-29T17:30:00,3
4276,222,24CH101P,2026-02-05,,23,2026-02-05T17:30:00,4
4277,222,24CH101P,2026-02-12,,23,2026-02-12T17:30:00,5
4278,222,24CH101P,2026-02-19,,23,2026-02-19T17:30:00,6
4279,222,24CH101P,2026-02-26,,23,2026-02-26T17:30:00,7
4280,222,24CH101P,2026-03-05,,23,2026-03-05T17:30:00,8
4281,222,24CH101P,2026-03-19,,23,2026-03-19T17:30:00,9
4282,222,24CH101P,2026-03-26,,23,2026-03-26T17:30:00,10
4283,222,24CH101P,2026-04-02,,23,2026-04-02T17:30:00,11
4284,222,24CH101P,2026-04-09,,23,2026-04-09T17:30:00,12
4285,222,24CH101P,2026-04-16,,23,2026-04-16T17:30:00,13
4286,222,24CH101P,2026-04-23,,23,2026-04-23T17:30:00,14
4287,222,24CH101P,2026-04-30,,23,2026-04-30T17:30:00,15
4288,222,24CH101P,2026-05-07,,23,2026-05-07T17:30:00,16
4289,223,24CH101P,2026-01-09,,21,2026-01-09T17:30:00,1
4290,223,24CH101P,2026-01-16,,21,2026-01-16T17:30:00,2
4291,223,24CH101P,2026-01-23,,21,2026-01-23T17:30:00,3
4292,223,24CH101P,2026-01-30,,21,2026-01-30T17:30:00,4
4293,223,24CH101P,2026-02-06,,21,2026-02-06T17:30:00,5
4294,223,24CH101P,2026-02-13,,21,2026-02-13T17:30:00,6
4295,223,24CH101P,2026-02-20,,21,2026-02-20T17:30:00,7
4296,223,24CH101P,2026-02-27,,21,2026-02-27T17:30:00,8
4297,223,24CH101P,2026-03-06,,21,2026-03-06T17:30:00,9
4298,223,24CH101P,2026-03-20,,21,2026-03-20T17:30:00,10
4299,223,24CH101P,2026-03-27,,21,2026-03-27T17:30:00,11
4300,223,24CH101P,2026-04-03,,21,2026-04-03T17:30:00,12
4301,223,24CH101P,2026-04-10,,21,2026-04-10T17:30:00,13
4302,223,24CH101P,2026-04-17,,21,2026-04-17T17:30:00,14
4303,223,24CH101P,2026-04-24,,21,2026-04-24T17:30:00,15
4304,223,24CH101P,2026-05-01,,21,2026-05-01T17:30:00,16
4305,223,24CH101P,2026-05-08,,21,2026-05-08T17:30:00,17
4306,224,24EE101T,2026-01-05,1,25,2026-01-05T17:30:00,1
4307,224,24EE101T,2026-01-07,2,25,2026-01-07T17:30:00,2
4308,224,24EE101T,2026-01-08,3,25,2026-01-08T17:30:00,3
4309,224,24EE101T,2026-01-12,4,25,2026-01-12T17:30:00,4
4310,224,24EE101T,2026-01-19,1,25,2026-01-19T17:30:00,5
4311,224,24EE101T,2026-01-21,2,25,2026-01-21T17:30:00,6
4312,224,24EE101T,2026-01-22,3,25,2026-01-22T17:30:00,7
4313,224,24EE101T,2026-01-28,4,25,2026-01-28T17:30:00,8
4314,224,24EE101T,2026-01-29,1,25,2026-01-29T17:30:00,9
4315,224,24EE101T,2026-02-02,2,25,2026-02-02T17:30:00,10
4316,224,24EE101T,2026-02-04,3,25,2026-02-04T17:30:00,11
4317,224,24EE101T,2026-02-05,4,25,2026-02-05T17:30:00,12
4318,224,24EE101T,2026-02-09,1,25,2026-02-09T17:30:00,13
4319,224,24EE101T,2026-02-11,2,25,2026-02-11T17:30:00,14
4320,224,24EE101T,2026-02-12,3,25,2026-02-12T17:30:00,15
4321,224,24EE101T,2026-02-16,4,25,2026-02-16T17:30:00,16
4322,224,24EE101T,2026-02-18,1,25,2026-02-18T17:30:00,17
4323,224,24EE101T,2026-02-19,2,25,2026-02-19T17:30:00,18
4324,224,24EE101T,2026-02-23,3,25,2026-02-23T17:30:00,19
4325,224,24EE101T,2026-02-25,4,25,2026-02-25T17:30:00,20
4326,224,24EE101T,2026-02-26,1,25,2026-02-26T17:30:00,21
4327,224,24EE101T,2026-03-02,2,25,2026-03-02T17:30:00,22
4328,224,24EE101T,2026-03-05,3,25,2026-03-05T17:30:00,23
4329,224,24EE101T,2026-03-16,4,25,2026-03-16T17:30:00,24
4330,224,24EE101T,2026-03-18,1,25,2026-03-18T17:30:00,25
4331,224,24EE101T,2026-03-19,2,25,2026-03-19T17:30:00,26
4332,224,24EE101T,2026-03-23,3,25,2026-03-23T17:30:00,27
4333,224,24EE101T,2026-03-25,4,25,2026-03-25T17:30:00,28
4334,224,24EE101T,2026-03-26,1,25,2026-03-26T17:30:00,29
4335,224,24EE101T,2026-03-30,2,25,2026-03-30T17:30:00,30
4336,224,24EE101T,2026-04-01,3,25,2026-04-01T17:30:00,31
4337,224,24EE101T,2026-04-02,4,25,2026-04-02T17:30:00,32
4338,224,24EE101T,2026-04-06,1,25,2026-04-06T17:30:00,33
4339,224,24EE101T,2026-04-08,2,25,2026-04-08T17:30:00,34
4340,224,24EE101T,2026-04-09,3,25,2026-04-09T17:30:00,35
4341,224,24EE101T,2026-04-13,4,25,2026-04-13T17:30:00,36
4342,224,24EE101T,2026-04-15,1,25,2026-04-15T17:30:00,37
4343,224,24EE101T,2026-04-16,2,25,2026-04-16T17:30:00,38
4344,224,24EE101T,2026-04-20,3,25,2026-04-20T17:30:00,39
4345,224,24EE101T,2026-04-22,4,25,2026-04-22T17:30:00,40
4346,224,24EE101T,2026-04-23,1,25,2026-04-23T17:30:00,41
4347,224,24EE101T,2026-04-27,2,25,2026-04-27T17:30:00,42
4348,224,24EE101T,2026-04-29,3,25,2026-04-29T17:30:00,43
4349,224,24EE101T,2026-04-30,4,25,2026-04-30T17:30:00,44
4350,224,24EE101T,2026-05-04,1,25,2026-05-04T17:30:00,45
4351,224,24EE101T,2026-05-06,2,25,2026-05-06T17:30:00,46
4352,224,24EE101T,2026-05-07,3,25,2026-05-07T17:30:00,47
4353,225,24EE101P,2026-01-07,,26,2026-01-07T17:30:00,1
4354,225,24EE101P,2026-01-21,,26,2026-01-21T17:30:00,2
4355,225,24EE101P,2026-01-28,,26,2026-01-28T17:30:00,3
4356,225,24EE101P,2026-02-04,,26,2026-02-04T17:30:00,4
4357,225,24EE101P,2026-02-11,,26,2026-02-11T17:30:00,5
4358,225,24EE101P,2026-02-18,,26,2026-02-18T17:30:00,6
4359,225,24EE101P,2026-02-25,,26,2026-02-25T17:30:00,7
4360,225,24EE101P,2026-03-18,,26,2026-03-18T17:30:00,8
4361,225,24EE101P,2026-03-25,,26,2026-03-25T17:30:00,9
4362,225,24EE101P,2026-04-01,,26,2026-04-01T17:30:00,10
4363,225,24EE101P,2026-04-08,,26,2026-04-08T17:30:00,11
4364,225,24EE101P,2026-04-15,,26,2026-04-15T17:30:00,12
4365,225,24EE101P,2026-04-22,,26,2026-04-22T17:30:00,13
4366,225,24EE101P,2026-04-29,,26,2026-04-29T17:30:00,14
4367,225,24EE101P,2026-05-06,,26,2026-05-06T17:30:00,15
4368,226,24EE101P,2026-01-08,,27,2026-01-08T17:30:00,1
4369,226,24EE101P,2026-01-22,,27,2026-01-22T17:30:00,2
4370,226,24EE101P,2026-01-29,,27,2026-01-29T17:30:00,3
4371,226,24EE101P,2026-02-05,,27,2026-02-05T17:30:00,4
4372,226,24EE101P,2026-02-12,,27,2026-02-12T17:30:00,5
4373,226,24EE101P,2026-02-19,,27,2026-02-19T17:30:00,6
4374,226,24EE101P,2026-02-26,,27,2026-02-26T17:30:00,7
4375,226,24EE101P,2026-03-05,,27,2026-03-05T17:30:00,8
4376,226,24EE101P,2026-03-19,,27,2026-03-19T17:30:00,9
4377,226,24EE101P,2026-03-26,,27,2026-03-26T17:30:00,10
4378,226,24EE101P,2026-04-02,,27,2026-04-02T17:30:00,11
4379,226,24EE101P,2026-04-09,,27,2026-04-09T17:30:00,12
4380,226,24EE101P,2026-04-16,,27,2026-04-16T17:30:00,13
4381,226,24EE101P,2026-04-23,,27,2026-04-23T17:30:00,14
4382,226,24EE101P,2026-04-30,,27,2026-04-30T17:30:00,15
4383,226,24EE101P,2026-05-07,,27,2026-05-07T17:30:00,16
4384,227,24ME102P,2026-01-09,,14,2026-01-09T17:30:00,1
4385,227,24ME102P,2026-01-16,,14,2026-01-16T17:30:00,2
4386,227,24ME102P,2026-01-23,,14,2026-01-23T17:30:00,3
4387,227,24ME102P,2026-01-30,,14,2026-01-30T17:30:00,4
4388,227,24ME102P,2026-02-06,,14,2026-02-06T17:30:00,5
4389,227,24ME102P,2026-02-13,,14,2026-02-13T17:30:00,6
4390,227,24ME102P,2026-02-20,,14,2026-02-20T17:30:00,7
4391,227,24ME102P,2026-02-27,,14,2026-02-27T17:30:00,8
4392,227,24ME102P,2026-03-06,,14,2026-03-06T17:30:00,9
4393,227,24ME102P,2026-03-20,,14,2026-03-20T17:30:00,10
4394,227,24ME102P,2026-03-27,,14,2026-03-27T17:30:00,11
4395,227,24ME102P,2026-04-03,,14,2026-04-03T17:30:00,12
4396,227,24ME102P,2026-04-10,,14,2026-04-10T17:30:00,13
4397,227,24ME102P,2026-04-17,,14,2026-04-17T17:30:00,14
4398,227,24ME102P,2026-04-24,,14,2026-04-24T17:30:00,15
4399,227,24ME102P,2026-05-01,,14,2026-05-01T17:30:00,16
4400,227,24ME102P,2026-05-08,,14,2026-05-08T17:30:00,17
4401,228,24ME102P,2026-01-06,,13,2026-01-06T17:30:00,1
4402,228,24ME102P,2026-01-13,,13,2026-01-13T17:30:00,2
4403,228,24ME102P,2026-01-20,,13,2026-01-20T17:30:00,3
4404,228,24ME102P,2026-01-27,,13,2026-01-27T17:30:00,4
4405,228,24ME102P,2026-02-03,,13,2026-02-03T17:30:00,5
4406,228,24ME102P,2026-02-10,,13,2026-02-10T17:30:00,6
4407,228,24ME102P,2026-02-17,,13,2026-02-17T17:30:00,7
4408,228,24ME102P,2026-02-24,,13,2026-02-24T17:30:00,8
4409,228,24ME102P,2026-03-03,,13,2026-03-03T17:30:00,9
4410,228,24ME102P,2026-03-17,,13,2026-03-17T17:30:00,10
4411,228,24ME102P,2026-03-24,,13,2026-03-24T17:30:00,11
4412,228,24ME102P,2026-03-31,,13,2026-03-31T17:30:00,12
4413,228,24ME102P,2026-04-07,,13,2026-04-07T17:30:00,13
4414,228,24ME102P,2026-04-21,,13,2026-04-21T17:30:00,14
4415,228,24ME102P,2026-04-28,,13,2026-04-28T17:30:00,15
4416,228,24ME102P,2026-05-05,,13,2026-05-05T17:30:00,16
4417,229,24YOG101,2026-01-06,1,28,2026-01-06T17:30:00,1
4418,229,24YOG101,2026-01-13,2,28,2026-01-13T17:30:00,2
4419,229,24YOG101,2026-01-20,3,28,2026-01-20T17:30:00,3
4420,229,24YOG101,2026-01-27,4,28,2026-01-27T17:30:00,4
4421,229,24YOG101,2026-02-03,1,28,2026-02-03T17:30:00,5
4422,229,24YOG101,2026-02-10,2,28,2026-02-10T17:30:00,6
4423,229,24YOG101,2026-02-17,3,28,2026-02-17T17:30:00,7
4424,229,24YOG101,2026-02-24,4,28,2026-02-24T17:30:00,8
4425,229,24YOG101,2026-03-03,1,28,2026-03-03T17:30:00,9
4426,229,24YOG101,2026-03-17,2,28,2026-03-17T17:30:00,10
4427,229,24YOG101,2026-03-24,3,28,2026-03-24T17:30:00,11
4428,229,24YOG101,2026-03-31,4,28,2026-03-31T17:30:00,12
4429,229,24YOG101,2026-04-07,1,28,2026-04-07T17:30:00,13
4430,229,24YOG101,2026-04-21,2,28,2026-04-21T17:30:00,14
4431,229,24YOG101,2026-04-28,3,28,2026-04-28T17:30:00,15
4432,229,24YOG101,2026-05-05,4,28,2026-05-05T17:30:00,16
4433,230,24NCC101,2026-01-05,1,27,2026-01-05T17:30:00,1
4434,230,24NCC101,2026-01-12,2,27,2026-01-12T17:30:00,2
4435,230,24NCC101,2026-01-19,3,27,2026-01-19T17:30:00,3
4436,230,24NCC101,2026-02-02,4,27,2026-02-02T17:30:00,4
4437,230,24NCC101,2026-02-09,1,27,2026-02-09T17:30:00,5
4438,230,24NCC101,2026-02-16,2,27,2026-02-16T17:30:00,6
4439,230,24NCC101,2026-02-23,3,27,2026-02-23T17:30:00,7
4440,230,24NCC101,2026-03-02,4,27,2026-03-02T17:30:00,8
4441,230,24NCC101,2026-03-16,1,27,2026-03-16T17:30:00,9
4442,230,24NCC101,2026-03-23,2,27,2026-03-23T17:30:00,10
4443,230,24NCC101,2026-03-30,3,27,2026-03-30T17:30:00,11
4444,230,24NCC101,2026-04-06,4,27,2026-04-06T17:30:00,12
4445,230,24NCC101,2026-04-13,1,27,2026-04-13T17:30:00,13
4446,230,24NCC101,2026-04-20,2,27,2026-04-20T17:30:00,14
4447,230,24NCC101,2026-04-27,3,27,2026-04-27T17:30:00,15
4448,230,24NCC101,2026-05-04,4,27,2026-05-04T17:30:00,16
4449,231,24NSS101,2026-01-06,1,28,2026-01-06T17:30:00,1
4450,231,24NSS101,2026-01-13,2,28,2026-01-13T17:30:00,2
4451,231,24NSS101,2026-01-20,3,28,2026-01-20T17:30:00,3
4452,231,24NSS101,2026-01-27,4,28,2026-01-27T17:30:00,4
4453,231,24NSS101,2026-02-03,1,28,2026-02-03T17:30:00,5
4454,231,24NSS101,2026-02-10,2,28,2026-02-10T17:30:00,6
4455,231,24NSS101,2026-02-17,3,28,2026-02-17T17:30:00,7
4456,231,24NSS101,2026-02-24,4,28,2026-02-24T17:30:00,8
4457,231,24NSS101,2026-03-03,1,28,2026-03-03T17:30:00,9
4458,231,24NSS101,2026-03-17,2,28,2026-03-17T17:30:00,10
4459,231,24NSS101,2026-03-24,3,28,2026-03-24T17:30:00,11
4460,231,24NSS101,2026-03-31,4,28,2026-03-31T17:30:00,12
4461,231,24NSS101,2026-04-07,1,28,2026-04-07T17:30:00,13
4462,231,24NSS101,2026-04-21,2,28,2026-04-21T17:30:00,14
4463,231,24NSS101,2026-04-28,3,28,2026-04-28T17:30:00,15
4464,231,24NSS101,2026-05-05,4,28,2026-05-05T17:30:00,16
4465,232,24HS104T,2026-01-05,1,25,2026-01-05T17:30:00,1
4466,232,24HS104T,2026-01-12,2,25,2026-01-12T17:30:00,2
4467,232,24HS104T,2026-01-19,3,25,2026-01-19T17:30:00,3
4468,232,24HS104T,2026-02-02,4,25,2026-02-02T17:30:00,4
4469,232,24HS104T,2026-02-09,1,25,2026-02-09T17:30:00,5
4470,232,24HS104T,2026-02-16,2,25,2026-02-16T17:30:00,6
4471,232,24HS104T,2026-02-23,3,25,2026-02-23T17:30:00,7
4472,232,24HS104T,2026-03-02,4,25,2026-03-02T17:30:00,8
4473,232,24HS104T,2026-03-16,1,25,2026-03-16T17:30:00,9
4474,232,24HS104T,2026-03-23,2,25,2026-03-23T17:30:00,10
4475,232,24HS104T,2026-03-30,3,25,2026-03-30T17:30:00,11
4476,232,24HS104T,2026-04-06,4,25,2026-04-06T17:30:00,12
4477,232,24HS104T,2026-04-13,1,25,2026-04-13T17:30:00,13
4478,232,24HS104T,2026-04-20,2,25,2026-04-20T17:30:00,14
4479,232,24HS104T,2026-04-27,3,25,2026-04-27T17:30:00,15
4480,232,24HS104T,2026-05-04,4,25,2026-05-04T17:30:00,16
4481,233,24CP102T,2026-01-06,1,1,2026-01-06T17:30:00,1
4482,233,24CP102T,2026-01-13,2,1,2026-01-13T17:30:00,2
4483,233,24CP102T,2026-01-20,3,1,2026-01-20T17:30:00,3
4484,233,24CP102T,2026-01-27,4,1,2026-01-27T17:30:00,4
4485,233,24CP102T,2026-02-03,1,1,2026-02-03T17:30:00,5
4486,233,24CP102T,2026-02-10,2,1,2026-02-10T17:30:00,6
4487,233,24CP102T,2026-02-17,3,1,2026-02-17T17:30:00,7
4488,233,24CP102T,2026-02-24,4,1,2026-02-24T17:30:00,8
4489,233,24CP102T,2026-03-03,1,1,2026-03-03T17:30:00,9
4490,233,24CP102T,2026-03-17,2,1,2026-03-17T17:30:00,10
4491,233,24CP102T,2026-03-24,3,1,2026-03-24T17:30:00,11
4492,233,24CP102T,2026-03-31,4,1,2026-03-31T17:30:00,12
4493,233,24CP102T,2026-04-07,1,1,2026-04-07T17:30:00,13
4494,233,24CP102T,2026-04-21,2,1,2026-04-21T17:30:00,14
4495,233,24CP102T,2026-04-28,3,1,2026-04-28T17:30:00,15
4496,233,24CP102T,2026-05-05,4,1,2026-05-05T17:30:00,16
4497,234,24CP102P,2026-01-08,,1,2026-01-08T17:30:00,1
4498,234,24CP102P,2026-01-22,,1,2026-01-22T17:30:00,2
4499,234,24CP102P,2026-01-29,,1,2026-01-29T17:30:00,3
4500,234,24CP102P,2026-02-05,,1,2026-02-05T17:30:00,4
4501,234,24CP102P,2026-02-12,,1,2026-02-12T17:30:00,5
4502,234,24CP102P,2026-02-19,,1,2026-02-19T17:30:00,6
4503,234,24CP102P,2026-02-26,,1,2026-02-26T17:30:00,7
4504,234,24CP102P,2026-03-05,,1,2026-03-05T17:30:00,8
4505,234,24CP102P,2026-03-19,,1,2026-03-19T17:30:00,9
4506,234,24CP102P,2026-03-26,,1,2026-03-26T17:30:00,10
4507,234,24CP102P,2026-04-02,,1,2026-04-02T17:30:00,11
4508,234,24CP102P,2026-04-09,,1,2026-04-09T17:30:00,12
4509,234,24CP102P,2026-04-16,,1,2026-04-16T17:30:00,13
4510,234,24CP102P,2026-04-23,,1,2026-04-23T17:30:00,14
4511,234,24CP102P,2026-04-30,,1,2026-04-30T17:30:00,15
4512,234,24CP102P,2026-05-07,,1,2026-05-07T17:30:00,16
4513,235,24CP102P,2026-01-09,,3,2026-01-09T17:30:00,1
4514,235,24CP102P,2026-01-16,,3,2026-01-16T17:30:00,2
4515,235,24CP102P,2026-01-23,,3,2026-01-23T17:30:00,3
4516,235,24CP102P,2026-01-30,,3,2026-01-30T17:30:00,4
4517,235,24CP102P,2026-02-06,,3,2026-02-06T17:30:00,5
4518,235,24CP102P,2026-02-13,,3,2026-02-13T17:30:00,6
4519,235,24CP102P,2026-02-20,,3,2026-02-20T17:30:00,7
4520,235,24CP102P,2026-02-27,,3,2026-02-27T17:30:00,8
4521,235,24CP102P,2026-03-06,,3,2026-03-06T17:30:00,9
4522,235,24CP102P,2026-03-20,,3,2026-03-20T17:30:00,10
4523,235,24CP102P,2026-03-27,,3,2026-03-27T17:30:00,11
4524,235,24CP102P,2026-04-03,,3,2026-04-03T17:30:00,12
4525,235,24CP102P,2026-04-10,,3,2026-04-10T17:30:00,13
4526,235,24CP102P,2026-04-17,,3,2026-04-17T17:30:00,14
4527,235,24CP102P,2026-04-24,,3,2026-04-24T17:30:00,15
4528,235,24CP102P,2026-05-01,,3,2026-05-01T17:30:00,16
4529,235,24CP102P,2026-05-08,,3,2026-05-08T17:30:00,17
4530,236,24HS105T,2026-01-05,1,26,2026-01-05T17:30:00,1
4531,236,24HS105T,2026-01-07,2,26,2026-01-07T17:30:00,2
4532,236,24HS105T,2026-01-12,3,26,2026-01-12T17:30:00,3
4533,236,24HS105T,2026-01-19,4,26,2026-01-19T17:30:00,4
4534,236,24HS105T,2026-01-21,1,26,2026-01-21T17:30:00,5
4535,236,24HS105T,2026-01-28,2,26,2026-01-28T17:30:00,6
4536,236,24HS105T,2026-02-02,3,26,2026-02-02T17:30:00,7
4537,236,24HS105T,2026-02-04,4,26,2026-02-04T17:30:00,8
4538,236,24HS105T,2026-02-09,1,26,2026-02-09T17:30:00,9
4539,236,24HS105T,2026-02-11,2,26,2026-02-11T17:30:00,10
4540,236,24HS105T,2026-02-16,3,26,2026-02-16T17:30:00,11
4541,236,24HS105T,2026-02-18,4,26,2026-02-18T17:30:00,12
4542,236,24HS105T,2026-02-23,1,26,2026-02-23T17:30:00,13
4543,236,24HS105T,2026-02-25,2,26,2026-02-25T17:30:00,14
4544,236,24HS105T,2026-03-02,3,26,2026-03-02T17:30:00,15
4545,236,24HS105T,2026-03-16,4,26,2026-03-16T17:30:00,16
4546,236,24HS105T,2026-03-18,1,26,2026-03-18T17:30:00,17
4547,236,24HS105T,2026-03-23,2,26,2026-03-23T17:30:00,18
4548,236,24HS105T,2026-03-25,3,26,2026-03-25T17:30:00,19
4549,236,24HS105T,2026-03-30,4,26,2026-03-30T17:30:00,20
4550,236,24HS105T,2026-04-01,1,26,2026-04-01T17:30:00,21
4551,236,24HS105T,2026-04-06,2,26,2026-04-06T17:30:00,22
4552,236,24HS105T,2026-04-08,3,26,2026-04-08T17:30:00,23
4553,236,24HS105T,2026-04-13,4,26,2026-04-13T17:30:00,24
4554,236,24HS105T,2026-04-15,1,26,2026-04-15T17:30:00,25
4555,236,24HS105T,2026-04-20,2,26,2026-04-20T17:30:00,26
4556,236,24HS105T,2026-04-22,3,26,2026-04-22T17:30:00,27
4557,236,24HS105T,2026-04-27,4,26,2026-04-27T17:30:00,28
4558,236,24HS105T,2026-04-29,1,26,2026-04-29T17:30:00,29
4559,236,24HS105T,2026-05-04,2,26,2026-05-04T17:30:00,30
4560,236,24HS105T,2026-05-06,3,26,2026-05-06T17:30:00,31
4561,237,24MA103T,2026-01-06,1,26,2026-01-06T17:30:00,1
4562,237,24MA103T,2026-01-07,2,26,2026-01-07T17:30:00,2
4563,237,24MA103T,2026-01-09,3,26,2026-01-09T17:30:00,3
4564,237,24MA103T,2026-01-13,4,26,2026-01-13T17:30:00,4
4565,237,24MA103T,2026-01-16,1,26,2026-01-16T17:30:00,5
4566,237,24MA103T,2026-01-20,2,26,2026-01-20T17:30:00,6
4567,237,24MA103T,2026-01-21,3,26,2026-01-21T17:30:00,7
4568,237,24MA103T,2026-01-23,4,26,2026-01-23T17:30:00,8
4569,237,24MA103T,2026-01-27,1,26,2026-01-27T17:30:00,9
4570,237,24MA103T,2026-01-28,2,26,2026-01-28T17:30:00,10
4571,237,24MA103T,2026-01-30,3,26,2026-01-30T17:30:00,11
4572,237,24MA103T,2026-02-03,4,26,2026-02-03T17:30:00,12
4573,237,24MA103T,2026-02-04,1,26,2026-02-04T17:30:00,13
4574,237,24MA103T,2026-02-06,2,26,2026-02-06T17:30:00,14
4575,237,24MA103T,2026-02-10,3,26,2026-02-10T17:30:00,15
4576,237,24MA103T,2026-02-11,4,26,2026-02-11T17:30:00,16
4577,237,24MA103T,2026-02-13,1,26,2026-02-13T17:30:00,17
4578,237,24MA103T,2026-02-17,2,26,2026-02-17T17:30:00,18
4579,237,24MA103T,2026-02-18,3,26,2026-02-18T17:30:00,19
4580,237,24MA103T,2026-02-20,4,26,2026-02-20T17:30:00,20
4581,237,24MA103T,2026-02-24,1,26,2026-02-24T17:30:00,21
4582,237,24MA103T,2026-02-25,2,26,2026-02-25T17:30:00,22
4583,237,24MA103T,2026-02-27,3,26,2026-02-27T17:30:00,23
4584,237,24MA103T,2026-03-03,4,26,2026-03-03T17:30:00,24
4585,237,24MA103T,2026-03-06,1,26,2026-03-06T17:30:00,25
4586,237,24MA103T,2026-03-17,2,26,2026-03-17T17:30:00,26
4587,237,24MA103T,2026-03-18,3,26,2026-03-18T17:30:00,27
4588,237,24MA103T,2026-03-20,4,26,2026-03-20T17:30:00,28
4589,237,24MA103T,2026-03-24,1,26,2026-03-24T17:30:00,29
4590,237,24MA103T,2026-03-25,2,26,2026-03-25T17:30:00,30
4591,237,24MA103T,2026-03-27,3,26,2026-03-27T17:30:00,31
4592,237,24MA103T,2026-03-31,4,26,2026-03-31T17:30:00,32
4593,237,24MA103T,2026-04-01,1,26,2026-04-01T17:30:00,33
4594,237,24MA103T,2026-04-03,2,26,2026-04-03T17:30:00,34
4595,237,24MA103T,2026-04-07,3,26,2026-04-07T17:30:00,35
4596,237,24MA103T,2026-04-08,4,26,2026-04-08T17:30:00,36
4597,237,24MA103T,2026-04-10,1,26,2026-04-10T17:30:00,37
4598,237,24MA103T,2026-04-15,2,26,2026-04-15T17:30:00,38
4599,237,24MA103T,2026-04-17,3,26,2026-04-17T17:30:00,39
4600,237,24MA103T,2026-04-21,4,26,2026-04-21T17:30:00,40
4601,237,24MA103T,2026-04-22,1,26,2026-04-22T17:30:00,41
4602,237,24MA103T,2026-04-24,2,26,2026-04-24T17:30:00,42
4603,237,24MA103T,2026-04-28,3,26,2026-04-28T17:30:00,43
4604,237,24MA103T,2026-04-29,4,26,2026-04-29T17:30:00,44
4605,237,24MA103T,2026-05-01,1,26,2026-05-01T17:30:00,45
4606,237,24MA103T,2026-05-05,2,26,2026-05-05T17:30:00,46
4607,237,24MA103T,2026-05-06,3,26,2026-05-06T17:30:00,47
4608,237,24MA103T,2026-05-08,4,26,2026-05-08T17:30:00,48
4609,238,24CP102T,2026-01-05,1,4,2026-01-05T17:30:00,1
4610,238,24CP102T,2026-01-12,2,4,2026-01-12T17:30:00,2
4611,238,24CP102T,2026-01-19,3,4,2026-01-19T17:30:00,3
4612,238,24CP102T,2026-02-02,4,4,2026-02-02T17:30:00,4
4613,238,24CP102T,2026-02-09,1,4,2026-02-09T17:30:00,5
4614,238,24CP102T,2026-02-16,2,4,2026-02-16T17:30:00,6
4615,238,24CP102T,2026-02-23,3,4,2026-02-23T17:30:00,7
4616,238,24CP102T,2026-03-02,4,4,2026-03-02T17:30:00,8
4617,238,24CP102T,2026-03-16,1,4,2026-03-16T17:30:00,9
4618,238,24CP102T,2026-03-23,2,4,2026-03-23T17:30:00,10
4619,238,24CP102T,2026-03-30,3,4,2026-03-30T17:30:00,11
4620,238,24CP102T,2026-04-06,4,4,2026-04-06T17:30:00,12
4621,238,24CP102T,2026-04-13,1,4,2026-04-13T17:30:00,13
4622,238,24CP102T,2026-04-20,2,4,2026-04-20T17:30:00,14
4623,238,24CP102T,2026-04-27,3,4,2026-04-27T17:30:00,15
4624,238,24CP102T,2026-05-04,4,4,2026-05-04T17:30:00,16
4625,239,24CP102P,2026-01-09,,3,2026-01-09T17:30:00,1
4626,239,24CP102P,2026-01-16,,3,2026-01-16T17:30:00,2
4627,239,24CP102P,2026-01-23,,3,2026-01-23T17:30:00,3
4628,239,24CP102P,2026-01-30,,3,2026-01-30T17:30:00,4
4629,239,24CP102P,2026-02-06,,3,2026-02-06T17:30:00,5
4630,239,24CP102P,2026-02-13,,3,2026-02-13T17:30:00,6
4631,239,24CP102P,2026-02-20,,3,2026-02-20T17:30:00,7
4632,239,24CP102P,2026-02-27,,3,2026-02-27T17:30:00,8
4633,239,24CP102P,2026-03-06,,3,2026-03-06T17:30:00,9
4634,239,24CP102P,2026-03-20,,3,2026-03-20T17:30:00,10
4635,239,24CP102P,2026-03-27,,3,2026-03-27T17:30:00,11
4636,239,24CP102P,2026-04-03,,3,2026-04-03T17:30:00,12
4637,239,24CP102P,2026-04-10,,3,2026-04-10T17:30:00,13
4638,239,24CP102P,2026-04-17,,3,2026-04-17T17:30:00,14
4639,239,24CP102P,2026-04-24,,3,2026-04-24T17:30:00,15
4640,239,24CP102P,2026-05-01,,3,2026-05-01T17:30:00,16
4641,239,24CP102P,2026-05-08,,3,2026-05-08T17:30:00,17
4642,240,24CP102P,2026-01-06,,4,2026-01-06T17:30:00,1
4643,240,24CP102P,2026-01-13,,4,2026-01-13T17:30:00,2
4644,240,24CP102P,2026-01-20,,4,2026-01-20T17:30:00,3
4645,240,24CP102P,2026-01-27,,4,2026-01-27T17:30:00,4
4646,240,24CP102P,2026-02-03,,4,2026-02-03T17:30:00,5
4647,240,24CP102P,2026-02-10,,4,2026-02-10T17:30:00,6
4648,240,24CP102P,2026-02-17,,4,2026-02-17T17:30:00,7
4649,240,24CP102P,2026-02-24,,4,2026-02-24T17:30:00,8
4650,240,24CP102P,2026-03-03,,4,2026-03-03T17:30:00,9
4651,240,24CP102P,2026-03-17,,4,2026-03-17T17:30:00,10
4652,240,24CP102P,2026-03-24,,4,2026-03-24T17:30:00,11
4653,240,24CP102P,2026-03-31,,4,2026-03-31T17:30:00,12
4654,240,24CP102P,2026-04-07,,4,2026-04-07T17:30:00,13
4655,240,24CP102P,2026-04-21,,4,2026-04-21T17:30:00,14
4656,240,24CP102P,2026-04-28,,4,2026-04-28T17:30:00,15
4657,240,24CP102P,2026-05-05,,4,2026-05-05T17:30:00,16
4658,241,24PH103T,2026-01-06,1,28,2026-01-06T17:30:00,1
4659,241,24PH103T,2026-01-08,2,28,2026-01-08T17:30:00,2
4660,241,24PH103T,2026-01-10,3,28,2026-01-10T17:30:00,3
4661,241,24PH103T,2026-01-13,4,28,2026-01-13T17:30:00,4
4662,241,24PH103T,2026-01-17,1,28,2026-01-17T17:30:00,5
4663,241,24PH103T,2026-01-20,2,28,2026-01-20T17:30:00,6
4664,241,24PH103T,2026-01-22,3,28,2026-01-22T17:30:00,7
4665,241,24PH103T,2026-01-24,4,28,2026-01-24T17:30:00,8
4666,241,24PH103T,2026-01-27,1,28,2026-01-27T17:30:00,9
4667,241,24PH103T,2026-01-29,2,28,2026-01-29T17:30:00,10
4668,241,24PH103T,2026-01-31,3,28,2026-01-31T17:30:00,11
4669,241,24PH103T,2026-02-03,4,28,2026-02-03T17:30:00,12
4670,241,24PH103T,2026-02-05,1,28,2026-02-05T17:30:00,13
4671,241,24PH103T,2026-02-07,2,28,2026-02-07T17:30:00,14
4672,241,24PH103T,2026-02-10,3,28,2026-02-10T17:30:00,15
4673,241,24PH103T,2026-02-12,4,28,2026-02-12T17:30:00,16
4674,241,24PH103T,2026-02-14,1,28,2026-02-14T17:30:00,17
4675,241,24PH103T,2026-02-17,2,28,2026-02-17T17:30:00,18
4676,241,24PH103T,2026-02-19,3,28,2026-02-19T17:30:00,19
4677,241,24PH103T,2026-02-21,4,28,2026-02-21T17:30:00,20
4678,241,24PH103T,2026-02-24,1,28,2026-02-24T17:30:00,21
4679,241,24PH103T,2026-02-26,2,28,2026-02-26T17:30:00,22
4680,241,24PH103T,2026-02-28,3,28,2026-02-28T17:30:00,23
4681,241,24PH103T,2026-03-03,4,28,2026-03-03T17:30:00,24
4682,241,24PH103T,2026-03-05,1,28,2026-03-05T17:30:00,25
4683,241,24PH103T,2026-03-07,2,28,2026-03-07T17:30:00,26
4684,241,24PH103T,2026-03-17,3,28,2026-03-17T17:30:00,27
4685,241,24PH103T,2026-03-19,4,28,2026-03-19T17:30:00,28
4686,241,24PH103T,2026-03-24,1,28,2026-03-24T17:30:00,29
4687,241,24PH103T,2026-03-26,2,28,2026-03-26T17:30:00,30
4688,241,24PH103T,2026-03-28,3,28,2026-03-28T17:30:00,31
4689,241,24PH103T,2026-03-31,4,28,2026-03-31T17:30:00,32
4690,241,24PH103T,2026-04-02,1,28,2026-04-02T17:30:00,33
4691,241,24PH103T,2026-04-04,2,28,2026-04-04T17:30:00,34
4692,241,24PH103T,2026-04-07,3,28,2026-04-07T17:30:00,35
4693,241,24PH103T,2026-04-09,4,28,2026-04-09T17:30:00,36
4694,241,24PH103T,2026-04-11,1,28,2026-04-11T17:30:00,37
4695,241,24PH103T,2026-04-16,2,28,2026-04-16T17:30:00,38
4696,241,24PH103T,2026-04-18,3,28,2026-04-18T17:30:00,39
4697,241,24PH103T,2026-04-21,4,28,2026-04-21T17:30:00,40
4698,241,24PH103T,2026-04-23,1,28,2026-04-23T17:30:00,41
4699,241,24PH103T,2026-04-25,2,28,2026-04-25T17:30:00,42
4700,241,24PH103T,2026-04-28,3,28,2026-04-28T17:30:00,43
4701,241,24PH103T,2026-04-30,4,28,2026-04-30T17:30:00,44
4702,241,24PH103T,2026-05-02,1,28,2026-05-02T17:30:00,45
4703,241,24PH103T,2026-05-05,2,28,2026-05-05T17:30:00,46
4704,241,24PH103T,2026-05-07,3,28,2026-05-07T17:30:00,47
4705,242,24PH103P,2026-01-08,,26,2026-01-08T17:30:00,1
4706,242,24PH103P,2026-01-22,,26,2026-01-22T17:30:00,2
4707,242,24PH103P,2026-01-29,,26,2026-01-29T17:30:00,3
4708,242,24PH103P,2026-02-05,,26,2026-02-05T17:30:00,4
4709,242,24PH103P,2026-02-12,,26,2026-02-12T17:30:00,5
4710,242,24PH103P,2026-02-19,,26,2026-02-19T17:30:00,6
4711,242,24PH103P,2026-02-26,,26,2026-02-26T17:30:00,7
4712,242,24PH103P,2026-03-05,,26,2026-03-05T17:30:00,8
4713,242,24PH103P,2026-03-19,,26,2026-03-19T17:30:00,9
4714,242,24PH103P,2026-03-26,,26,2026-03-26T17:30:00,10
4715,242,24PH103P,2026-04-02,,26,2026-04-02T17:30:00,11
4716,242,24PH103P,2026-04-09,,26,2026-04-09T17:30:00,12
4717,242,24PH103P,2026-04-16,,26,2026-04-16T17:30:00,13
4718,242,24PH103P,2026-04-23,,26,2026-04-23T17:30:00,14
4719,242,24PH103P,2026-04-30,,26,2026-04-30T17:30:00,15
4720,242,24PH103P,2026-05-07,,26,2026-05-07T17:30:00,16
4721,243,24PH103P,2026-01-09,,27,2026-01-09T17:30:00,1
4722,243,24PH103P,2026-01-16,,27,2026-01-16T17:30:00,2
4723,243,24PH103P,2026-01-23,,27,2026-01-23T17:30:00,3
4724,243,24PH103P,2026-01-30,,27,2026-01-30T17:30:00,4
4725,243,24PH103P,2026-02-06,,27,2026-02-06T17:30:00,5
4726,243,24PH103P,2026-02-13,,27,2026-02-13T17:30:00,6
4727,243,24PH103P,2026-02-20,,27,2026-02-20T17:30:00,7
4728,243,24PH103P,2026-02-27,,27,2026-02-27T17:30:00,8
4729,243,24PH103P,2026-03-06,,27,2026-03-06T17:30:00,9
4730,243,24PH103P,2026-03-20,,27,2026-03-20T17:30:00,10
4731,243,24PH103P,2026-03-27,,27,2026-03-27T17:30:00,11
4732,243,24PH103P,2026-04-03,,27,2026-04-03T17:30:00,12
4733,243,24PH103P,2026-04-10,,27,2026-04-10T17:30:00,13
4734,243,24PH103P,2026-04-17,,27,2026-04-17T17:30:00,14
4735,243,24PH103P,2026-04-24,,27,2026-04-24T17:30:00,15
4736,243,24PH103P,2026-05-01,,27,2026-05-01T17:30:00,16
4737,243,24PH103P,2026-05-08,,27,2026-05-08T17:30:00,17
4738,244,24ME101P,2026-01-06,,13,2026-01-06T17:30:00,1
4739,244,24ME101P,2026-01-13,,13,2026-01-13T17:30:00,2
4740,244,24ME101P,2026-01-20,,13,2026-01-20T17:30:00,3
4741,244,24ME101P,2026-01-27,,13,2026-01-27T17:30:00,4
4742,244,24ME101P,2026-02-03,,13,2026-02-03T17:30:00,5
4743,244,24ME101P,2026-02-10,,13,2026-02-10T17:30:00,6
4744,244,24ME101P,2026-02-17,,13,2026-02-17T17:30:00,7
4745,244,24ME101P,2026-02-24,,13,2026-02-24T17:30:00,8
4746,244,24ME101P,2026-03-03,,13,2026-03-03T17:30:00,9
4747,244,24ME101P,2026-03-17,,13,2026-03-17T17:30:00,10
4748,244,24ME101P,2026-03-24,,13,2026-03-24T17:30:00,11
4749,244,24ME101P,2026-03-31,,13,2026-03-31T17:30:00,12
4750,244,24ME101P,2026-04-07,,13,2026-04-07T17:30:00,13
4751,244,24ME101P,2026-04-21,,13,2026-04-21T17:30:00,14
4752,244,24ME101P,2026-04-28,,13,2026-04-28T17:30:00,15
4753,244,24ME101P,2026-05-05,,13,2026-05-05T17:30:00,16
4754,245,24ME101P,2026-01-07,,16,2026-01-07T17:30:00,1
4755,245,24ME101P,2026-01-21,,16,2026-01-21T17:30:00,2
4756,245,24ME101P,2026-01-28,,16,2026-01-28T17:30:00,3
4757,245,24ME101P,2026-02-04,,16,2026-02-04T17:30:00,4
4758,245,24ME101P,2026-02-11,,16,2026-02-11T17:30:00,5
4759,245,24ME101P,2026-02-18,,16,2026-02-18T17:30:00,6
4760,245,24ME101P,2026-02-25,,16,2026-02-25T17:30:00,7
4761,245,24ME101P,2026-03-18,,16,2026-03-18T17:30:00,8
4762,245,24ME101P,2026-03-25,,16,2026-03-25T17:30:00,9
4763,245,24ME101P,2026-04-01,,16,2026-04-01T17:30:00,10
4764,245,24ME101P,2026-04-08,,16,2026-04-08T17:30:00,11
4765,245,24ME101P,2026-04-15,,16,2026-04-15T17:30:00,12
4766,245,24ME101P,2026-04-22,,16,2026-04-22T17:30:00,13
4767,245,24ME101P,2026-04-29,,16,2026-04-29T17:30:00,14
4768,245,24ME101P,2026-05-06,,16,2026-05-06T17:30:00,15
4769,246,24ME102P,2026-01-08,,13,2026-01-08T17:30:00,1
4770,246,24ME102P,2026-01-22,,13,2026-01-22T17:30:00,2
4771,246,24ME102P,2026-01-29,,13,2026-01-29T17:30:00,3
4772,246,24ME102P,2026-02-05,,13,2026-02-05T17:30:00,4
4773,246,24ME102P,2026-02-12,,13,2026-02-12T17:30:00,5
4774,246,24ME102P,2026-02-19,,13,2026-02-19T17:30:00,6
4775,246,24ME102P,2026-02-26,,13,2026-02-26T17:30:00,7
4776,246,24ME102P,2026-03-05,,13,2026-03-05T17:30:00,8
4777,246,24ME102P,2026-03-19,,13,2026-03-19T17:30:00,9
4778,246,24ME102P,2026-03-26,,13,2026-03-26T17:30:00,10
4779,246,24ME102P,2026-04-02,,13,2026-04-02T17:30:00,11
4780,246,24ME102P,2026-04-09,,13,2026-04-09T17:30:00,12
4781,246,24ME102P,2026-04-16,,13,2026-04-16T17:30:00,13
4782,246,24ME102P,2026-04-23,,13,2026-04-23T17:30:00,14
4783,246,24ME102P,2026-04-30,,13,2026-04-30T17:30:00,15
4784,246,24ME102P,2026-05-07,,13,2026-05-07T17:30:00,16
4785,247,24ME102P,2026-01-09,,15,2026-01-09T17:30:00,1
4786,247,24ME102P,2026-01-16,,15,2026-01-16T17:30:00,2
4787,247,24ME102P,2026-01-23,,15,2026-01-23T17:30:00,3
4788,247,24ME102P,2026-01-30,,15,2026-01-30T17:30:00,4
4789,247,24ME102P,2026-02-06,,15,2026-02-06T17:30:00,5
4790,247,24ME102P,2026-02-13,,15,2026-02-13T17:30:00,6
4791,247,24ME102P,2026-02-20,,15,2026-02-20T17:30:00,7
4792,247,24ME102P,2026-02-27,,15,2026-02-27T17:30:00,8
4793,247,24ME102P,2026-03-06,,15,2026-03-06T17:30:00,9
4794,247,24ME102P,2026-03-20,,15,2026-03-20T17:30:00,10
4795,247,24ME102P,2026-03-27,,15,2026-03-27T17:30:00,11
4796,247,24ME102P,2026-04-03,,15,2026-04-03T17:30:00,12
4797,247,24ME102P,2026-04-10,,15,2026-04-10T17:30:00,13
4798,247,24ME102P,2026-04-17,,15,2026-04-17T17:30:00,14
4799,247,24ME102P,2026-04-24,,15,2026-04-24T17:30:00,15
4800,247,24ME102P,2026-05-01,,15,2026-05-01T17:30:00,16
4801,247,24ME102P,2026-05-08,,15,2026-05-08T17:30:00,17
4802,248,24CV101T,2026-01-05,1,20,2026-01-05T17:30:00,1
4803,248,24CV101T,2026-01-07,2,20,2026-01-07T17:30:00,2
4804,248,24CV101T,2026-01-12,3,20,2026-01-12T17:30:00,3
4805,248,24CV101T,2026-01-19,4,20,2026-01-19T17:30:00,4
4806,248,24CV101T,2026-01-21,1,20,2026-01-21T17:30:00,5
4807,248,24CV101T,2026-01-28,2,20,2026-01-28T17:30:00,6
4808,248,24CV101T,2026-02-02,3,20,2026-02-02T17:30:00,7
4809,248,24CV101T,2026-02-04,4,20,2026-02-04T17:30:00,8
4810,248,24CV101T,2026-02-09,1,20,2026-02-09T17:30:00,9
4811,248,24CV101T,2026-02-11,2,20,2026-02-11T17:30:00,10
4812,248,24CV101T,2026-02-16,3,20,2026-02-16T17:30:00,11
4813,248,24CV101T,2026-02-18,4,20,2026-02-18T17:30:00,12
4814,248,24CV101T,2026-02-23,1,20,2026-02-23T17:30:00,13
4815,248,24CV101T,2026-02-25,2,20,2026-02-25T17:30:00,14
4816,248,24CV101T,2026-03-02,3,20,2026-03-02T17:30:00,15
4817,248,24CV101T,2026-03-16,4,20,2026-03-16T17:30:00,16
4818,248,24CV101T,2026-03-18,1,20,2026-03-18T17:30:00,17
4819,248,24CV101T,2026-03-23,2,20,2026-03-23T17:30:00,18
4820,248,24CV101T,2026-03-25,3,20,2026-03-25T17:30:00,19
4821,248,24CV101T,2026-03-30,4,20,2026-03-30T17:30:00,20
4822,248,24CV101T,2026-04-01,1,20,2026-04-01T17:30:00,21
4823,248,24CV101T,2026-04-06,2,20,2026-04-06T17:30:00,22
4824,248,24CV101T,2026-04-08,3,20,2026-04-08T17:30:00,23
4825,248,24CV101T,2026-04-13,4,20,2026-04-13T17:30:00,24
4826,248,24CV101T,2026-04-15,1,20,2026-04-15T17:30:00,25
4827,248,24CV101T,2026-04-20,2,20,2026-04-20T17:30:00,26
4828,248,24CV101T,2026-04-22,3,20,2026-04-22T17:30:00,27
4829,248,24CV101T,2026-04-27,4,20,2026-04-27T17:30:00,28
4830,248,24CV101T,2026-04-29,1,20,2026-04-29T17:30:00,29
4831,248,24CV101T,2026-05-04,2,20,2026-05-04T17:30:00,30
4832,248,24CV101T,2026-05-06,3,20,2026-05-06T17:30:00,31
4833,249,24HS102T,2026-01-06,1,25,2026-01-06T17:30:00,1
4834,249,24HS102T,2026-01-13,2,25,2026-01-13T17:30:00,2
4835,249,24HS102T,2026-01-20,3,25,2026-01-20T17:30:00,3
4836,249,24HS102T,2026-01-27,4,25,2026-01-27T17:30:00,4
4837,249,24HS102T,2026-02-03,1,25,2026-02-03T17:30:00,5
4838,249,24HS102T,2026-02-10,2,25,2026-02-10T17:30:00,6
4839,249,24HS102T,2026-02-17,3,25,2026-02-17T17:30:00,7
4840,249,24HS102T,2026-02-24,4,25,2026-02-24T17:30:00,8
4841,249,24HS102T,2026-03-03,1,25,2026-03-03T17:30:00,9
4842,249,24HS102T,2026-03-17,2,25,2026-03-17T17:30:00,10
4843,249,24HS102T,2026-03-24,3,25,2026-03-24T17:30:00,11
4844,249,24HS102T,2026-03-31,4,25,2026-03-31T17:30:00,12
4845,249,24HS102T,2026-04-07,1,25,2026-04-07T17:30:00,13
4846,249,24HS102T,2026-04-21,2,25,2026-04-21T17:30:00,14
4847,249,24HS102T,2026-04-28,3,25,2026-04-28T17:30:00,15
4848,249,24HS102T,2026-05-05,4,25,2026-05-05T17:30:00,16
4849,250,24HS103T,2026-01-05,1,25,2026-01-05T17:30:00,1
4850,250,24HS103T,2026-01-08,2,25,2026-01-08T17:30:00,2
4851,250,24HS103T,2026-01-12,3,25,2026-01-12T17:30:00,3
4852,250,24HS103T,2026-01-19,4,25,2026-01-19T17:30:00,4
4853,250,24HS103T,2026-01-22,1,25,2026-01-22T17:30:00,5
4854,250,24HS103T,2026-01-29,2,25,2026-01-29T17:30:00,6
4855,250,24HS103T,2026-02-02,3,25,2026-02-02T17:30:00,7
4856,250,24HS103T,2026-02-05,4,25,2026-02-05T17:30:00,8
4857,250,24HS103T,2026-02-09,1,25,2026-02-09T17:30:00,9
4858,250,24HS103T,2026-02-12,2,25,2026-02-12T17:30:00,10
4859,250,24HS103T,2026-02-16,3,25,2026-02-16T17:30:00,11
4860,250,24HS103T,2026-02-19,4,25,2026-02-19T17:30:00,12
4861,250,24HS103T,2026-02-23,1,25,2026-02-23T17:30:00,13
4862,250,24HS103T,2026-02-26,2,25,2026-02-26T17:30:00,14
4863,250,24HS103T,2026-03-02,3,25,2026-03-02T17:30:00,15
4864,250,24HS103T,2026-03-05,4,25,2026-03-05T17:30:00,16
4865,250,24HS103T,2026-03-16,1,25,2026-03-16T17:30:00,17
4866,250,24HS103T,2026-03-19,2,25,2026-03-19T17:30:00,18
4867,250,24HS103T,2026-03-23,3,25,2026-03-23T17:30:00,19
4868,250,24HS103T,2026-03-26,4,25,2026-03-26T17:30:00,20
4869,250,24HS103T,2026-03-30,1,25,2026-03-30T17:30:00,21
4870,250,24HS103T,2026-04-02,2,25,2026-04-02T17:30:00,22
4871,250,24HS103T,2026-04-06,3,25,2026-04-06T17:30:00,23
4872,250,24HS103T,2026-04-09,4,25,2026-04-09T17:30:00,24
4873,250,24HS103T,2026-04-13,1,25,2026-04-13T17:30:00,25
4874,250,24HS103T,2026-04-16,2,25,2026-04-16T17:30:00,26
4875,250,24HS103T,2026-04-20,3,25,2026-04-20T17:30:00,27
4876,250,24HS103T,2026-04-23,4,25,2026-04-23T17:30:00,28
4877,250,24HS103T,2026-04-27,1,25,2026-04-27T17:30:00,29
4878,250,24HS103T,2026-04-30,2,25,2026-04-30T17:30:00,30
4879,250,24HS103T,2026-05-04,3,25,2026-05-04T17:30:00,31
4880,250,24HS103T,2026-05-07,4,25,2026-05-07T17:30:00,32
