id,assessment_id,student_id,score,is_absent,graded_on
1,2,1,0.0,False,2026-08-23
2,2,2,22.5,False,2026-08-22
3,2,3,20.5,False,2026-08-18
4,2,4,18.0,False,2026-08-23
5,2,5,14.0,False,2026-08-20
6,2,6,20.5,False,2026-08-16
7,2,7,24.0,False,2026-08-19
8,2,8,17.5,False,2026-08-21
9,2,9,14.5,False,2026-08-22
10,2,10,21.0,False,2026-08-19
11,2,11,17.5,False,2026-08-18
12,2,12,16.0,False,2026-08-24
13,2,13,0.0,False,2026-08-18
14,2,14,20.5,False,2026-08-23
15,2,15,22.0,False,2026-08-23
16,2,16,20.5,False,2026-08-21
17,2,17,24.5,False,2026-08-22
18,2,18,12.0,False,2026-08-19
19,2,19,15.0,False,2026-08-17
20,2,20,21.5,False,2026-08-23
21,2,21,16.5,False,2026-08-16
22,2,22,24.5,False,2026-08-22
23,3,1,25,False,2026-08-25
24,3,2,24.5,False,2026-08-27
25,3,3,24.5,False,2026-08-28
26,3,4,20.0,False,2026-08-25
27,3,5,17.0,False,2026-08-30
28,3,6,0.0,True,2026-08-30
29,3,7,25,False,2026-08-25
30,3,8,17.0,False,2026-08-28
31,3,9,19.5,False,2026-08-30
32,3,10,22.5,False,2026-08-28
33,3,11,21.5,False,2026-08-27
34,3,12,22.5,False,2026-08-30
35,3,13,18.0,False,2026-08-25
36,3,14,19.5,False,2026-08-24
37,3,15,21.5,False,2026-08-25
38,3,16,24.0,False,2026-08-29
39,3,17,25,False,2026-08-28
40,3,18,17.0,False,2026-08-28
41,3,19,22.0,False,2026-08-27
42,3,20,23.0,False,2026-08-28
43,3,21,21.5,False,2026-08-24
44,3,22,19.5,False,2026-08-28
45,5,1,19.0,False,2026-08-19
46,5,2,24.5,False,2026-08-16
47,5,3,24.0,False,2026-08-23
48,5,4,18.5,False,2026-08-17
49,5,5,0.0,False,2026-08-23
50,5,6,21.0,False,2026-08-21
51,5,7,23.5,False,2026-08-17
52,5,8,22.5,False,2026-08-21
53,5,9,14.0,False,2026-08-18
54,5,10,20.5,False,2026-08-21
55,5,11,24.0,False,2026-08-21
56,5,12,19.0,False,2026-08-19
57,5,13,16.5,False,2026-08-21
58,5,14,14.5,False,2026-08-21
59,5,15,16.0,False,2026-08-20
60,5,16,23.0,False,2026-08-17
61,5,17,23.0,False,2026-08-18
62,5,18,13.0,False,2026-08-19
63,5,19,18.0,False,2026-08-17
64,5,20,22.5,False,2026-08-24
65,5,21,0.0,False,2026-08-19
66,5,22,22.5,False,2026-08-24
67,6,1,25,False,2026-08-27
68,6,2,22.0,False,2026-08-28
69,6,3,22.0,False,2026-08-30
70,6,4,19.0,False,2026-08-27
71,6,5,18.0,False,2026-08-29
72,6,6,21.5,False,2026-08-25
73,6,7,21.5,False,2026-08-28
74,6,8,22.5,False,2026-08-25
75,6,9,11.5,False,2026-08-27
76,6,10,19.5,False,2026-08-27
77,6,11,19.5,False,2026-08-31
78,6,12,24.5,False,2026-08-28
79,6,13,17.5,False,2026-08-28
80,6,14,19.0,False,2026-08-31
81,6,15,20.5,False,2026-08-27
82,6,16,25,False,2026-08-27
83,6,17,24.0,False,2026-08-25
84,6,18,23.0,False,2026-08-26
85,6,19,16.5,False,2026-08-29
86,6,20,20.0,False,2026-08-28
87,6,21,14.0,False,2026-08-25
88,6,22,22.0,False,2026-08-30
89,8,1,23.5,False,2026-08-27
90,8,2,21.5,False,2026-09-01
91,8,3,22.5,False,2026-08-31
92,8,4,20.5,False,2026-09-02
93,8,5,12.5,False,2026-09-02
94,8,6,19.0,False,2026-08-27
95,8,7,22.0,False,2026-08-28
96,8,8,19.5,False,2026-08-27
97,8,9,13.5,False,2026-08-27
98,8,10,19.5,False,2026-09-02
99,8,11,17.0,False,2026-09-01
100,11,12,23.0,False,2026-08-25
101,11,13,20.0,False,2026-08-25
102,11,14,23.0,False,2026-08-27
103,11,15,22.5,False,2026-08-23
104,11,16,21.5,False,2026-08-27
105,11,17,25,False,2026-08-30
106,11,18,17.0,False,2026-08-25
107,11,19,19.5,False,2026-08-25
108,11,20,23.5,False,2026-08-31
109,11,21,21.0,False,2026-08-30
110,11,22,24.0,False,2026-08-24
111,14,1,23.5,False,2026-08-18
112,14,2,17.5,False,2026-08-16
113,14,3,16.5,False,2026-08-24
114,14,4,19.5,False,2026-08-21
115,14,5,14.5,False,2026-08-16
116,14,6,14.5,False,2026-08-18
117,14,7,16.5,False,2026-08-17
118,14,8,21.5,False,2026-08-21
119,14,9,17.0,False,2026-08-20
120,14,10,15.0,False,2026-08-22
121,14,11,16.5,False,2026-08-19
122,14,12,21.5,False,2026-08-24
123,14,13,19.5,False,2026-08-24
124,14,14,15.5,False,2026-08-23
125,14,15,20.0,False,2026-08-18
126,14,16,0.0,False,2026-08-21
127,14,17,23.0,False,2026-08-17
128,14,18,17.0,False,2026-08-21
129,14,19,20.5,False,2026-08-20
130,14,20,22.5,False,2026-08-22
131,14,21,19.5,False,2026-08-21
132,14,22,22.0,False,2026-08-24
133,15,1,24.5,False,2026-08-23
134,15,2,23.0,False,2026-08-27
135,15,3,24.5,False,2026-08-28
136,15,4,15.5,False,2026-08-23
137,15,5,11.5,False,2026-08-23
138,15,6,5.0,False,2026-08-24
139,15,7,6.5,False,2026-08-24
140,15,8,22.0,False,2026-08-24
141,15,9,7.0,False,2026-08-26
142,15,10,22.5,False,2026-08-26
143,15,11,5.0,False,2026-08-26
144,15,12,7.5,False,2026-08-25
145,15,13,16.5,False,2026-08-24
146,15,14,22.0,False,2026-08-26
147,15,15,18.0,False,2026-08-25
148,15,16,21.5,False,2026-08-23
149,15,17,25,False,2026-08-27
150,15,18,19.5,False,2026-08-29
151,15,19,5.5,False,2026-08-25
152,15,20,8.0,False,2026-08-24
153,15,21,16.5,False,2026-08-24
154,15,22,24.5,False,2026-08-27
155,17,1,0.0,False,2026-08-20
156,17,2,24.0,False,2026-08-23
157,17,3,16.0,False,2026-08-20
158,17,4,17.0,False,2026-08-20
159,17,5,15.5,False,2026-08-20
160,17,6,18.0,False,2026-08-23
161,17,7,19.0,False,2026-08-19
162,17,8,23.0,False,2026-08-22
163,17,9,15.0,False,2026-08-19
164,17,10,16.0,False,2026-08-23
165,17,11,14.0,False,2026-08-18
166,17,12,23.5,False,2026-08-20
167,17,13,13.5,False,2026-08-19
168,17,14,22.0,False,2026-08-23
169,17,15,18.5,False,2026-08-15
170,17,16,22.0,False,2026-08-17
171,17,17,17.5,False,2026-08-18
172,17,18,17.5,False,2026-08-19
173,17,19,21.5,False,2026-08-16
174,17,20,16.5,False,2026-08-22
175,17,21,20.5,False,2026-08-16
176,17,22,17.5,False,2026-08-19
177,18,1,25,False,2026-08-28
178,18,2,19.5,False,2026-08-27
179,18,3,22.0,False,2026-08-24
180,18,4,19.0,False,2026-08-25
181,18,5,17.0,False,2026-08-28
182,18,6,22.0,False,2026-08-29
183,18,7,25,False,2026-08-29
184,18,8,23.0,False,2026-08-25
185,18,9,12.5,False,2026-08-29
186,18,10,18.0,False,2026-08-28
187,18,11,25,False,2026-08-27
188,18,12,22.5,False,2026-08-28
189,18,13,14.5,False,2026-08-30
190,18,14,25,False,2026-08-28
191,18,15,20.5,False,2026-08-24
192,18,16,22.0,False,2026-08-30
193,18,17,25,False,2026-08-24
194,18,18,15.0,False,2026-08-26
195,18,19,21.5,False,2026-08-26
196,18,20,25,False,2026-08-28
197,18,21,19.0,False,2026-08-27
198,18,22,24.0,False,2026-08-28
199,20,1,24.0,False,2026-09-02
200,20,2,25,False,2026-08-26
201,20,3,22.0,False,2026-08-26
202,20,4,24.0,False,2026-08-31
203,20,5,10.5,False,2026-08-25
204,20,6,20.0,False,2026-08-27
205,20,7,25,False,2026-09-01
206,20,8,19.5,False,2026-09-01
207,20,9,19.5,False,2026-08-30
208,20,10,22.0,False,2026-08-26
209,20,11,22.5,False,2026-08-27
210,23,12,22.5,False,2026-08-23
211,23,13,16.0,False,2026-08-30
212,23,14,24.5,False,2026-08-30
213,23,15,17.0,False,2026-08-24
214,23,16,24.5,False,2026-08-22
215,23,17,21.5,False,2026-08-26
216,23,18,22.0,False,2026-08-26
217,23,19,21.5,False,2026-08-29
218,23,20,25,False,2026-08-22
219,23,21,22.5,False,2026-08-27
220,23,22,25,False,2026-08-22
221,26,1,25,False,2026-08-24
222,26,2,23.5,False,2026-08-25
223,26,3,23.0,False,2026-08-20
224,26,4,16.5,False,2026-08-21
225,26,5,13.0,False,2026-08-25
226,26,6,22.5,False,2026-08-22
227,26,7,23.5,False,2026-08-27
228,26,8,15.0,False,2026-08-26
229,26,9,15.0,False,2026-08-23
230,26,10,19.5,False,2026-08-24
231,26,11,23.5,False,2026-08-21
232,26,12,23.5,False,2026-08-26
233,26,13,16.5,False,2026-08-21
234,26,14,22.0,False,2026-08-22
235,26,15,14.5,False,2026-08-19
236,26,16,19.5,False,2026-08-20
237,26,17,18.5,False,2026-08-25
238,26,18,19.0,False,2026-08-24
239,26,19,18.5,False,2026-08-22
240,26,20,21.0,False,2026-08-23
241,26,21,18.0,False,2026-08-24
242,26,22,20.0,False,2026-08-20
243,27,1,25,False,2026-08-24
244,27,2,25,False,2026-08-25
245,27,3,20.0,False,2026-08-28
246,27,4,22.5,False,2026-08-24
247,27,5,14.5,False,2026-08-24
248,27,6,21.5,False,2026-08-26
249,27,7,23.0,False,2026-08-30
250,27,8,13.0,False,2026-08-29
251,27,9,15.5,False,2026-08-24
252,27,10,20.5,False,2026-08-28
253,27,11,21.5,False,2026-08-25
254,27,12,22.0,False,2026-08-25
255,27,13,14.5,False,2026-08-29
256,27,14,22.5,False,2026-08-30
257,27,15,19.0,False,2026-08-25
258,27,16,25,False,2026-08-30
259,27,17,25,False,2026-08-25
260,27,18,18.0,False,2026-08-29
261,27,19,19.5,False,2026-08-25
262,27,20,22.0,False,2026-08-29
263,27,21,17.0,False,2026-08-25
264,27,22,20.5,False,2026-08-25
265,29,1,24.0,False,2026-08-27
266,29,2,24.0,False,2026-08-26
267,29,3,21.0,False,2026-08-22
268,29,4,22.5,False,2026-08-23
269,29,5,11.5,False,2026-08-30
270,29,6,19.0,False,2026-08-27
271,29,7,25,False,2026-08-27
272,29,8,19.0,False,2026-08-23
273,29,9,17.5,False,2026-08-24
274,29,10,13.5,False,2026-08-22
275,29,11,15.5,False,2026-08-22
276,32,12,22.5,False,2026-08-23
277,32,13,15.0,False,2026-08-26
278,32,14,24.5,False,2026-08-26
279,32,15,20.0,False,2026-08-26
280,32,16,21.5,False,2026-08-27
281,32,17,25,False,2026-08-24
282,32,18,13.0,False,2026-08-22
283,32,19,22.0,False,2026-08-30
284,32,20,19.0,False,2026-08-27
285,32,21,17.5,False,2026-08-25
286,32,22,25,False,2026-08-26
287,35,57,24.5,False,2026-08-25
288,35,58,16.5,False,2026-08-20
289,35,59,21.0,False,2026-08-22
290,35,60,22.0,False,2026-08-19
291,35,61,20.5,False,2026-08-25
292,35,62,24.0,False,2026-08-26
293,35,63,21.0,False,2026-08-22
294,35,64,23.5,False,2026-08-24
295,35,65,25,False,2026-08-23
296,35,66,21.5,False,2026-08-18
297,35,67,22.0,False,2026-08-24
298,35,68,20.0,False,2026-08-22
299,35,69,22.0,False,2026-08-24
300,35,70,21.5,False,2026-08-21
301,35,71,20.5,False,2026-08-23
302,35,72,21.0,False,2026-08-20
303,35,73,14.0,False,2026-08-19
304,35,74,4.0,False,2026-08-19
305,35,75,21.5,False,2026-08-22
306,35,76,17.5,False,2026-08-18
307,35,77,14.0,False,2026-08-21
308,35,78,14.5,False,2026-08-19
309,36,57,25,False,2026-08-30
310,36,58,20.5,False,2026-08-26
311,36,59,17.0,False,2026-08-28
312,36,60,22.0,False,2026-08-29
313,36,61,20.5,False,2026-09-01
314,36,62,20.0,False,2026-08-26
315,36,63,19.0,False,2026-08-31
316,36,64,25,False,2026-08-27
317,36,65,25,False,2026-08-26
318,36,66,22.0,False,2026-08-26
319,36,67,24.5,False,2026-08-30
320,36,68,21.5,False,2026-08-26
321,36,69,24.5,False,2026-09-01
322,36,70,17.5,False,2026-08-28
323,36,71,21.5,False,2026-08-28
324,36,72,20.0,False,2026-08-28
325,36,73,25,False,2026-08-27
326,36,74,23.0,False,2026-08-26
327,36,75,24.0,False,2026-08-28
328,36,76,17.5,False,2026-08-30
329,36,77,22.5,False,2026-08-29
330,36,78,19.0,False,2026-08-27
331,38,57,24.0,False,2026-08-24
332,38,58,24.5,False,2026-08-20
333,38,59,21.5,False,2026-08-18
334,38,60,22.0,False,2026-08-22
335,38,61,14.0,False,2026-08-18
336,38,62,23.5,False,2026-08-25
337,38,63,16.5,False,2026-08-23
338,38,64,22.0,False,2026-08-18
339,38,65,25,False,2026-08-23
340,38,66,16.5,False,2026-08-22
341,38,67,17.0,False,2026-08-26
342,38,68,22.0,False,2026-08-21
343,38,69,24.0,False,2026-08-18
344,38,70,20.5,False,2026-08-23
345,38,71,19.5,False,2026-08-18
346,38,72,22.5,False,2026-08-20
347,38,73,23.0,False,2026-08-21
348,38,74,0.0,False,2026-08-23
349,38,75,21.5,False,2026-08-21
350,38,76,18.5,False,2026-08-21
351,38,77,21.0,False,2026-08-24
352,38,78,23.0,False,2026-08-19
353,39,57,25,False,2026-08-22
354,39,58,25,False,2026-08-26
355,39,59,20.5,False,2026-08-27
356,39,60,25,False,2026-08-26
357,39,61,22.5,False,2026-08-27
358,39,62,23.0,False,2026-08-22
359,39,63,25,False,2026-08-25
360,39,64,25,False,2026-08-24
361,39,65,25,False,2026-08-24
362,39,66,22.0,False,2026-08-27
363,39,67,17.5,False,2026-08-26
364,39,68,22.0,False,2026-08-24
365,39,69,19.5,False,2026-08-22
366,39,70,19.5,False,2026-08-28
367,39,71,21.5,False,2026-08-22
368,39,72,20.5,False,2026-08-26
369,39,73,24.0,False,2026-08-24
370,39,74,21.5,False,2026-08-26
371,39,75,25,False,2026-08-24
372,39,76,17.0,False,2026-08-22
373,39,77,20.5,False,2026-08-28
374,39,78,17.5,False,2026-08-28
375,41,57,25,False,2026-08-15
376,41,58,24.5,False,2026-08-16
377,41,59,22.5,False,2026-08-17
378,41,60,22.0,False,2026-08-15
379,41,61,22.0,False,2026-08-20
380,41,62,24.0,False,2026-08-23
381,41,63,16.0,False,2026-08-16
382,41,64,23.0,False,2026-08-15
383,41,65,24.0,False,2026-08-17
384,41,66,17.5,False,2026-08-23
385,41,67,22.0,False,2026-08-23
386,41,68,15.0,False,2026-08-22
387,41,69,21.0,False,2026-08-16
388,41,70,21.5,False,2026-08-20
389,41,71,20.0,False,2026-08-21
390,41,72,22.0,False,2026-08-20
391,41,73,24.0,False,2026-08-20
392,41,74,18.0,False,2026-08-23
393,41,75,16.5,False,2026-08-21
394,41,76,18.0,False,2026-08-19
395,41,77,20.0,False,2026-08-21
396,41,78,0.0,False,2026-08-21
397,42,57,25,False,2026-08-27
398,42,58,25,False,2026-08-30
399,42,59,22.5,False,2026-08-29
400,42,60,19.0,False,2026-08-31
401,42,61,20.0,False,2026-08-25
402,42,62,22.0,False,2026-08-29
403,42,63,19.0,False,2026-08-30
404,42,64,25,False,2026-08-26
405,42,65,25,False,2026-08-25
406,42,66,18.0,False,2026-08-29
407,42,67,20.0,False,2026-08-30
408,42,68,15.0,False,2026-08-25
409,42,69,25,False,2026-08-29
410,42,70,19.5,False,2026-08-30
411,42,71,22.5,False,2026-08-30
412,42,72,19.5,False,2026-08-31
413,42,73,25,False,2026-08-29
414,42,74,24.5,False,2026-08-25
415,42,75,24.0,False,2026-08-25
416,42,76,20.5,False,2026-08-30
417,42,77,21.5,False,2026-08-25
418,42,78,20.0,False,2026-08-26
419,44,57,22.0,False,2026-08-30
420,44,58,18.0,False,2026-08-26
421,44,59,21.5,False,2026-09-01
422,44,60,17.5,False,2026-08-28
423,44,61,19.5,False,2026-09-02
424,44,62,24.0,False,2026-09-02
425,44,63,14.0,False,2026-08-31
426,44,64,23.0,False,2026-08-26
427,44,65,24.0,False,2026-09-01
428,44,66,22.5,False,2026-08-27
429,44,67,15.0,False,2026-08-27
430,47,68,19.0,False,2026-08-31
431,47,69,22.5,False,2026-09-02
432,47,70,21.0,False,2026-09-01
433,47,71,13.5,False,2026-08-31
434,47,72,23.0,False,2026-08-31
435,47,73,21.0,False,2026-08-30
436,47,74,20.0,False,2026-08-25
437,47,75,23.0,False,2026-08-25
438,47,76,22.0,False,2026-08-30
439,47,77,17.5,False,2026-08-31
440,47,78,23.5,False,2026-08-28
441,50,57,24.5,False,2026-08-23
442,50,58,23.0,False,2026-08-20
443,50,59,0.0,False,2026-08-20
444,50,60,20.5,False,2026-08-24
445,50,61,18.5,False,2026-08-23
446,50,62,23.0,False,2026-08-21
447,50,63,22.0,False,2026-08-18
448,50,64,15.0,False,2026-08-25
449,50,65,17.5,False,2026-08-24
450,50,66,21.5,False,2026-08-20
451,50,67,16.5,False,2026-08-21
452,50,68,22.5,False,2026-08-23
453,50,69,18.5,False,2026-08-21
454,50,70,23.0,False,2026-08-20
455,50,71,20.5,False,2026-08-21
456,50,72,22.0,False,2026-08-20
457,50,73,22.5,False,2026-08-24
458,50,74,21.5,False,2026-08-24
459,50,75,23.5,False,2026-08-20
460,50,76,19.0,False,2026-08-23
461,50,77,18.5,False,2026-08-17
462,50,78,21.5,False,2026-08-20
463,51,57,24.0,False,2026-08-31
464,51,58,20.5,False,2026-09-01
465,51,59,22.5,False,2026-08-28
466,51,60,20.0,False,2026-08-28
467,51,61,18.0,False,2026-08-27
468,51,62,25,False,2026-08-26
469,51,63,25,False,2026-08-30
470,51,64,22.5,False,2026-08-31
471,51,65,25,False,2026-08-27
472,51,66,17.5,False,2026-08-30
473,51,67,20.0,False,2026-08-31
474,51,68,14.5,False,2026-08-29
475,51,69,25,False,2026-08-26
476,51,70,22.0,False,2026-08-31
477,51,71,18.0,False,2026-08-30
478,51,72,17.5,False,2026-09-01
479,51,73,25,False,2026-08-26
480,51,74,23.0,False,2026-08-27
481,51,75,15.5,False,2026-08-28
482,51,76,19.0,False,2026-08-28
483,51,77,22.0,False,2026-08-31
484,51,78,18.0,False,2026-08-27
485,53,57,24.5,False,2026-08-29
486,53,58,24.5,False,2026-08-29
487,53,59,14.0,False,2026-08-22
488,53,60,25,False,2026-08-30
489,53,61,15.5,False,2026-08-24
490,53,62,24.0,False,2026-08-23
491,53,63,23.0,False,2026-08-30
492,53,64,25,False,2026-08-25
493,53,65,19.5,False,2026-08-24
494,53,66,17.5,False,2026-08-23
495,53,67,22.0,False,2026-08-27
496,56,68,24.5,False,2026-08-25
497,56,69,20.0,False,2026-08-29
498,56,70,22.0,False,2026-08-25
499,56,71,14.5,False,2026-08-28
500,56,72,21.5,False,2026-08-24
501,56,73,24.0,False,2026-08-31
502,56,74,22.5,False,2026-08-26
503,56,75,22.5,False,2026-08-29
504,56,76,21.0,False,2026-08-25
505,56,77,18.0,False,2026-08-28
506,56,78,21.0,False,2026-08-30
507,59,57,25,False,2026-08-26
508,59,58,23.0,False,2026-08-24
509,59,59,21.5,False,2026-08-26
510,59,60,23.0,False,2026-08-24
511,59,61,18.0,False,2026-08-25
512,59,62,22.5,False,2026-08-28
513,59,63,18.0,False,2026-08-28
514,59,64,24.5,False,2026-08-24
515,59,65,22.5,False,2026-08-27
516,59,66,23.5,False,2026-08-25
517,59,67,17.5,False,2026-08-30
518,62,68,15.5,False,2026-08-28
519,62,69,23.5,False,2026-08-24
520,62,70,23.5,False,2026-08-26
521,62,71,20.5,False,2026-08-22
522,62,72,18.5,False,2026-08-22
523,62,73,22.0,False,2026-08-29
524,62,74,23.5,False,2026-08-26
525,62,75,20.5,False,2026-08-22
526,62,76,22.0,False,2026-08-29
527,62,77,21.0,False,2026-08-23
528,62,78,22.0,False,2026-08-26
529,65,57,25,False,2026-08-18
530,65,58,23.5,False,2026-08-19
531,65,59,19.5,False,2026-08-15
532,65,60,19.0,False,2026-08-19
533,65,61,19.5,False,2026-08-16
534,65,62,16.0,False,2026-08-15
535,65,63,18.5,False,2026-08-23
536,65,64,25,False,2026-08-18
537,65,65,24.5,False,2026-08-17
538,65,66,22.0,False,2026-08-23
539,65,67,0.0,False,2026-08-18
540,65,68,14.0,False,2026-08-20
541,65,69,0.0,False,2026-08-21
542,65,70,21.0,False,2026-08-15
543,65,71,20.0,False,2026-08-16
544,65,72,0.0,False,2026-08-23
545,65,73,19.5,False,2026-08-19
546,65,74,22.0,False,2026-08-21
547,65,75,24.5,False,2026-08-21
548,65,76,22.5,False,2026-08-17
549,65,77,18.5,False,2026-08-23
550,65,78,19.5,False,2026-08-16
551,66,57,25,False,2026-08-22
552,66,58,20.5,False,2026-08-23
553,66,59,25,False,2026-08-26
554,66,60,19.5,False,2026-08-24
555,66,61,22.5,False,2026-08-24
556,66,62,21.5,False,2026-08-25
557,66,63,20.5,False,2026-08-25
558,66,64,25,False,2026-08-24
559,66,65,24.5,False,2026-08-25
560,66,66,18.0,False,2026-08-26
561,66,67,24.5,False,2026-08-28
562,66,68,19.5,False,2026-08-22
563,66,69,23.0,False,2026-08-22
564,66,70,20.5,False,2026-08-24
565,66,71,19.0,False,2026-08-27
566,66,72,19.0,False,2026-08-25
567,66,73,22.5,False,2026-08-27
568,66,74,17.5,False,2026-08-24
569,66,75,25,False,2026-08-24
570,66,76,21.5,False,2026-08-24
571,66,77,20.5,False,2026-08-25
572,66,78,22.0,False,2026-08-26
573,68,57,25,False,2026-08-30
574,68,58,18.5,False,2026-08-31
575,68,59,17.5,False,2026-08-25
576,68,60,24.0,False,2026-09-01
577,68,61,19.5,False,2026-08-25
578,68,62,19.5,False,2026-08-29
579,68,63,20.0,False,2026-08-28
580,68,64,24.5,False,2026-09-02
581,68,65,24.0,False,2026-08-28
582,68,66,21.5,False,2026-09-02
583,68,67,21.5,False,2026-08-27
584,71,68,20.0,False,2026-08-27
585,71,69,25,False,2026-08-25
586,71,70,15.5,False,2026-08-29
587,71,71,18.5,False,2026-08-24
588,71,72,23.5,False,2026-08-26
589,71,73,18.0,False,2026-08-28
590,71,74,24.5,False,2026-08-25
591,71,75,21.5,False,2026-08-25
592,71,76,20.0,False,2026-08-30
593,71,77,20.5,False,2026-08-26
594,71,78,18.5,False,2026-08-24
595,74,57,0.0,False,2026-08-20
596,74,58,0.0,False,2026-08-17
597,74,59,21.5,False,2026-08-22
598,74,60,23.5,False,2026-08-25
599,74,61,21.0,False,2026-08-22
600,74,62,22.5,False,2026-08-17
601,74,63,20.5,False,2026-08-20
602,74,64,23.0,False,2026-08-25
603,74,65,25,False,2026-08-20
604,74,66,22.0,False,2026-08-20
605,74,67,22.5,False,2026-08-24
606,74,68,18.5,False,2026-08-22
607,74,69,24.5,False,2026-08-21
608,74,70,19.5,False,2026-08-19
609,74,71,22.0,False,2026-08-24
610,74,72,16.0,False,2026-08-17
611,74,73,17.5,False,2026-08-20
612,74,74,21.5,False,2026-08-22
613,74,75,23.5,False,2026-08-17
614,74,76,17.5,False,2026-08-18
615,74,77,21.5,False,2026-08-24
616,74,78,23.0,False,2026-08-22
617,75,57,25,False,2026-08-28
618,75,58,25,False,2026-08-23
619,75,59,22.0,False,2026-08-26
620,75,60,19.0,False,2026-08-28
621,75,61,21.5,False,2026-08-25
622,75,62,24.0,False,2026-08-28
623,75,63,24.0,False,2026-08-28
624,75,64,18.0,False,2026-08-23
625,75,65,25,False,2026-08-26
626,75,66,20.5,False,2026-08-24
627,75,67,21.5,False,2026-08-22
628,75,68,19.0,False,2026-08-22
629,75,69,25,False,2026-08-26
630,75,70,22.5,False,2026-08-25
631,75,71,24.0,False,2026-08-27
632,75,72,24.5,False,2026-08-27
633,75,73,25,False,2026-08-26
634,75,74,17.5,False,2026-08-26
635,75,75,20.5,False,2026-08-25
636,75,76,0.0,True,2026-08-27
637,75,77,17.0,False,2026-08-25
638,75,78,18.0,False,2026-08-27
639,77,57,24.5,False,2026-08-23
640,77,58,24.5,False,2026-08-22
641,77,59,13.0,False,2026-08-17
642,77,60,22.5,False,2026-08-18
643,77,61,21.0,False,2026-08-17
644,77,62,14.5,False,2026-08-19
645,77,63,21.5,False,2026-08-20
646,77,64,23.5,False,2026-08-18
647,77,65,24.5,False,2026-08-17
648,77,66,0.0,False,2026-08-22
649,77,67,13.0,False,2026-08-20
650,77,68,23.5,False,2026-08-21
651,77,69,24.0,False,2026-08-24
652,77,70,20.5,False,2026-08-16
653,77,71,0.0,False,2026-08-17
654,77,72,21.5,False,2026-08-20
655,77,73,22.0,False,2026-08-22
656,77,74,24.5,False,2026-08-19
657,77,75,21.5,False,2026-08-22
658,77,76,20.5,False,2026-08-16
659,77,77,20.5,False,2026-08-19
660,77,78,20.5,False,2026-08-17
661,78,57,25,False,2026-08-26
662,78,58,21.5,False,2026-08-22
663,78,59,19.0,False,2026-08-28
664,78,60,25,False,2026-08-28
665,78,61,17.0,False,2026-08-24
666,78,62,20.5,False,2026-08-28
667,78,63,17.0,False,2026-08-28
668,78,64,25,False,2026-08-25
669,78,65,23.0,False,2026-08-23
670,78,66,22.5,False,2026-08-25
671,78,67,18.0,False,2026-08-24
672,78,68,24.5,False,2026-08-25
673,78,69,21.5,False,2026-08-26
674,78,70,22.0,False,2026-08-22
675,78,71,19.5,False,2026-08-23
676,78,72,20.5,False,2026-08-24
677,78,73,24.0,False,2026-08-28
678,78,74,25,False,2026-08-27
679,78,75,25,False,2026-08-28
680,78,76,18.0,False,2026-08-28
681,78,77,21.5,False,2026-08-27
682,78,78,17.5,False,2026-08-23
683,81,23,22.0,False,2026-08-19
684,81,24,24.5,False,2026-08-18
685,81,25,19.0,False,2026-08-20
686,81,26,0.0,False,2026-08-24
687,81,27,19.5,False,2026-08-23
688,81,28,21.5,False,2026-08-25
689,81,29,21.0,False,2026-08-24
690,81,30,16.5,False,2026-08-21
691,81,31,17.5,False,2026-08-18
692,81,32,21.5,False,2026-08-20
693,82,23,19.0,False,2026-08-26
694,82,24,24.0,False,2026-08-28
695,82,25,23.0,False,2026-08-24
696,82,26,17.5,False,2026-08-25
697,82,27,17.0,False,2026-08-25
698,82,28,20.5,False,2026-08-27
699,82,29,19.5,False,2026-08-29
700,82,30,16.5,False,2026-08-29
701,82,31,24.5,False,2026-08-27
702,82,32,23.0,False,2026-08-29
703,84,23,23.0,False,2026-08-24
704,84,24,22.0,False,2026-08-23
705,84,25,17.0,False,2026-08-24
706,84,26,17.0,False,2026-08-23
707,84,27,14.0,False,2026-08-24
708,84,28,22.5,False,2026-08-19
709,84,29,23.0,False,2026-08-17
710,84,30,19.0,False,2026-08-16
711,84,31,20.5,False,2026-08-20
712,84,32,16.5,False,2026-08-20
713,85,23,22.5,False,2026-08-23
714,85,24,24.0,False,2026-08-27
715,85,25,0.0,True,2026-08-24
716,85,26,17.0,False,2026-08-25
717,85,27,24.0,False,2026-08-25
718,85,28,16.5,False,2026-08-23
719,85,29,19.5,False,2026-08-25
720,85,30,19.5,False,2026-08-26
721,85,31,24.5,False,2026-08-28
722,85,32,22.5,False,2026-08-28
723,87,23,20.5,False,2026-08-28
724,87,24,25,False,2026-08-23
725,87,25,23.5,False,2026-08-29
726,87,26,21.0,False,2026-08-28
727,87,27,20.0,False,2026-08-25
728,90,28,17.0,False,2026-08-27
729,90,29,20.0,False,2026-08-28
730,90,30,20.5,False,2026-08-30
731,90,31,19.5,False,2026-08-30
732,90,32,20.0,False,2026-08-26
733,93,23,18.5,False,2026-08-25
734,93,24,25,False,2026-08-26
735,93,25,22.0,False,2026-08-21
736,93,26,15.5,False,2026-08-19
737,93,27,15.0,False,2026-08-26
738,93,28,22.0,False,2026-08-23
739,93,29,24.0,False,2026-08-20
740,93,30,19.0,False,2026-08-22
741,93,31,17.0,False,2026-08-26
742,93,32,15.5,False,2026-08-26
743,94,23,22.5,False,2026-08-27
744,94,24,20.0,False,2026-08-28
745,94,25,23.0,False,2026-08-24
746,94,26,18.0,False,2026-08-27
747,94,27,19.5,False,2026-08-25
748,94,28,25,False,2026-08-27
749,94,29,22.5,False,2026-08-29
750,94,30,15.5,False,2026-08-24
751,94,31,20.0,False,2026-08-26
752,94,32,24.0,False,2026-08-29
753,96,23,23.0,False,2026-09-01
754,96,24,25,False,2026-08-30
755,96,25,22.5,False,2026-09-02
756,96,26,21.0,False,2026-08-30
757,96,27,15.0,False,2026-08-29
758,99,28,15.5,False,2026-08-27
759,99,29,22.5,False,2026-09-01
760,99,30,15.0,False,2026-08-30
761,99,31,18.5,False,2026-08-30
762,99,32,21.0,False,2026-08-27
763,102,23,16.5,False,2026-08-19
764,102,24,25,False,2026-08-17
765,102,25,15.0,False,2026-08-16
766,102,26,0.0,False,2026-08-22
767,102,27,18.5,False,2026-08-24
768,102,28,24.0,False,2026-08-16
769,102,29,23.5,False,2026-08-16
770,102,30,16.5,False,2026-08-23
771,102,31,10.0,False,2026-08-18
772,102,32,16.5,False,2026-08-16
773,103,23,17.0,False,2026-08-30
774,103,24,25,False,2026-08-30
775,103,25,25,False,2026-08-27
776,103,26,17.5,False,2026-08-25
777,103,27,19.0,False,2026-08-26
778,103,28,19.5,False,2026-08-29
779,103,29,17.0,False,2026-08-27
780,103,30,13.0,False,2026-08-28
781,103,31,24.0,False,2026-08-31
782,103,32,25,False,2026-08-31
783,105,23,19.5,False,2026-08-20
784,105,24,18.5,False,2026-08-22
785,105,25,24.0,False,2026-08-27
786,105,26,18.5,False,2026-08-23
787,105,27,20.0,False,2026-08-21
788,105,28,17.0,False,2026-08-22
789,105,29,19.5,False,2026-08-27
790,105,30,13.0,False,2026-08-24
791,105,31,18.0,False,2026-08-20
792,105,32,23.5,False,2026-08-27
793,106,23,25,False,2026-08-30
794,106,24,24.5,False,2026-08-28
795,106,25,25,False,2026-08-29
796,106,26,19.0,False,2026-08-26
797,106,27,17.0,False,2026-08-31
798,106,28,22.5,False,2026-08-28
799,106,29,20.0,False,2026-08-29
800,106,30,14.0,False,2026-08-29
801,106,31,19.0,False,2026-08-30
802,106,32,19.5,False,2026-08-31
803,108,23,23.0,False,2026-08-26
804,108,24,23.0,False,2026-08-19
805,108,25,18.0,False,2026-08-19
806,108,26,17.5,False,2026-08-20
807,108,27,15.5,False,2026-08-25
808,108,28,22.0,False,2026-08-22
809,108,29,18.0,False,2026-08-23
810,108,30,17.0,False,2026-08-25
811,108,31,18.5,False,2026-08-26
812,108,32,22.0,False,2026-08-20
813,109,23,21.5,False,2026-08-24
814,109,24,25,False,2026-08-30
815,109,25,23.0,False,2026-08-25
816,109,26,12.5,False,2026-08-30
817,109,27,20.5,False,2026-08-25
818,109,28,17.5,False,2026-08-26
819,109,29,21.5,False,2026-08-30
820,109,30,24.0,False,2026-08-27
821,109,31,14.0,False,2026-08-29
822,109,32,22.0,False,2026-08-25
823,111,79,10.5,False,2026-08-18
824,111,80,24.0,False,2026-08-15
825,111,81,19.5,False,2026-08-23
826,111,82,24.5,False,2026-08-16
827,111,83,24.0,False,2026-08-21
828,111,84,22.0,False,2026-08-17
829,111,85,21.5,False,2026-08-19
830,111,86,0.0,False,2026-08-16
831,111,87,23.5,False,2026-08-18
832,111,88,0.0,False,2026-08-23
833,112,79,19.5,False,2026-08-27
834,112,80,23.0,False,2026-09-01
835,112,81,21.5,False,2026-09-01
836,112,82,22.5,False,2026-08-31
837,112,83,23.0,False,2026-08-30
838,112,84,24.5,False,2026-09-01
839,112,85,20.0,False,2026-08-31
840,112,86,19.5,False,2026-08-28
841,112,87,25,False,2026-08-30
842,112,88,15.5,False,2026-08-28
843,114,79,16.5,False,2026-08-22
844,114,80,19.0,False,2026-08-18
845,114,81,21.0,False,2026-08-21
846,114,82,19.0,False,2026-08-20
847,114,83,24.5,False,2026-08-18
848,114,84,20.0,False,2026-08-21
849,114,85,19.0,False,2026-08-16
850,114,86,20.5,False,2026-08-16
851,114,87,23.0,False,2026-08-23
852,114,88,13.5,False,2026-08-19
853,115,79,19.0,False,2026-08-28
854,115,80,0.0,True,2026-08-24
855,115,81,21.5,False,2026-08-27
856,115,82,25,False,2026-08-27
857,115,83,22.5,False,2026-08-25
858,115,84,20.0,False,2026-08-22
859,115,85,22.0,False,2026-08-28
860,115,86,20.0,False,2026-08-23
861,115,87,24.0,False,2026-08-24
862,115,88,18.0,False,2026-08-24
863,117,79,17.5,False,2026-08-21
864,117,80,25,False,2026-08-19
865,117,81,22.0,False,2026-08-16
866,117,82,24.0,False,2026-08-21
867,117,83,18.0,False,2026-08-23
868,117,84,17.0,False,2026-08-16
869,117,85,22.0,False,2026-08-22
870,117,86,14.5,False,2026-08-20
871,117,87,25,False,2026-08-18
872,117,88,20.0,False,2026-08-18
873,118,79,17.0,False,2026-08-30
874,118,80,25,False,2026-08-27
875,118,81,24.5,False,2026-08-28
876,118,82,22.5,False,2026-08-29
877,118,83,25,False,2026-08-28
878,118,84,19.5,False,2026-08-29
879,118,85,22.0,False,2026-08-27
880,118,86,23.0,False,2026-08-27
881,118,87,25,False,2026-08-25
882,118,88,17.0,False,2026-08-30
883,120,79,14.5,False,2026-08-28
884,120,80,24.0,False,2026-08-27
885,120,81,19.5,False,2026-08-26
886,120,82,0.0,True,2026-08-24
887,120,83,23.0,False,2026-08-23
888,123,84,20.5,False,2026-09-01
889,123,85,24.0,False,2026-08-25
890,123,86,19.0,False,2026-08-24
891,123,87,21.5,False,2026-08-27
892,123,88,15.5,False,2026-08-25
893,126,79,16.0,False,2026-08-25
894,126,80,24.0,False,2026-08-19
895,126,81,21.5,False,2026-08-21
896,126,82,17.0,False,2026-08-18
897,126,83,21.0,False,2026-08-24
898,126,84,23.0,False,2026-08-19
899,126,85,23.5,False,2026-08-26
900,126,86,22.5,False,2026-08-18
901,126,87,24.5,False,2026-08-22
902,126,88,20.0,False,2026-08-23
903,127,79,9.5,False,2026-08-27
904,127,80,25,False,2026-08-29
905,127,81,20.0,False,2026-08-31
906,127,82,23.0,False,2026-09-01
907,127,83,25,False,2026-08-30
908,127,84,21.5,False,2026-08-29
909,127,85,21.5,False,2026-08-30
910,127,86,19.0,False,2026-08-30
911,127,87,24.0,False,2026-08-31
912,127,88,15.0,False,2026-08-28
913,129,79,19.0,False,2026-08-27
914,129,80,21.5,False,2026-08-27
915,129,81,20.0,False,2026-08-27
916,129,82,0.0,True,2026-08-27
917,129,83,21.5,False,2026-08-29
918,132,84,24.5,False,2026-09-03
919,132,85,23.0,False,2026-09-02
920,132,86,16.5,False,2026-09-03
921,132,87,25,False,2026-09-01
922,132,88,18.0,False,2026-09-03
923,135,79,18.0,False,2026-08-24
924,135,80,23.0,False,2026-08-25
925,135,81,22.0,False,2026-08-20
926,135,82,24.0,False,2026-08-19
927,135,83,24.0,False,2026-08-23
928,135,84,23.5,False,2026-08-18
929,135,85,21.5,False,2026-08-21
930,135,86,23.5,False,2026-08-25
931,135,87,24.5,False,2026-08-25
932,135,88,18.5,False,2026-08-22
933,136,79,24.0,False,2026-08-30
934,136,80,25,False,2026-08-30
935,136,81,19.0,False,2026-08-29
936,136,82,23.0,False,2026-08-30
937,136,83,16.5,False,2026-08-25
938,136,84,19.5,False,2026-08-26
939,136,85,20.5,False,2026-08-24
940,136,86,18.0,False,2026-08-30
941,136,87,25,False,2026-08-30
942,136,88,17.0,False,2026-08-26
943,138,79,18.0,False,2026-08-16
944,138,80,15.0,False,2026-08-16
945,138,81,21.5,False,2026-08-15
946,138,82,23.0,False,2026-08-22
947,138,83,22.0,False,2026-08-22
948,138,84,23.0,False,2026-08-18
949,138,85,17.0,False,2026-08-22
950,138,86,18.0,False,2026-08-16
951,138,87,0.0,False,2026-08-18
952,138,88,16.0,False,2026-08-23
953,139,79,17.5,False,2026-08-27
954,139,80,25,False,2026-08-22
955,139,81,24.0,False,2026-08-26
956,139,82,25,False,2026-08-22
957,139,83,25,False,2026-08-23
958,139,84,19.5,False,2026-08-26
959,139,85,20.5,False,2026-08-22
960,139,86,18.0,False,2026-08-27
961,139,87,25,False,2026-08-23
962,139,88,22.0,False,2026-08-27
963,141,79,13.0,False,2026-08-25
964,141,80,25,False,2026-08-31
965,141,81,23.0,False,2026-08-31
966,141,82,25,False,2026-08-25
967,141,83,20.0,False,2026-08-25
968,144,84,25,False,2026-08-25
969,144,85,24.5,False,2026-08-31
970,144,86,18.0,False,2026-08-26
971,144,87,19.5,False,2026-09-01
972,144,88,14.5,False,2026-08-29
973,147,79,18.5,False,2026-08-19
974,147,80,24.5,False,2026-08-20
975,147,81,21.5,False,2026-08-20
976,147,82,24.5,False,2026-08-26
977,147,83,19.0,False,2026-08-19
978,147,84,21.5,False,2026-08-22
979,147,85,20.5,False,2026-08-22
980,147,86,16.5,False,2026-08-19
981,147,87,25,False,2026-08-25
982,147,88,19.5,False,2026-08-19
983,148,79,20.0,False,2026-08-27
984,148,80,25,False,2026-08-23
985,148,81,23.0,False,2026-08-22
986,148,82,24.5,False,2026-08-24
987,148,83,22.5,False,2026-08-24
988,148,84,25,False,2026-08-25
989,148,85,20.0,False,2026-08-23
990,148,86,19.0,False,2026-08-24
991,148,87,25,False,2026-08-28
992,148,88,20.0,False,2026-08-23
993,150,79,19.5,False,2026-08-19
994,150,80,18.5,False,2026-08-24
995,150,81,23.5,False,2026-08-19
996,150,82,21.5,False,2026-08-26
997,150,83,24.5,False,2026-08-27
998,150,84,24.0,False,2026-08-19
999,150,85,16.0,False,2026-08-27
1000,150,86,20.0,False,2026-08-20
1001,150,87,23.0,False,2026-08-23
1002,150,88,17.5,False,2026-08-21
1003,151,79,18.0,False,2026-08-28
1004,151,80,25,False,2026-08-24
1005,151,81,23.0,False,2026-08-26
1006,151,82,21.5,False,2026-08-24
1007,151,83,20.0,False,2026-08-27
1008,151,84,23.0,False,2026-08-25
1009,151,85,12.5,False,2026-08-26
1010,151,86,21.5,False,2026-08-23
1011,151,87,25,False,2026-08-22
1012,151,88,18.0,False,2026-08-23
1013,154,33,17.5,False,2026-08-22
1014,154,34,22.0,False,2026-08-25
1015,154,35,23.0,False,2026-08-27
1016,154,36,21.0,False,2026-08-25
1017,154,37,0.0,False,2026-08-23
1018,154,38,12.5,False,2026-08-20
1019,155,33,23.0,False,2026-08-29
1020,155,34,22.5,False,2026-08-26
1021,155,35,24.5,False,2026-08-26
1022,155,36,19.0,False,2026-08-26
1023,155,37,22.5,False,2026-08-27
1024,155,38,18.0,False,2026-08-26
1025,157,33,25,False,2026-08-18
1026,157,34,0.0,False,2026-08-20
1027,157,35,23.5,False,2026-08-20
1028,157,36,19.5,False,2026-08-19
1029,157,37,20.5,False,2026-08-16
1030,157,38,17.0,False,2026-08-24
1031,158,33,25,False,2026-08-24
1032,158,34,23.0,False,2026-08-23
1033,158,35,21.5,False,2026-08-24
1034,158,36,23.0,False,2026-08-26
1035,158,37,20.5,False,2026-08-23
1036,158,38,20.0,False,2026-08-23
1037,160,33,24.5,False,2026-08-28
1038,160,34,16.5,False,2026-08-23
1039,160,35,25,False,2026-08-23
1040,163,36,14.5,False,2026-08-25
1041,163,37,21.0,False,2026-08-26
1042,163,38,16.5,False,2026-08-30
1043,166,33,25,False,2026-08-27
1044,166,34,22.5,False,2026-08-25
1045,166,35,23.0,False,2026-08-24
1046,166,36,20.0,False,2026-08-26
1047,166,37,21.0,False,2026-08-26
1048,166,38,14.5,False,2026-08-24
1049,167,33,25,False,2026-08-28
1050,167,34,20.5,False,2026-08-26
1051,167,35,22.0,False,2026-08-27
1052,167,36,23.0,False,2026-08-23
1053,167,37,21.5,False,2026-08-22
1054,167,38,15.0,False,2026-08-26
1055,169,33,24.0,False,2026-08-30
1056,169,34,19.0,False,2026-08-22
1057,169,35,20.5,False,2026-08-24
1058,172,36,20.0,False,2026-08-28
1059,172,37,20.5,False,2026-08-31
1060,172,38,21.5,False,2026-08-28
1061,175,33,24.0,False,2026-08-26
1062,175,34,14.0,False,2026-08-22
1063,175,35,23.5,False,2026-08-24
1064,175,36,20.5,False,2026-08-19
1065,175,37,22.5,False,2026-08-19
1066,175,38,19.0,False,2026-08-22
1067,176,33,25,False,2026-08-28
1068,176,34,20.5,False,2026-08-28
1069,176,35,20.5,False,2026-08-31
1070,176,36,21.5,False,2026-08-25
1071,176,37,25,False,2026-08-29
1072,176,38,22.5,False,2026-08-31
1073,178,33,24.5,False,2026-08-20
1074,178,34,21.5,False,2026-08-23
1075,178,35,17.0,False,2026-08-27
1076,178,36,15.5,False,2026-08-25
1077,178,37,20.5,False,2026-08-23
1078,178,38,16.0,False,2026-08-26
1079,179,33,25,False,2026-08-28
1080,179,34,23.0,False,2026-08-29
1081,179,35,22.0,False,2026-08-26
1082,179,36,20.5,False,2026-08-30
1083,179,37,20.5,False,2026-08-30
1084,179,38,18.0,False,2026-08-29
1085,181,89,24.0,False,2026-08-17
1086,181,90,22.0,False,2026-08-17
1087,181,91,13.0,False,2026-08-16
1088,181,92,16.5,False,2026-08-15
1089,181,93,21.0,False,2026-08-18
1090,181,94,19.0,False,2026-08-15
1091,182,89,24.0,False,2026-08-31
1092,182,90,25,False,2026-09-01
1093,182,91,12.0,False,2026-08-31
1094,182,92,18.0,False,2026-08-28
1095,182,93,25,False,2026-09-01
1096,182,94,25,False,2026-08-31
1097,184,89,23.5,False,2026-08-22
1098,184,90,16.5,False,2026-08-26
1099,184,91,11.0,False,2026-08-21
1100,184,92,19.5,False,2026-08-26
1101,184,93,21.5,False,2026-08-19
1102,184,94,23.5,False,2026-08-20
1103,185,89,22.0,False,2026-08-25
1104,185,90,22.0,False,2026-08-28
1105,185,91,17.0,False,2026-08-27
1106,185,92,19.0,False,2026-08-24
1107,185,93,20.0,False,2026-08-26
1108,185,94,25,False,2026-08-26
1109,187,89,23.0,False,2026-08-19
1110,187,90,23.0,False,2026-08-21
1111,187,91,13.0,False,2026-08-19
1112,187,92,18.0,False,2026-08-25
1113,187,93,0.0,False,2026-08-22
1114,187,94,23.5,False,2026-08-23
1115,188,89,22.0,False,2026-08-22
1116,188,90,23.0,False,2026-08-27
1117,188,91,9.5,False,2026-08-23
1118,188,92,12.5,False,2026-08-23
1119,188,93,23.0,False,2026-08-24
1120,188,94,25,False,2026-08-28
1121,190,89,21.5,False,2026-08-26
1122,190,90,19.0,False,2026-08-26
1123,190,91,11.0,False,2026-08-27
1124,193,92,15.5,False,2026-08-29
1125,193,93,24.5,False,2026-08-29
1126,193,94,24.5,False,2026-08-23
1127,196,89,23.0,False,2026-08-17
1128,196,90,22.5,False,2026-08-21
1129,196,91,13.5,False,2026-08-23
1130,196,92,14.5,False,2026-08-20
1131,196,93,19.0,False,2026-08-25
1132,196,94,18.0,False,2026-08-20
1133,197,89,25,False,2026-08-30
1134,197,90,25,False,2026-08-27
1135,197,91,16.5,False,2026-09-01
1136,197,92,16.5,False,2026-08-28
1137,197,93,25,False,2026-08-27
1138,197,94,25,False,2026-08-29
1139,199,89,22.5,False,2026-08-24
1140,199,90,23.5,False,2026-08-29
1141,199,91,4.5,False,2026-08-25
1142,202,92,14.0,False,2026-08-25
1143,202,93,25,False,2026-08-29
1144,202,94,25,False,2026-08-27
1145,205,89,24.0,False,2026-08-19
1146,205,90,22.5,False,2026-08-17
1147,205,91,11.0,False,2026-08-19
1148,205,92,18.5,False,2026-08-18
1149,205,93,20.0,False,2026-08-23
1150,205,94,25,False,2026-08-17
1151,206,89,25,False,2026-08-25
1152,206,90,15.0,False,2026-08-28
1153,206,91,9.0,False,2026-08-30
1154,206,92,19.5,False,2026-08-30
1155,206,93,20.0,False,2026-08-26
1156,206,94,25,False,2026-08-26
1157,208,89,23.5,False,2026-08-24
1158,208,90,20.5,False,2026-08-21
1159,208,91,10.0,False,2026-08-24
1160,208,92,17.5,False,2026-08-21
1161,208,93,21.5,False,2026-08-21
1162,208,94,24.5,False,2026-08-22
1163,209,89,19.5,False,2026-08-24
1164,209,90,25,False,2026-08-26
1165,209,91,16.5,False,2026-08-25
1166,209,92,20.5,False,2026-08-25
1167,209,93,21.5,False,2026-08-24
1168,209,94,25,False,2026-08-26
1169,211,89,25,False,2026-08-27
1170,211,90,22.5,False,2026-08-26
1171,211,91,9.5,False,2026-09-01
1172,214,92,17.0,False,2026-08-27
1173,214,93,25,False,2026-09-02
1174,214,94,24.5,False,2026-08-30
1175,217,89,24.0,False,2026-08-21
1176,217,90,21.0,False,2026-08-22
1177,217,91,10.5,False,2026-08-19
1178,217,92,16.5,False,2026-08-25
1179,217,93,21.5,False,2026-08-25
1180,217,94,24.5,False,2026-08-22
1181,218,89,24.0,False,2026-08-23
1182,218,90,17.0,False,2026-08-23
1183,218,91,12.5,False,2026-08-25
1184,218,92,19.5,False,2026-08-28
1185,218,93,24.0,False,2026-08-27
1186,218,94,25,False,2026-08-26
1187,220,89,22.0,False,2026-08-23
1188,220,90,24.5,False,2026-08-18
1189,220,91,8.5,False,2026-08-16
1190,220,92,16.5,False,2026-08-20
1191,220,93,22.5,False,2026-08-15
1192,220,94,23.0,False,2026-08-21
1193,221,89,23.0,False,2026-08-26
1194,221,90,25,False,2026-08-28
1195,221,91,14.5,False,2026-08-23
1196,221,92,18.0,False,2026-08-27
1197,221,93,25,False,2026-08-23
1198,221,94,25,False,2026-08-24
1199,224,39,22.5,False,2026-08-22
1200,224,40,16.0,False,2026-08-22
1201,224,41,24.5,False,2026-08-16
1202,224,42,13.5,False,2026-08-21
1203,224,43,18.0,False,2026-08-21
1204,224,44,24.5,False,2026-08-19
1205,225,39,20.5,False,2026-08-26
1206,225,40,14.0,False,2026-08-30
1207,225,41,25,False,2026-08-26
1208,225,42,20.5,False,2026-08-28
1209,225,43,25,False,2026-08-25
1210,225,44,22.0,False,2026-08-25
1211,227,39,21.5,False,2026-08-16
1212,227,40,17.0,False,2026-08-19
1213,227,41,24.0,False,2026-08-22
1214,227,42,21.0,False,2026-08-22
1215,227,43,25,False,2026-08-18
1216,227,44,24.5,False,2026-08-17
1217,228,39,20.0,False,2026-08-27
1218,228,40,19.0,False,2026-09-01
1219,228,41,24.0,False,2026-08-30
1220,228,42,17.5,False,2026-08-26
1221,228,43,25,False,2026-08-27
1222,228,44,19.5,False,2026-08-30
1223,230,39,20.0,False,2026-08-23
1224,230,40,19.0,False,2026-08-20
1225,230,41,25,False,2026-08-21
1226,230,42,16.0,False,2026-08-25
1227,230,43,25,False,2026-08-21
1228,230,44,24.5,False,2026-08-24
1229,231,39,20.0,False,2026-08-25
1230,231,40,19.5,False,2026-08-27
1231,231,41,23.0,False,2026-08-30
1232,231,42,18.0,False,2026-08-28
1233,231,43,25,False,2026-08-29
1234,231,44,23.0,False,2026-08-30
1235,233,39,15.5,False,2026-08-19
1236,233,40,17.5,False,2026-08-22
1237,233,41,24.5,False,2026-08-20
1238,233,42,23.0,False,2026-08-20
1239,233,43,11.0,False,2026-08-19
1240,233,44,23.5,False,2026-08-26
1241,234,39,0.0,True,2026-08-31
1242,234,40,22.0,False,2026-08-31
1243,234,41,25,False,2026-09-01
1244,234,42,25,False,2026-08-31
1245,234,43,25,False,2026-09-01
1246,234,44,25,False,2026-08-31
1247,236,39,20.0,False,2026-08-29
1248,236,40,15.0,False,2026-08-25
1249,236,41,25,False,2026-08-27
1250,239,42,21.5,False,2026-08-31
1251,239,43,22.5,False,2026-08-29
1252,239,44,25,False,2026-08-29
1253,242,39,18.5,False,2026-08-18
1254,242,40,16.5,False,2026-08-25
1255,242,41,25,False,2026-08-21
1256,242,42,18.5,False,2026-08-18
1257,242,43,0.0,False,2026-08-19
1258,242,44,23.0,False,2026-08-20
1259,243,39,25,False,2026-08-26
1260,243,40,14.5,False,2026-08-31
1261,243,41,22.5,False,2026-08-27
1262,243,42,25,False,2026-08-28
1263,243,43,25,False,2026-08-27
1264,243,44,23.0,False,2026-08-30
1265,245,39,22.5,False,2026-08-25
1266,245,40,14.5,False,2026-08-25
1267,245,41,25,False,2026-08-28
1268,248,42,17.0,False,2026-08-30
1269,248,43,25,False,2026-08-28
1270,248,44,24.5,False,2026-08-25
1271,251,39,20.5,False,2026-08-27
1272,251,40,17.5,False,2026-08-26
1273,251,41,23.5,False,2026-08-26
1274,254,42,15.5,False,2026-08-27
1275,254,43,25,False,2026-08-30
1276,254,44,25,False,2026-08-31
1277,257,95,18.0,False,2026-08-23
1278,257,96,23.5,False,2026-08-18
1279,257,97,15.0,False,2026-08-19
1280,257,98,21.0,False,2026-08-26
1281,257,99,12.5,False,2026-08-20
1282,257,100,18.0,False,2026-08-18
1283,258,95,18.0,False,2026-08-27
1284,258,96,21.5,False,2026-08-28
1285,258,97,15.0,False,2026-08-23
1286,258,98,25,False,2026-08-23
1287,258,99,12.0,False,2026-08-28
1288,258,100,21.5,False,2026-08-27
1289,260,95,19.5,False,2026-08-23
1290,260,96,24.5,False,2026-08-17
1291,260,97,24.0,False,2026-08-18
1292,260,98,23.0,False,2026-08-18
1293,260,99,12.0,False,2026-08-25
1294,260,100,11.5,False,2026-08-25
1295,261,95,17.5,False,2026-08-25
1296,261,96,21.5,False,2026-08-30
1297,261,97,15.5,False,2026-08-25
1298,261,98,24.0,False,2026-08-28
1299,261,99,15.5,False,2026-08-28
1300,261,100,12.5,False,2026-08-29
1301,263,95,11.5,False,2026-08-28
1302,263,96,19.5,False,2026-08-24
1303,263,97,19.5,False,2026-08-28
1304,266,98,24.5,False,2026-08-31
1305,266,99,12.0,False,2026-08-30
1306,266,100,13.0,False,2026-08-31
1307,269,95,16.5,False,2026-08-18
1308,269,96,9.5,False,2026-08-23
1309,269,97,18.5,False,2026-08-25
1310,269,98,20.0,False,2026-08-20
1311,269,99,15.5,False,2026-08-18
1312,269,100,20.5,False,2026-08-17
1313,270,95,16.5,False,2026-08-27
1314,270,96,22.0,False,2026-08-30
1315,270,97,22.5,False,2026-08-29
1316,270,98,25,False,2026-08-27
1317,270,99,16.5,False,2026-08-30
1318,270,100,18.0,False,2026-08-25
1319,272,95,16.0,False,2026-08-22
1320,272,96,22.0,False,2026-08-18
1321,272,97,19.0,False,2026-08-18
1322,272,98,24.5,False,2026-08-22
1323,272,99,14.0,False,2026-08-22
1324,272,100,16.0,False,2026-08-21
1325,273,95,15.5,False,2026-09-01
1326,273,96,22.0,False,2026-08-30
1327,273,97,19.0,False,2026-08-31
1328,273,98,25,False,2026-09-01
1329,273,99,9.0,False,2026-08-28
1330,273,100,24.0,False,2026-08-29
1331,275,95,16.5,False,2026-08-22
1332,275,96,22.5,False,2026-08-24
1333,275,97,19.5,False,2026-08-19
1334,275,98,21.5,False,2026-08-18
1335,275,99,12.0,False,2026-08-22
1336,275,100,15.5,False,2026-08-23
1337,276,95,17.5,False,2026-08-25
1338,276,96,20.0,False,2026-08-25
1339,276,97,19.5,False,2026-08-22
1340,276,98,24.5,False,2026-08-28
1341,276,99,9.0,False,2026-08-22
1342,276,100,17.5,False,2026-08-25
1343,278,95,17.5,False,2026-08-25
1344,278,96,24.5,False,2026-08-26
1345,278,97,22.0,False,2026-08-24
1346,281,98,21.5,False,2026-09-02
1347,281,99,20.0,False,2026-08-28
1348,281,100,17.0,False,2026-08-30
1349,284,95,16.5,False,2026-09-02
1350,284,96,25,False,2026-08-28
1351,284,97,20.5,False,2026-09-02
1352,287,98,25,False,2026-08-31
1353,287,99,11.5,False,2026-08-24
1354,287,100,14.0,False,2026-08-24
1355,290,95,16.0,False,2026-08-29
1356,290,96,25,False,2026-08-30
1357,290,97,17.5,False,2026-08-31
1358,293,98,25,False,2026-08-29
1359,293,99,13.5,False,2026-08-28
1360,293,100,12.0,False,2026-08-31
1361,296,95,17.0,False,2026-08-22
1362,296,96,20.0,False,2026-08-17
1363,296,97,19.0,False,2026-08-24
1364,296,98,15.0,False,2026-08-18
1365,296,99,13.0,False,2026-08-18
1366,296,100,0.0,False,2026-08-22
1367,297,95,16.5,False,2026-08-31
1368,297,96,20.5,False,2026-09-01
1369,297,97,22.0,False,2026-09-01
1370,297,98,25,False,2026-08-29
1371,297,99,14.0,False,2026-08-30
1372,297,100,19.0,False,2026-08-27
1373,299,95,18.0,False,2026-08-20
1374,299,96,20.0,False,2026-08-20
1375,299,97,17.0,False,2026-08-19
1376,299,98,22.0,False,2026-08-20
1377,299,99,12.0,False,2026-08-18
1378,299,100,16.0,False,2026-08-18
1379,300,95,15.5,False,2026-08-28
1380,300,96,22.0,False,2026-08-24
1381,300,97,18.0,False,2026-08-28
1382,300,98,20.5,False,2026-08-24
1383,300,99,12.5,False,2026-08-27
1384,300,100,12.0,False,2026-08-26
1385,303,45,16.5,False,2026-08-22
1386,303,46,21.5,False,2026-08-22
1387,303,47,18.5,False,2026-08-20
1388,303,48,21.5,False,2026-08-16
1389,303,49,13.5,False,2026-08-18
1390,303,50,22.0,False,2026-08-17
1391,304,45,20.0,False,2026-08-30
1392,304,46,18.0,False,2026-08-29
1393,304,47,21.5,False,2026-08-28
1394,304,48,22.0,False,2026-08-28
1395,304,49,19.0,False,2026-08-27
1396,304,50,23.0,False,2026-08-30
1397,306,45,22.5,False,2026-08-19
1398,306,46,19.0,False,2026-08-20
1399,306,47,23.5,False,2026-08-20
1400,306,48,20.0,False,2026-08-16
1401,306,49,19.5,False,2026-08-20
1402,306,50,22.0,False,2026-08-16
1403,307,45,19.5,False,2026-08-30
1404,307,46,19.5,False,2026-08-30
1405,307,47,22.0,False,2026-09-01
1406,307,48,24.0,False,2026-08-29
1407,307,49,22.5,False,2026-08-27
1408,307,50,24.0,False,2026-08-30
1409,309,45,18.0,False,2026-08-21
1410,309,46,19.0,False,2026-08-22
1411,309,47,23.5,False,2026-08-19
1412,309,48,19.5,False,2026-08-20
1413,309,49,18.0,False,2026-08-20
1414,309,50,24.5,False,2026-08-23
1415,310,45,25,False,2026-08-31
1416,310,46,21.5,False,2026-08-29
1417,310,47,22.5,False,2026-08-30
1418,310,48,21.5,False,2026-08-27
1419,310,49,20.0,False,2026-08-29
1420,310,50,25,False,2026-08-27
1421,312,45,22.0,False,2026-08-20
1422,312,46,20.5,False,2026-08-17
1423,312,47,0.0,False,2026-08-20
1424,312,48,20.5,False,2026-08-21
1425,312,49,18.5,False,2026-08-23
1426,312,50,22.0,False,2026-08-16
1427,313,45,25,False,2026-08-29
1428,313,46,16.5,False,2026-08-30
1429,313,47,22.5,False,2026-08-29
1430,313,48,19.5,False,2026-08-25
1431,313,49,15.0,False,2026-08-27
1432,313,50,17.5,False,2026-08-29
1433,315,45,20.5,False,2026-08-26
1434,315,46,15.5,False,2026-08-23
1435,315,47,18.0,False,2026-08-22
1436,315,48,22.0,False,2026-08-24
1437,315,49,19.5,False,2026-08-23
1438,315,50,23.5,False,2026-08-26
1439,316,45,25,False,2026-08-29
1440,316,46,20.5,False,2026-08-27
1441,316,47,22.5,False,2026-08-26
1442,316,48,23.0,False,2026-08-31
1443,316,49,21.5,False,2026-09-01
1444,316,50,17.0,False,2026-09-01
1445,318,45,22.5,False,2026-08-20
1446,318,46,20.5,False,2026-08-18
1447,318,47,21.5,False,2026-08-23
1448,318,48,23.0,False,2026-08-26
1449,318,49,17.0,False,2026-08-25
1450,318,50,20.5,False,2026-08-24
1451,319,45,22.5,False,2026-08-26
1452,319,46,20.0,False,2026-08-22
1453,319,47,23.0,False,2026-08-24
1454,319,48,20.0,False,2026-08-26
1455,319,49,19.5,False,2026-08-22
1456,319,50,25,False,2026-08-24
1457,321,45,21.5,False,2026-08-26
1458,321,46,24.0,False,2026-08-27
1459,321,47,25,False,2026-08-27
1460,324,48,22.5,False,2026-08-29
1461,324,49,18.5,False,2026-08-30
1462,324,50,17.5,False,2026-08-31
1463,327,101,19.0,False,2026-08-19
1464,327,102,20.5,False,2026-08-22
1465,327,103,17.5,False,2026-08-17
1466,327,104,19.0,False,2026-08-20
1467,327,105,18.5,False,2026-08-22
1468,327,106,25,False,2026-08-23
1469,328,101,18.0,False,2026-08-26
1470,328,102,22.0,False,2026-08-27
1471,328,103,24.0,False,2026-08-27
1472,328,104,22.5,False,2026-08-29
1473,328,105,19.5,False,2026-08-31
1474,328,106,25,False,2026-08-31
1475,330,101,20.0,False,2026-08-25
1476,330,102,18.0,False,2026-08-21
1477,330,103,23.0,False,2026-08-22
1478,330,104,14.0,False,2026-08-19
1479,330,105,16.5,False,2026-08-21
1480,330,106,25,False,2026-08-26
1481,331,101,18.0,False,2026-08-27
1482,331,102,24.5,False,2026-08-23
1483,331,103,18.0,False,2026-08-23
1484,331,104,14.5,False,2026-08-25
1485,331,105,25,False,2026-08-23
1486,331,106,25,False,2026-08-27
1487,333,101,19.5,False,2026-08-24
1488,333,102,19.0,False,2026-08-23
1489,333,103,15.5,False,2026-08-24
1490,333,104,15.5,False,2026-08-17
1491,333,105,0.0,False,2026-08-18
1492,333,106,25,False,2026-08-17
1493,334,101,25,False,2026-08-25
1494,334,102,22.5,False,2026-08-25
1495,334,103,20.5,False,2026-08-26
1496,334,104,19.0,False,2026-08-28
1497,334,105,20.5,False,2026-08-26
1498,334,106,25,False,2026-08-25
1499,336,101,22.5,False,2026-08-25
1500,336,102,24.5,False,2026-09-01
1501,336,103,23.0,False,2026-09-01
1502,339,104,17.5,False,2026-08-27
1503,339,105,20.0,False,2026-08-26
1504,339,106,24.0,False,2026-08-30
1505,342,101,21.5,False,2026-08-22
1506,342,102,17.0,False,2026-08-22
1507,342,103,17.5,False,2026-08-21
1508,342,104,17.5,False,2026-08-21
1509,342,105,19.5,False,2026-08-26
1510,342,106,25,False,2026-08-24
1511,343,101,21.5,False,2026-08-26
1512,343,102,18.0,False,2026-08-30
1513,343,103,18.0,False,2026-08-28
1514,343,104,16.5,False,2026-08-29
1515,343,105,20.0,False,2026-08-27
1516,343,106,25,False,2026-09-01
1517,345,101,20.0,False,2026-08-29
1518,345,102,18.0,False,2026-09-01
1519,345,103,24.5,False,2026-08-31
1520,348,104,16.5,False,2026-08-26
1521,348,105,19.5,False,2026-08-25
1522,348,106,25,False,2026-08-25
1523,351,101,12.0,False,2026-08-21
1524,351,102,0.0,False,2026-08-23
1525,351,103,22.0,False,2026-08-24
1526,351,104,16.0,False,2026-08-20
1527,351,105,21.5,False,2026-08-16
1528,351,106,25,False,2026-08-22
1529,352,101,17.5,False,2026-08-24
1530,352,102,22.5,False,2026-08-24
1531,352,103,24.0,False,2026-08-25
1532,352,104,12.0,False,2026-08-27
1533,352,105,19.5,False,2026-08-29
1534,352,106,25,False,2026-08-24
1535,354,101,18.0,False,2026-08-20
1536,354,102,13.5,False,2026-08-24
1537,354,103,21.5,False,2026-08-20
1538,354,104,0.0,False,2026-08-16
1539,354,105,18.5,False,2026-08-24
1540,354,106,25,False,2026-08-17
1541,355,101,22.5,False,2026-08-22
1542,355,102,17.0,False,2026-08-28
1543,355,103,20.0,False,2026-08-28
1544,355,104,17.5,False,2026-08-27
1545,355,105,19.5,False,2026-08-27
1546,355,106,25,False,2026-08-25
1547,357,101,21.5,False,2026-08-27
1548,357,102,17.0,False,2026-08-29
1549,357,103,24.0,False,2026-08-28
1550,360,104,20.5,False,2026-09-01
1551,360,105,19.0,False,2026-08-26
1552,360,106,22.0,False,2026-08-24
1553,363,101,0.0,False,2026-08-17
1554,363,102,12.5,False,2026-08-23
1555,363,103,19.0,False,2026-08-21
1556,363,104,18.0,False,2026-08-16
1557,363,105,20.5,False,2026-08-24
1558,363,106,24.0,False,2026-08-20
1559,364,101,16.5,False,2026-08-28
1560,364,102,17.5,False,2026-08-24
1561,364,103,24.5,False,2026-08-23
1562,364,104,17.5,False,2026-08-23
1563,364,105,18.0,False,2026-08-28
1564,364,106,24.5,False,2026-08-24
1565,366,101,18.5,False,2026-08-20
1566,366,102,18.0,False,2026-08-19
1567,366,103,21.0,False,2026-08-22
1568,366,104,0.0,False,2026-08-24
1569,366,105,14.5,False,2026-08-22
1570,366,106,25,False,2026-08-20
1571,367,101,16.5,False,2026-08-27
1572,367,102,19.0,False,2026-08-22
1573,367,103,24.0,False,2026-08-26
1574,367,104,15.5,False,2026-08-24
1575,367,105,19.5,False,2026-08-22
1576,367,106,25,False,2026-08-27
1577,370,51,0.0,False,2026-08-19
1578,370,52,22.0,False,2026-08-22
1579,370,53,21.0,False,2026-08-18
1580,370,54,21.0,False,2026-08-21
1581,370,55,19.0,False,2026-08-24
1582,370,56,23.5,False,2026-08-22
1583,371,51,15.0,False,2026-08-25
1584,371,52,25,False,2026-08-29
1585,371,53,15.0,False,2026-08-24
1586,371,54,21.5,False,2026-08-27
1587,371,55,17.0,False,2026-08-25
1588,371,56,25,False,2026-08-24
1589,373,51,20.5,False,2026-08-24
1590,373,52,15.0,False,2026-08-20
1591,373,53,20.5,False,2026-08-23
1592,373,54,21.5,False,2026-08-18
1593,373,55,16.5,False,2026-08-16
1594,373,56,18.5,False,2026-08-19
1595,374,51,24.0,False,2026-08-26
1596,374,52,22.0,False,2026-08-22
1597,374,53,19.0,False,2026-08-24
1598,374,54,20.0,False,2026-08-28
1599,374,55,25,False,2026-08-23
1600,374,56,25,False,2026-08-22
1601,376,51,16.5,False,2026-08-23
1602,376,52,24.0,False,2026-08-19
1603,376,53,19.5,False,2026-08-21
1604,376,54,18.0,False,2026-08-18
1605,376,55,0.0,False,2026-08-16
1606,376,56,23.5,False,2026-08-22
1607,377,51,21.5,False,2026-08-31
1608,377,52,21.5,False,2026-08-30
1609,377,53,22.5,False,2026-08-27
1610,377,54,19.0,False,2026-08-25
1611,377,55,19.5,False,2026-08-31
1612,377,56,24.5,False,2026-08-28
1613,379,51,13.5,False,2026-08-26
1614,379,52,21.5,False,2026-08-22
1615,379,53,19.0,False,2026-08-26
1616,379,54,23.0,False,2026-08-19
1617,379,55,20.0,False,2026-08-27
1618,379,56,21.5,False,2026-08-20
1619,380,51,18.0,False,2026-08-31
1620,380,52,24.5,False,2026-09-01
1621,380,53,17.0,False,2026-09-01
1622,380,54,22.5,False,2026-08-28
1623,380,55,21.5,False,2026-08-29
1624,380,56,25,False,2026-09-01
1625,382,51,20.0,False,2026-08-28
1626,382,52,22.0,False,2026-08-26
1627,382,53,17.5,False,2026-08-27
1628,385,54,20.5,False,2026-08-28
1629,385,55,18.0,False,2026-08-30
1630,385,56,25,False,2026-08-28
1631,388,51,19.0,False,2026-08-16
1632,388,52,20.5,False,2026-08-18
1633,388,53,18.5,False,2026-08-22
1634,388,54,23.5,False,2026-08-21
1635,388,55,19.0,False,2026-08-21
1636,388,56,0.0,False,2026-08-16
1637,389,51,24.0,False,2026-08-27
1638,389,52,23.0,False,2026-08-27
1639,389,53,20.5,False,2026-08-27
1640,389,54,25,False,2026-08-30
1641,389,55,22.0,False,2026-08-29
1642,389,56,24.0,False,2026-08-30
1643,391,51,19.0,False,2026-08-28
1644,391,52,21.0,False,2026-08-24
1645,391,53,0.0,True,2026-08-28
1646,394,54,18.0,False,2026-09-01
1647,394,55,20.0,False,2026-08-26
1648,394,56,25,False,2026-08-31
1649,397,107,19.5,False,2026-08-22
1650,397,108,14.5,False,2026-08-18
1651,397,109,24.0,False,2026-08-23
1652,397,110,25,False,2026-08-24
1653,397,111,23.5,False,2026-08-24
1654,397,112,24.5,False,2026-08-20
1655,398,107,17.5,False,2026-08-28
1656,398,108,14.0,False,2026-08-27
1657,398,109,22.0,False,2026-08-26
1658,398,110,25,False,2026-08-28
1659,398,111,20.0,False,2026-08-23
1660,398,112,25,False,2026-08-24
1661,400,107,16.0,False,2026-08-24
1662,400,108,16.0,False,2026-08-27
1663,400,109,24.0,False,2026-08-23
1664,400,110,24.5,False,2026-08-24
1665,400,111,18.0,False,2026-08-21
1666,400,112,24.0,False,2026-08-25
1667,401,107,14.5,False,2026-09-01
1668,401,108,19.0,False,2026-08-30
1669,401,109,25,False,2026-08-29
1670,401,110,25,False,2026-08-31
1671,401,111,24.0,False,2026-08-26
1672,401,112,25,False,2026-08-31
1673,403,107,0.0,False,2026-08-24
1674,403,108,9.5,False,2026-08-20
1675,403,109,16.0,False,2026-08-25
1676,403,110,25,False,2026-08-25
1677,403,111,24.5,False,2026-08-19
1678,403,112,22.0,False,2026-08-22
1679,404,107,20.0,False,2026-08-26
1680,404,108,17.5,False,2026-08-25
1681,404,109,21.5,False,2026-08-26
1682,404,110,24.0,False,2026-08-24
1683,404,111,22.5,False,2026-08-27
1684,404,112,25,False,2026-08-25
1685,406,107,13.5,False,2026-08-31
1686,406,108,21.5,False,2026-08-30
1687,406,109,25,False,2026-08-25
1688,409,110,23.5,False,2026-08-22
1689,409,111,21.5,False,2026-08-30
1690,409,112,25,False,2026-08-27
1691,412,107,13.5,False,2026-08-25
1692,412,108,18.0,False,2026-08-24
1693,412,109,25,False,2026-08-26
1694,412,110,18.0,False,2026-08-20
1695,412,111,23.5,False,2026-08-24
1696,412,112,0.0,False,2026-08-19
1697,413,107,17.5,False,2026-08-30
1698,413,108,11.5,False,2026-08-31
1699,413,109,24.5,False,2026-08-30
1700,413,110,25,False,2026-09-01
1701,413,111,24.0,False,2026-08-31
1702,413,112,25,False,2026-09-01
1703,415,107,21.0,False,2026-08-27
1704,415,108,14.5,False,2026-09-02
1705,415,109,21.0,False,2026-08-27
1706,418,110,22.0,False,2026-09-02
1707,418,111,22.5,False,2026-09-03
1708,418,112,19.5,False,2026-08-30
1709,421,107,16.0,False,2026-08-18
1710,421,108,17.5,False,2026-08-19
1711,421,109,24.0,False,2026-08-21
1712,421,110,24.5,False,2026-08-20
1713,421,111,21.5,False,2026-08-16
1714,421,112,22.5,False,2026-08-23
1715,422,107,14.5,False,2026-08-28
1716,422,108,16.5,False,2026-08-28
1717,422,109,19.5,False,2026-08-26
1718,422,110,25,False,2026-08-28
1719,422,111,19.0,False,2026-08-27
1720,422,112,25,False,2026-08-28
1721,424,107,16.0,False,2026-08-29
1722,424,108,12.5,False,2026-08-26
1723,424,109,25,False,2026-08-24
1724,427,110,25,False,2026-08-26
1725,427,111,20.5,False,2026-08-30
1726,427,112,20.0,False,2026-09-01
1727,430,107,18.0,False,2026-08-17
1728,430,108,18.5,False,2026-08-16
1729,430,109,22.5,False,2026-08-20
1730,430,110,23.5,False,2026-08-21
1731,430,111,21.5,False,2026-08-23
1732,430,112,23.5,False,2026-08-15
1733,431,107,18.0,False,2026-08-29
1734,431,108,19.0,False,2026-08-28
1735,431,109,24.5,False,2026-08-27
1736,431,110,25,False,2026-08-27
1737,431,111,22.5,False,2026-08-27
1738,431,112,19.0,False,2026-08-27
1739,433,107,19.0,False,2026-08-17
1740,433,108,14.0,False,2026-08-19
1741,433,109,24.0,False,2026-08-17
1742,433,110,25,False,2026-08-16
1743,433,111,17.5,False,2026-08-18
1744,433,112,24.5,False,2026-08-15
1745,434,107,17.0,False,2026-08-27
1746,434,108,12.5,False,2026-08-27
1747,434,109,21.5,False,2026-08-28
1748,434,110,24.5,False,2026-08-24
1749,434,111,18.0,False,2026-08-22
1750,434,112,25,False,2026-08-23
1751,436,107,18.5,False,2026-08-18
1752,436,108,11.5,False,2026-08-22
1753,436,109,23.5,False,2026-08-25
1754,436,110,24.5,False,2026-08-19
1755,436,111,24.0,False,2026-08-25
1756,436,112,14.5,False,2026-08-20
1757,437,107,15.5,False,2026-08-29
1758,437,108,13.0,False,2026-08-30
1759,437,109,24.0,False,2026-09-01
1760,437,110,25,False,2026-08-27
1761,437,111,24.5,False,2026-08-31
1762,437,112,25,False,2026-08-29
1763,439,107,16.0,False,2026-08-17
1764,439,108,15.5,False,2026-08-16
1765,439,109,17.5,False,2026-08-22
1766,439,110,24.5,False,2026-08-17
1767,439,111,24.5,False,2026-08-16
1768,439,112,23.5,False,2026-08-21
1769,440,107,18.0,False,2026-08-26
1770,440,108,12.5,False,2026-08-31
1771,440,109,22.5,False,2026-08-27
1772,440,110,25,False,2026-08-31
1773,440,111,25,False,2026-08-27
1774,440,112,23.0,False,2026-08-27
1775,442,107,19.5,False,2026-08-25
1776,442,108,16.5,False,2026-08-19
1777,442,109,0.0,False,2026-08-21
1778,442,110,19.0,False,2026-08-22
1779,442,111,21.0,False,2026-08-23
1780,442,112,24.5,False,2026-08-20
1781,443,107,15.0,False,2026-08-29
1782,443,108,17.5,False,2026-08-31
1783,443,109,24.0,False,2026-08-29
1784,443,110,25,False,2026-08-29
1785,443,111,25,False,2026-08-30
1786,443,112,24.5,False,2026-08-28
1787,445,1,24.5,False,2026-03-16
1788,445,2,23.0,False,2026-03-17
1789,445,3,17.5,False,2026-03-15
1790,445,4,19.0,False,2026-03-11
1791,445,5,14.0,False,2026-03-16
1792,445,6,20.0,False,2026-03-16
1793,445,7,24.0,False,2026-03-12
1794,445,8,16.0,False,2026-03-18
1795,445,9,13.5,False,2026-03-11
1796,445,10,19.5,False,2026-03-17
1797,445,11,20.5,False,2026-03-16
1798,445,12,21.5,False,2026-03-10
1799,445,13,19.5,False,2026-03-14
1800,445,14,19.5,False,2026-03-16
1801,445,15,21.0,False,2026-03-16
1802,445,16,24.5,False,2026-03-17
1803,445,17,0.0,False,2026-03-12
1804,445,18,17.5,False,2026-03-11
1805,445,19,20.0,False,2026-03-13
1806,445,20,22.5,False,2026-03-16
1807,445,21,14.0,False,2026-03-13
1808,445,22,24.5,False,2026-03-16
1809,446,1,25,False,2026-02-13
1810,446,2,24.0,False,2026-02-17
1811,446,3,25,False,2026-02-14
1812,446,4,24.0,False,2026-02-21
1813,446,5,9.0,False,2026-02-20
1814,446,6,16.5,False,2026-02-14
1815,446,7,25,False,2026-02-21
1816,446,8,21.5,False,2026-02-17
1817,446,9,18.0,False,2026-02-14
1818,446,10,19.0,False,2026-02-19
1819,446,11,23.0,False,2026-02-14
1820,446,12,20.0,False,2026-02-18
1821,446,13,13.0,False,2026-02-20
1822,446,14,21.5,False,2026-02-18
1823,446,15,19.5,False,2026-02-13
1824,446,16,24.0,False,2026-02-13
1825,446,17,23.0,False,2026-02-15
1826,446,18,19.0,False,2026-02-19
1827,446,19,17.5,False,2026-02-14
1828,446,20,20.0,False,2026-02-21
1829,446,21,23.0,False,2026-02-15
1830,446,22,20.5,False,2026-02-19
1831,447,1,100.0,False,2026-05-21
1832,447,2,91.5,False,2026-05-27
1833,447,3,89.5,False,2026-05-19
1834,447,4,96,False,2026-05-22
1835,447,5,46,False,2026-05-24
1836,447,6,83,False,2026-05-27
1837,447,7,89.0,False,2026-05-26
1838,447,8,93.5,False,2026-05-25
1839,447,9,64,False,2026-05-21
1840,447,10,73,False,2026-05-23
1841,447,11,100.0,False,2026-05-25
1842,447,12,67.5,False,2026-05-19
1843,447,13,60.5,False,2026-05-22
1844,447,14,78.5,False,2026-05-22
1845,447,15,89.5,False,2026-05-27
1846,447,16,100.0,False,2026-05-23
1847,447,17,89.5,False,2026-05-26
1848,447,18,70.5,False,2026-05-22
1849,447,19,82,False,2026-05-19
1850,447,20,56,False,2026-05-22
1851,447,21,72.5,False,2026-05-25
1852,447,22,96.5,False,2026-05-24
1853,448,1,25,False,2026-03-13
1854,448,2,23.0,False,2026-03-11
1855,448,3,21.0,False,2026-03-12
1856,448,4,17.0,False,2026-03-10
1857,448,5,10.0,False,2026-03-16
1858,448,6,22.0,False,2026-03-10
1859,448,7,21.0,False,2026-03-18
1860,448,8,21.0,False,2026-03-17
1861,448,9,14.0,False,2026-03-14
1862,448,10,20.0,False,2026-03-16
1863,448,11,16.5,False,2026-03-13
1864,448,12,21.5,False,2026-03-14
1865,448,13,0.0,False,2026-03-11
1866,448,14,14.0,False,2026-03-10
1867,448,15,22.5,False,2026-03-18
1868,448,16,21.5,False,2026-03-13
1869,448,17,24.0,False,2026-03-15
1870,448,18,17.0,False,2026-03-11
1871,448,19,11.5,False,2026-03-10
1872,448,20,20.5,False,2026-03-16
1873,448,21,21.0,False,2026-03-14
1874,448,22,22.0,False,2026-03-16
1875,449,1,25,False,2026-02-20
1876,449,2,20.5,False,2026-02-25
1877,449,3,25,False,2026-02-22
1878,449,4,22.5,False,2026-02-18
1879,449,5,15.0,False,2026-02-21
1880,449,6,22.5,False,2026-02-23
1881,449,7,25,False,2026-02-25
1882,449,8,17.0,False,2026-02-19
1883,449,9,19.0,False,2026-02-21
1884,449,10,17.5,False,2026-02-22
1885,449,11,17.0,False,2026-02-18
1886,449,12,22.5,False,2026-02-24
1887,449,13,16.5,False,2026-02-18
1888,449,14,19.5,False,2026-02-25
1889,449,15,19.5,False,2026-02-21
1890,449,16,21.5,False,2026-02-20
1891,449,17,25,False,2026-02-19
1892,449,18,14.0,False,2026-02-20
1893,449,19,19.0,False,2026-02-25
1894,449,20,20.5,False,2026-02-23
1895,449,21,21.5,False,2026-02-20
1896,449,22,22.5,False,2026-02-25
1897,450,1,91.5,False,2026-05-16
1898,450,2,100.0,False,2026-05-12
1899,450,3,100.0,False,2026-05-15
1900,450,4,81.5,False,2026-05-15
1901,450,5,52.5,False,2026-05-15
1902,450,6,77,False,2026-05-13
1903,450,7,100.0,False,2026-05-19
1904,450,8,69.5,False,2026-05-13
1905,450,9,65,False,2026-05-12
1906,450,10,74.0,False,2026-05-18
1907,450,11,67.5,False,2026-05-14
1908,450,12,0.0,True,2026-05-20
1909,450,13,53.5,False,2026-05-18
1910,450,14,87.5,False,2026-05-14
1911,450,15,77,False,2026-05-16
1912,450,16,87,False,2026-05-18
1913,450,17,100.0,False,2026-05-17
1914,450,18,60.5,False,2026-05-15
1915,450,19,93.5,False,2026-05-20
1916,450,20,79,False,2026-05-15
1917,450,21,94.5,False,2026-05-16
1918,450,22,90,False,2026-05-14
1919,451,1,24.5,False,2026-03-11
1920,451,2,18.0,False,2026-03-12
1921,451,3,23.0,False,2026-03-11
1922,451,4,0.0,False,2026-03-14
1923,451,5,9.0,False,2026-03-10
1924,451,6,20.5,False,2026-03-08
1925,451,7,25,False,2026-03-09
1926,451,8,21.5,False,2026-03-14
1927,451,9,15.0,False,2026-03-12
1928,451,10,20.5,False,2026-03-16
1929,451,11,21.5,False,2026-03-10
1930,451,12,0.0,False,2026-03-11
1931,451,13,19.5,False,2026-03-08
1932,451,14,24.0,False,2026-03-14
1933,451,15,20.0,False,2026-03-16
1934,451,16,21.5,False,2026-03-14
1935,451,17,24.0,False,2026-03-09
1936,451,18,13.5,False,2026-03-14
1937,451,19,15.5,False,2026-03-08
1938,451,20,22.0,False,2026-03-13
1939,451,21,22.0,False,2026-03-16
1940,451,22,22.0,False,2026-03-16
1941,452,1,25,False,2026-02-19
1942,452,2,20.5,False,2026-02-19
1943,452,3,18.0,False,2026-02-15
1944,452,4,15.5,False,2026-02-20
1945,452,5,12.5,False,2026-02-18
1946,452,6,24.0,False,2026-02-14
1947,452,7,25,False,2026-02-18
1948,452,8,25,False,2026-02-14
1949,452,9,17.5,False,2026-02-18
1950,452,10,19.0,False,2026-02-22
1951,452,11,20.0,False,2026-02-17
1952,452,12,25,False,2026-02-19
1953,452,13,20.0,False,2026-02-22
1954,452,14,19.0,False,2026-02-17
1955,452,15,23.0,False,2026-02-14
1956,452,16,21.5,False,2026-02-15
1957,452,17,25,False,2026-02-14
1958,452,18,18.0,False,2026-02-20
1959,452,19,14.0,False,2026-02-22
1960,452,20,18.0,False,2026-02-22
1961,452,21,17.5,False,2026-02-17
1962,452,22,25,False,2026-02-22
1963,453,1,100.0,False,2026-05-25
1964,453,2,100.0,False,2026-05-26
1965,453,3,88.5,False,2026-05-22
1966,453,4,87,False,2026-05-25
1967,453,5,51.5,False,2026-05-20
1968,453,6,74.5,False,2026-05-22
1969,453,7,84.5,False,2026-05-24
1970,453,8,80,False,2026-05-24
1971,453,9,92.5,False,2026-05-21
1972,453,10,82.5,False,2026-05-24
1973,453,11,75,False,2026-05-20
1974,453,12,89.5,False,2026-05-26
1975,453,13,72,False,2026-05-25
1976,453,14,89.5,False,2026-05-22
1977,453,15,59,False,2026-05-20
1978,453,16,100.0,False,2026-05-21
1979,453,17,100.0,False,2026-05-20
1980,453,18,67,False,2026-05-24
1981,453,19,77,False,2026-05-20
1982,453,20,100.0,False,2026-05-20
1983,453,21,75,False,2026-05-23
1984,453,22,96.5,False,2026-05-25
1985,454,1,24.5,False,2026-03-21
1986,454,2,24.0,False,2026-03-22
1987,454,3,25,False,2026-03-16
1988,454,4,15.5,False,2026-03-22
1989,454,5,15.5,False,2026-03-22
1990,454,6,20.5,False,2026-03-16
1991,454,7,22.0,False,2026-03-20
1992,454,8,21.0,False,2026-03-16
1993,454,9,12.5,False,2026-03-20
1994,454,10,21.5,False,2026-03-19
1995,454,11,19.5,False,2026-03-20
1996,455,1,25,False,2026-04-29
1997,455,2,24.5,False,2026-05-01
1998,455,3,23.5,False,2026-05-02
1999,455,4,16.5,False,2026-05-01
2000,455,5,13.5,False,2026-04-28
2001,455,6,20.5,False,2026-04-28
2002,455,7,24.5,False,2026-04-29
2003,455,8,23.5,False,2026-04-27
2004,455,9,14.0,False,2026-04-28
2005,455,10,20.0,False,2026-04-29
2006,455,11,20.0,False,2026-05-02
2007,456,1,46.0,False,2026-05-12
2008,456,2,50.0,False,2026-05-11
2009,456,3,50.0,False,2026-05-06
2010,456,4,50.0,False,2026-05-11
2011,456,5,34,False,2026-05-10
2012,456,6,46,False,2026-05-07
2013,456,7,45.5,False,2026-05-13
2014,456,8,44.5,False,2026-05-13
2015,456,9,24,False,2026-05-06
2016,456,10,40,False,2026-05-08
2017,456,11,30,False,2026-05-06
2018,457,12,20.0,False,2026-03-25
2019,457,13,15.5,False,2026-03-20
2020,457,14,25,False,2026-03-21
2021,457,15,17.0,False,2026-03-19
2022,457,16,25,False,2026-03-20
2023,457,17,24.0,False,2026-03-21
2024,457,18,23.5,False,2026-03-20
2025,457,19,17.0,False,2026-03-22
2026,457,20,23.0,False,2026-03-22
2027,457,21,17.0,False,2026-03-21
2028,457,22,21.0,False,2026-03-21
2029,458,12,20.5,False,2026-04-29
2030,458,13,17.5,False,2026-04-26
2031,458,14,25,False,2026-05-01
2032,458,15,17.5,False,2026-04-28
2033,458,16,24.5,False,2026-04-30
2034,458,17,23.0,False,2026-05-01
2035,458,18,23.5,False,2026-04-27
2036,458,19,17.0,False,2026-04-26
2037,458,20,23.0,False,2026-04-26
2038,458,21,18.0,False,2026-05-01
2039,458,22,20.0,False,2026-05-01
2040,459,12,48,False,2026-05-11
2041,459,13,27.5,False,2026-05-08
2042,459,14,48,False,2026-05-09
2043,459,15,44,False,2026-05-09
2044,459,16,46,False,2026-05-08
2045,459,17,40.5,False,2026-05-12
2046,459,18,42.5,False,2026-05-05
2047,459,19,28.5,False,2026-05-06
2048,459,20,47,False,2026-05-09
2049,459,21,0.0,True,2026-05-09
2050,459,22,47.5,False,2026-05-08
2051,460,1,25,False,2026-03-12
2052,460,2,14.0,False,2026-03-14
2053,460,3,22.5,False,2026-03-10
2054,460,4,19.5,False,2026-03-14
2055,460,5,14.5,False,2026-03-15
2056,460,6,22.5,False,2026-03-09
2057,460,7,22.5,False,2026-03-16
2058,460,8,20.5,False,2026-03-15
2059,460,9,12.5,False,2026-03-09
2060,460,10,19.0,False,2026-03-13
2061,460,11,18.5,False,2026-03-10
2062,460,12,22.5,False,2026-03-15
2063,460,13,17.5,False,2026-03-14
2064,460,14,22.5,False,2026-03-13
2065,460,15,19.5,False,2026-03-15
2066,460,16,24.5,False,2026-03-12
2067,460,17,24.0,False,2026-03-11
2068,460,18,19.0,False,2026-03-09
2069,460,19,0.0,False,2026-03-11
2070,460,20,20.5,False,2026-03-10
2071,460,21,19.5,False,2026-03-10
2072,460,22,16.5,False,2026-03-10
2073,461,1,25,False,2026-02-16
2074,461,2,18.0,False,2026-02-14
2075,461,3,23.0,False,2026-02-18
2076,461,4,20.5,False,2026-02-21
2077,461,5,14.5,False,2026-02-15
2078,461,6,25,False,2026-02-20
2079,461,7,21.5,False,2026-02-17
2080,461,8,15.5,False,2026-02-17
2081,461,9,15.5,False,2026-02-17
2082,461,10,17.5,False,2026-02-16
2083,461,11,25,False,2026-02-15
2084,461,12,20.5,False,2026-02-15
2085,461,13,20.0,False,2026-02-17
2086,461,14,20.0,False,2026-02-15
2087,461,15,15.0,False,2026-02-15
2088,461,16,25,False,2026-02-15
2089,461,17,25,False,2026-02-19
2090,461,18,24.0,False,2026-02-18
2091,461,19,20.5,False,2026-02-16
2092,461,20,25,False,2026-02-20
2093,461,21,21.5,False,2026-02-14
2094,461,22,22.0,False,2026-02-17
2095,462,1,100.0,False,2026-05-20
2096,462,2,81.5,False,2026-05-24
2097,462,3,79.5,False,2026-05-22
2098,462,4,75,False,2026-05-25
2099,462,5,53.5,False,2026-05-19
2100,462,6,56.5,False,2026-05-25
2101,462,7,91,False,2026-05-24
2102,462,8,61.5,False,2026-05-19
2103,462,9,47.5,False,2026-05-22
2104,462,10,75.5,False,2026-05-19
2105,462,11,83,False,2026-05-20
2106,462,12,98.5,False,2026-05-19
2107,462,13,88,False,2026-05-24
2108,462,14,88,False,2026-05-24
2109,462,15,88.0,False,2026-05-19
2110,462,16,98,False,2026-05-25
2111,462,17,100.0,False,2026-05-25
2112,462,18,68.5,False,2026-05-25
2113,462,19,84,False,2026-05-25
2114,462,20,88,False,2026-05-22
2115,462,21,89,False,2026-05-21
2116,462,22,100.0,False,2026-05-22
2117,463,1,24.0,False,2026-03-20
2118,463,2,25,False,2026-03-17
2119,463,3,21.5,False,2026-03-15
2120,463,4,18.0,False,2026-03-21
2121,463,5,15.0,False,2026-03-18
2122,463,6,19.0,False,2026-03-15
2123,463,7,25,False,2026-03-17
2124,463,8,23.0,False,2026-03-18
2125,463,9,14.5,False,2026-03-20
2126,463,10,18.0,False,2026-03-21
2127,463,11,22.0,False,2026-03-22
2128,464,1,25,False,2026-04-28
2129,464,2,24.5,False,2026-04-28
2130,464,3,21.5,False,2026-04-23
2131,464,4,20.5,False,2026-04-28
2132,464,5,13.5,False,2026-04-27
2133,464,6,17.5,False,2026-04-25
2134,464,7,23.5,False,2026-04-26
2135,464,8,23.5,False,2026-04-28
2136,464,9,14.5,False,2026-04-23
2137,464,10,18.5,False,2026-04-24
2138,464,11,22.0,False,2026-04-27
2139,465,1,50.0,False,2026-05-07
2140,465,2,49,False,2026-05-04
2141,465,3,43.5,False,2026-05-05
2142,465,4,39,False,2026-05-06
2143,465,5,20,False,2026-05-04
2144,465,6,43,False,2026-05-06
2145,465,7,50.0,False,2026-05-04
2146,465,8,39,False,2026-05-03
2147,465,9,34,False,2026-05-03
2148,465,10,45.0,False,2026-05-05
2149,465,11,43.5,False,2026-05-07
2150,466,12,20.5,False,2026-03-21
2151,466,13,18.0,False,2026-03-20
2152,466,14,16.0,False,2026-03-20
2153,466,15,20.5,False,2026-03-22
2154,466,16,24.0,False,2026-03-19
2155,466,17,25,False,2026-03-16
2156,466,18,15.0,False,2026-03-14
2157,466,19,19.0,False,2026-03-15
2158,466,20,16.0,False,2026-03-18
2159,466,21,14.5,False,2026-03-18
2160,466,22,22.5,False,2026-03-19
2161,467,12,22.0,False,2026-04-24
2162,467,13,16.0,False,2026-04-23
2163,467,14,16.5,False,2026-04-26
2164,467,15,18.0,False,2026-04-27
2165,467,16,23.5,False,2026-04-23
2166,467,17,25,False,2026-04-26
2167,467,18,16.0,False,2026-04-26
2168,467,19,18.0,False,2026-04-25
2169,467,20,15.5,False,2026-04-25
2170,467,21,14.5,False,2026-04-24
2171,467,22,23.5,False,2026-04-24
2172,468,12,45,False,2026-05-09
2173,468,13,37.5,False,2026-05-03
2174,468,14,33,False,2026-05-09
2175,468,15,36,False,2026-05-03
2176,468,16,44.5,False,2026-05-06
2177,468,17,49.5,False,2026-05-04
2178,468,18,25.5,False,2026-05-09
2179,468,19,47.0,False,2026-05-03
2180,468,20,42,False,2026-05-06
2181,468,21,26.0,False,2026-05-01
2182,468,22,50.0,False,2026-05-04
2183,469,1,0.0,False,2026-03-08
2184,469,2,17.5,False,2026-03-09
2185,469,3,22.5,False,2026-03-12
2186,469,4,20.5,False,2026-03-15
2187,469,5,10.5,False,2026-03-15
2188,469,6,12.0,False,2026-03-13
2189,469,7,17.5,False,2026-03-11
2190,469,8,21.5,False,2026-03-08
2191,469,9,16.0,False,2026-03-15
2192,469,10,20.0,False,2026-03-13
2193,469,11,16.0,False,2026-03-07
2194,469,12,17.5,False,2026-03-13
2195,469,13,20.0,False,2026-03-14
2196,469,14,23.5,False,2026-03-15
2197,469,15,17.5,False,2026-03-13
2198,469,16,0.0,False,2026-03-11
2199,469,17,24.0,False,2026-03-08
2200,469,18,17.5,False,2026-03-09
2201,469,19,20.5,False,2026-03-09
2202,469,20,24.5,False,2026-03-13
2203,469,21,19.5,False,2026-03-07
2204,469,22,21.0,False,2026-03-08
2205,470,1,22.5,False,2026-02-20
2206,470,2,20.0,False,2026-02-15
2207,470,3,19.0,False,2026-02-18
2208,470,4,22.5,False,2026-02-17
2209,470,5,15.5,False,2026-02-15
2210,470,6,25,False,2026-02-18
2211,470,7,24.0,False,2026-02-19
2212,470,8,20.0,False,2026-02-14
2213,470,9,17.5,False,2026-02-18
2214,470,10,23.0,False,2026-02-15
2215,470,11,22.5,False,2026-02-19
2216,470,12,24.0,False,2026-02-15
2217,470,13,15.5,False,2026-02-19
2218,470,14,20.0,False,2026-02-16
2219,470,15,15.5,False,2026-02-19
2220,470,16,25,False,2026-02-17
2221,470,17,22.0,False,2026-02-19
2222,470,18,11.5,False,2026-02-17
2223,470,19,19.5,False,2026-02-18
2224,470,20,20.5,False,2026-02-16
2225,470,21,19.5,False,2026-02-13
2226,470,22,21.5,False,2026-02-21
2227,471,1,100.0,False,2026-05-22
2228,471,2,89.5,False,2026-05-16
2229,471,3,90.5,False,2026-05-19
2230,471,4,75.5,False,2026-05-20
2231,471,5,53,False,2026-05-18
2232,471,6,83.5,False,2026-05-21
2233,471,7,83.5,False,2026-05-17
2234,471,8,83.5,False,2026-05-19
2235,471,9,52.5,False,2026-05-18
2236,471,10,71,False,2026-05-23
2237,471,11,100.0,False,2026-05-17
2238,471,12,85.5,False,2026-05-17
2239,471,13,51,False,2026-05-16
2240,471,14,82.5,False,2026-05-18
2241,471,15,86.5,False,2026-05-19
2242,471,16,100.0,False,2026-05-22
2243,471,17,97.0,False,2026-05-17
2244,471,18,76.0,False,2026-05-23
2245,471,19,80,False,2026-05-21
2246,471,20,66.5,False,2026-05-18
2247,471,21,89,False,2026-05-22
2248,471,22,100.0,False,2026-05-18
2249,472,1,24.0,False,2026-03-10
2250,472,2,21.0,False,2026-03-13
2251,472,3,21.5,False,2026-03-09
2252,472,4,23.5,False,2026-03-09
2253,472,5,10.5,False,2026-03-07
2254,472,6,20.0,False,2026-03-12
2255,472,7,24.5,False,2026-03-09
2256,472,8,16.0,False,2026-03-14
2257,472,9,20.0,False,2026-03-06
2258,472,10,0.0,False,2026-03-14
2259,472,11,21.5,False,2026-03-07
2260,472,12,21.0,False,2026-03-08
2261,472,13,11.0,False,2026-03-14
2262,472,14,19.0,False,2026-03-11
2263,472,15,14.5,False,2026-03-10
2264,472,16,23.0,False,2026-03-09
2265,472,17,24.0,False,2026-03-14
2266,472,18,16.5,False,2026-03-14
2267,472,19,18.0,False,2026-03-13
2268,472,20,22.0,False,2026-03-10
2269,472,21,21.5,False,2026-03-13
2270,472,22,23.0,False,2026-03-08
2271,473,1,25,False,2026-02-19
2272,473,2,24.0,False,2026-02-22
2273,473,3,22.5,False,2026-02-17
2274,473,4,0.0,True,2026-02-20
2275,473,5,10.0,False,2026-02-18
2276,473,6,22.5,False,2026-02-24
2277,473,7,24.5,False,2026-02-24
2278,473,8,25,False,2026-02-23
2279,473,9,15.5,False,2026-02-20
2280,473,10,17.0,False,2026-02-25
2281,473,11,19.5,False,2026-02-19
2282,473,12,25,False,2026-02-21
2283,473,13,20.0,False,2026-02-22
2284,473,14,25,False,2026-02-18
2285,473,15,22.0,False,2026-02-18
2286,473,16,23.0,False,2026-02-17
2287,473,17,25,False,2026-02-17
2288,473,18,18.0,False,2026-02-18
2289,473,19,19.5,False,2026-02-20
2290,473,20,24.5,False,2026-02-20
2291,473,21,19.0,False,2026-02-25
2292,473,22,24.5,False,2026-02-21
2293,474,1,100.0,False,2026-05-20
2294,474,2,86.5,False,2026-05-24
2295,474,3,87,False,2026-05-18
2296,474,4,67.5,False,2026-05-24
2297,474,5,55.0,False,2026-05-17
2298,474,6,63,False,2026-05-20
2299,474,7,100.0,False,2026-05-24
2300,474,8,86,False,2026-05-19
2301,474,9,71,False,2026-05-23
2302,474,10,92.0,False,2026-05-24
2303,474,11,80.5,False,2026-05-19
2304,474,12,93.5,False,2026-05-19
2305,474,13,78.5,False,2026-05-20
2306,474,14,69,False,2026-05-22
2307,474,15,84,False,2026-05-18
2308,474,16,97.5,False,2026-05-25
2309,474,17,100.0,False,2026-05-19
2310,474,18,55,False,2026-05-17
2311,474,19,79,False,2026-05-20
2312,474,20,78.5,False,2026-05-19
2313,474,21,77.5,False,2026-05-21
2314,474,22,81.5,False,2026-05-21
2315,475,1,23.5,False,2026-03-12
2316,475,2,23.0,False,2026-03-09
2317,475,3,22.0,False,2026-03-10
2318,475,4,20.0,False,2026-03-09
2319,475,5,13.0,False,2026-03-12
2320,475,6,18.5,False,2026-03-15
2321,475,7,22.0,False,2026-03-10
2322,475,8,22.5,False,2026-03-16
2323,475,9,13.5,False,2026-03-13
2324,475,10,21.0,False,2026-03-13
2325,475,11,23.5,False,2026-03-10
2326,475,12,18.5,False,2026-03-17
2327,475,13,16.5,False,2026-03-09
2328,475,14,18.5,False,2026-03-13
2329,475,15,21.5,False,2026-03-12
2330,475,16,18.5,False,2026-03-13
2331,475,17,18.5,False,2026-03-14
2332,475,18,13.5,False,2026-03-15
2333,475,19,22.0,False,2026-03-13
2334,475,20,22.5,False,2026-03-11
2335,475,21,21.5,False,2026-03-09
2336,475,22,22.5,False,2026-03-13
2337,476,1,25,False,2026-02-16
2338,476,2,22.5,False,2026-02-14
2339,476,3,25,False,2026-02-14
2340,476,4,21.5,False,2026-02-15
2341,476,5,14.5,False,2026-02-13
2342,476,6,21.5,False,2026-02-21
2343,476,7,19.5,False,2026-02-19
2344,476,8,20.5,False,2026-02-15
2345,476,9,9.5,False,2026-02-15
2346,476,10,25,False,2026-02-13
2347,476,11,20.5,False,2026-02-16
2348,476,12,25,False,2026-02-14
2349,476,13,21.5,False,2026-02-16
2350,476,14,25,False,2026-02-21
2351,476,15,15.5,False,2026-02-20
2352,476,16,0.0,True,2026-02-21
2353,476,17,22.0,False,2026-02-15
2354,476,18,20.0,False,2026-02-13
2355,476,19,15.5,False,2026-02-19
2356,476,20,18.0,False,2026-02-14
2357,476,21,18.0,False,2026-02-13
2358,476,22,0.0,True,2026-02-20
2359,477,1,100.0,False,2026-05-20
2360,477,2,95,False,2026-05-14
2361,477,3,73.5,False,2026-05-16
2362,477,4,85.5,False,2026-05-19
2363,477,5,57,False,2026-05-20
2364,477,6,83.0,False,2026-05-18
2365,477,7,82.5,False,2026-05-15
2366,477,8,92.5,False,2026-05-15
2367,477,9,64.5,False,2026-05-16
2368,477,10,93.5,False,2026-05-15
2369,477,11,84,False,2026-05-16
2370,477,12,71.5,False,2026-05-13
2371,477,13,59,False,2026-05-16
2372,477,14,100.0,False,2026-05-21
2373,477,15,76,False,2026-05-16
2374,477,16,97,False,2026-05-18
2375,477,17,100.0,False,2026-05-18
2376,477,18,75.0,False,2026-05-20
2377,477,19,91,False,2026-05-18
2378,477,20,78.5,False,2026-05-16
2379,477,21,69.5,False,2026-05-17
2380,477,22,79,False,2026-05-15
2381,478,1,24.5,False,2026-03-10
2382,478,2,22.5,False,2026-03-08
2383,478,3,0.0,False,2026-03-16
2384,478,4,20.0,False,2026-03-11
2385,478,5,14.0,False,2026-03-16
2386,478,6,20.5,False,2026-03-08
2387,478,7,23.0,False,2026-03-09
2388,478,8,21.5,False,2026-03-16
2389,478,9,13.0,False,2026-03-08
2390,478,10,15.0,False,2026-03-12
2391,478,11,23.0,False,2026-03-15
2392,478,12,22.5,False,2026-03-11
2393,478,13,19.0,False,2026-03-15
2394,478,14,16.5,False,2026-03-16
2395,478,15,16.0,False,2026-03-14
2396,478,16,24.5,False,2026-03-10
2397,478,17,24.5,False,2026-03-08
2398,478,18,14.5,False,2026-03-12
2399,478,19,0.0,False,2026-03-15
2400,478,20,22.0,False,2026-03-13
2401,478,21,23.5,False,2026-03-09
2402,478,22,21.0,False,2026-03-15
2403,479,1,25,False,2026-02-19
2404,479,2,25,False,2026-02-22
2405,479,3,25,False,2026-02-21
2406,479,4,17.0,False,2026-02-23
2407,479,5,7.0,False,2026-02-22
2408,479,6,18.0,False,2026-02-23
2409,479,7,25,False,2026-02-19
2410,479,8,17.0,False,2026-02-19
2411,479,9,18.0,False,2026-02-21
2412,479,10,20.5,False,2026-02-18
2413,479,11,21.5,False,2026-02-24
2414,479,12,20.5,False,2026-02-25
2415,479,13,14.5,False,2026-02-17
2416,479,14,20.5,False,2026-02-23
2417,479,15,20.0,False,2026-02-21
2418,479,16,25,False,2026-02-25
2419,479,17,25,False,2026-02-21
2420,479,18,13.0,False,2026-02-23
2421,479,19,11.5,False,2026-02-17
2422,479,20,19.5,False,2026-02-18
2423,479,21,24.0,False,2026-02-19
2424,479,22,15.0,False,2026-02-22
2425,480,1,100.0,False,2026-05-14
2426,480,2,98.5,False,2026-05-13
2427,480,3,89.5,False,2026-05-17
2428,480,4,79,False,2026-05-13
2429,480,5,54.5,False,2026-05-12
2430,480,6,62,False,2026-05-14
2431,480,7,98.5,False,2026-05-13
2432,480,8,100.0,False,2026-05-16
2433,480,9,61.5,False,2026-05-15
2434,480,10,82.5,False,2026-05-12
2435,480,11,95,False,2026-05-18
2436,480,12,80.5,False,2026-05-14
2437,480,13,73,False,2026-05-16
2438,480,14,82,False,2026-05-17
2439,480,15,91,False,2026-05-15
2440,480,16,100.0,False,2026-05-14
2441,480,17,100.0,False,2026-05-15
2442,480,18,80.5,False,2026-05-13
2443,480,19,74.5,False,2026-05-19
2444,480,20,89,False,2026-05-15
2445,480,21,89.5,False,2026-05-12
2446,480,22,100.0,False,2026-05-14
2447,481,1,25,False,2026-03-12
2448,481,2,23.5,False,2026-03-06
2449,481,3,0.0,False,2026-03-12
2450,481,4,22.0,False,2026-03-06
2451,481,5,15.0,False,2026-03-07
2452,481,6,16.0,False,2026-03-08
2453,481,7,22.5,False,2026-03-11
2454,481,8,14.0,False,2026-03-10
2455,481,9,13.0,False,2026-03-10
2456,481,10,20.0,False,2026-03-06
2457,481,11,12.5,False,2026-03-09
2458,481,12,21.5,False,2026-03-08
2459,481,13,12.5,False,2026-03-06
2460,481,14,21.5,False,2026-03-11
2461,481,15,22.5,False,2026-03-06
2462,481,16,23.0,False,2026-03-09
2463,481,17,18.5,False,2026-03-06
2464,481,18,19.5,False,2026-03-12
2465,481,19,17.0,False,2026-03-10
2466,481,20,20.0,False,2026-03-09
2467,481,21,18.0,False,2026-03-08
2468,481,22,20.5,False,2026-03-09
2469,482,1,25,False,2026-02-16
2470,482,2,23.0,False,2026-02-20
2471,482,3,20.0,False,2026-02-23
2472,482,4,19.5,False,2026-02-20
2473,482,5,12.0,False,2026-02-23
2474,482,6,21.5,False,2026-02-20
2475,482,7,24.5,False,2026-02-24
2476,482,8,0.0,True,2026-02-19
2477,482,9,15.5,False,2026-02-21
2478,482,10,20.0,False,2026-02-18
2479,482,11,24.5,False,2026-02-24
2480,482,12,19.5,False,2026-02-19
2481,482,13,17.5,False,2026-02-18
2482,482,14,19.5,False,2026-02-23
2483,482,15,22.0,False,2026-02-17
2484,482,16,25,False,2026-02-19
2485,482,17,25,False,2026-02-22
2486,482,18,18.0,False,2026-02-22
2487,482,19,19.5,False,2026-02-18
2488,482,20,18.0,False,2026-02-18
2489,482,21,17.5,False,2026-02-23
2490,482,22,22.5,False,2026-02-21
2491,483,1,100.0,False,2026-05-19
2492,483,2,100.0,False,2026-05-22
2493,483,3,91.0,False,2026-05-25
2494,483,4,75.0,False,2026-05-23
2495,483,5,48.5,False,2026-05-21
2496,483,6,81,False,2026-05-25
2497,483,7,92.5,False,2026-05-20
2498,483,8,64,False,2026-05-19
2499,483,9,54.5,False,2026-05-20
2500,483,10,93,False,2026-05-20
2501,483,11,94,False,2026-05-21
2502,483,12,100.0,False,2026-05-24
2503,483,13,82.5,False,2026-05-23
2504,483,14,87.5,False,2026-05-25
2505,483,15,62.5,False,2026-05-23
2506,483,16,100.0,False,2026-05-19
2507,483,17,100.0,False,2026-05-20
2508,483,18,59,False,2026-05-20
2509,483,19,84,False,2026-05-25
2510,483,20,84.5,False,2026-05-21
2511,483,21,66.5,False,2026-05-25
2512,483,22,97,False,2026-05-25
2513,484,1,25,False,2026-03-07
2514,484,2,22.5,False,2026-03-08
2515,484,3,21.0,False,2026-03-13
2516,484,4,20.0,False,2026-03-10
2517,484,5,12.5,False,2026-03-13
2518,484,6,18.5,False,2026-03-14
2519,484,7,23.0,False,2026-03-06
2520,484,8,22.5,False,2026-03-09
2521,484,9,16.0,False,2026-03-08
2522,484,10,21.5,False,2026-03-14
2523,484,11,20.0,False,2026-03-11
2524,484,12,13.5,False,2026-03-11
2525,484,13,19.5,False,2026-03-08
2526,484,14,19.5,False,2026-03-07
2527,484,15,19.5,False,2026-03-14
2528,484,16,21.5,False,2026-03-07
2529,484,17,23.5,False,2026-03-06
2530,484,18,12.5,False,2026-03-09
2531,484,19,20.5,False,2026-03-08
2532,484,20,21.5,False,2026-03-06
2533,484,21,18.0,False,2026-03-08
2534,484,22,23.0,False,2026-03-14
2535,485,1,24.5,False,2026-02-20
2536,485,2,23.0,False,2026-02-22
2537,485,3,22.0,False,2026-02-24
2538,485,4,18.0,False,2026-02-19
2539,485,5,10.5,False,2026-02-24
2540,485,6,20.5,False,2026-02-21
2541,485,7,25,False,2026-02-23
2542,485,8,19.0,False,2026-02-22
2543,485,9,15.5,False,2026-02-17
2544,485,10,17.5,False,2026-02-20
2545,485,11,22.0,False,2026-02-24
2546,485,12,20.5,False,2026-02-16
2547,485,13,19.0,False,2026-02-18
2548,485,14,21.5,False,2026-02-17
2549,485,15,23.0,False,2026-02-23
2550,485,16,24.0,False,2026-02-24
2551,485,17,24.0,False,2026-02-22
2552,485,18,19.0,False,2026-02-22
2553,485,19,25,False,2026-02-19
2554,485,20,22.5,False,2026-02-22
2555,485,21,18.0,False,2026-02-23
2556,485,22,22.0,False,2026-02-19
2557,486,1,100.0,False,2026-05-25
2558,486,2,85,False,2026-05-27
2559,486,3,73,False,2026-05-23
2560,486,4,80.5,False,2026-05-21
2561,486,5,50,False,2026-05-22
2562,486,6,75.5,False,2026-05-24
2563,486,7,91.5,False,2026-05-21
2564,486,8,57.5,False,2026-05-23
2565,486,9,56,False,2026-05-21
2566,486,10,85,False,2026-05-23
2567,486,11,85.5,False,2026-05-26
2568,486,12,92.5,False,2026-05-21
2569,486,13,77.5,False,2026-05-23
2570,486,14,100.0,False,2026-05-27
2571,486,15,74,False,2026-05-21
2572,486,16,90,False,2026-05-21
2573,486,17,0.0,True,2026-05-26
2574,486,18,67,False,2026-05-24
2575,486,19,74,False,2026-05-26
2576,486,20,99.5,False,2026-05-25
2577,486,21,85.5,False,2026-05-26
2578,486,22,90,False,2026-05-26
2579,487,1,24.0,False,2026-03-17
2580,487,2,23.0,False,2026-03-23
2581,487,3,19.0,False,2026-03-21
2582,487,4,19.0,False,2026-03-22
2583,487,5,15.0,False,2026-03-17
2584,487,6,22.5,False,2026-03-20
2585,487,7,22.0,False,2026-03-18
2586,487,8,18.0,False,2026-03-24
2587,487,9,16.5,False,2026-03-17
2588,487,10,14.5,False,2026-03-23
2589,487,11,21.0,False,2026-03-25
2590,488,1,25,False,2026-04-30
2591,488,2,22.5,False,2026-04-30
2592,488,3,19.5,False,2026-04-27
2593,488,4,19.5,False,2026-04-28
2594,488,5,15.0,False,2026-04-29
2595,488,6,22.0,False,2026-05-01
2596,488,7,24.0,False,2026-04-30
2597,488,8,17.0,False,2026-04-30
2598,488,9,17.5,False,2026-04-29
2599,488,10,16.5,False,2026-04-30
2600,488,11,22.0,False,2026-04-29
2601,489,1,49,False,2026-05-10
2602,489,2,50.0,False,2026-05-08
2603,489,3,38.5,False,2026-05-09
2604,489,4,46,False,2026-05-08
2605,489,5,24.5,False,2026-05-08
2606,489,6,34.5,False,2026-05-13
2607,489,7,50.0,False,2026-05-06
2608,489,8,45,False,2026-05-12
2609,489,9,35.5,False,2026-05-07
2610,489,10,42,False,2026-05-13
2611,489,11,44,False,2026-05-07
2612,490,12,19.0,False,2026-03-22
2613,490,13,16.0,False,2026-03-23
2614,490,14,23.5,False,2026-03-19
2615,490,15,19.5,False,2026-03-22
2616,490,16,20.5,False,2026-03-18
2617,490,17,21.5,False,2026-03-24
2618,490,18,18.0,False,2026-03-23
2619,490,19,23.0,False,2026-03-22
2620,490,20,19.5,False,2026-03-18
2621,490,21,18.5,False,2026-03-22
2622,490,22,23.5,False,2026-03-18
2623,491,12,21.0,False,2026-04-28
2624,491,13,17.5,False,2026-04-27
2625,491,14,25,False,2026-04-28
2626,491,15,19.0,False,2026-04-27
2627,491,16,22.0,False,2026-04-23
2628,491,17,23.5,False,2026-04-24
2629,491,18,19.0,False,2026-04-24
2630,491,19,22.0,False,2026-04-23
2631,491,20,17.5,False,2026-04-23
2632,491,21,20.0,False,2026-04-26
2633,491,22,25,False,2026-04-26
2634,492,12,43.5,False,2026-05-05
2635,492,13,42.5,False,2026-05-04
2636,492,14,37.0,False,2026-05-04
2637,492,15,46.5,False,2026-05-03
2638,492,16,46.5,False,2026-05-01
2639,492,17,50.0,False,2026-05-08
2640,492,18,35,False,2026-05-03
2641,492,19,44,False,2026-05-05
2642,492,20,34.5,False,2026-05-04
2643,492,21,46.5,False,2026-05-02
2644,492,22,37.5,False,2026-05-02
2645,493,23,22.0,False,2026-03-16
2646,493,24,0.0,False,2026-03-10
2647,493,25,24.5,False,2026-03-08
2648,493,26,18.0,False,2026-03-15
2649,493,27,16.5,False,2026-03-09
2650,493,28,21.5,False,2026-03-08
2651,493,29,21.5,False,2026-03-13
2652,493,30,18.5,False,2026-03-11
2653,493,31,17.0,False,2026-03-13
2654,493,32,24.0,False,2026-03-13
2655,494,23,19.5,False,2026-02-23
2656,494,24,25,False,2026-02-21
2657,494,25,25,False,2026-02-18
2658,494,26,18.0,False,2026-02-18
2659,494,27,17.0,False,2026-02-17
2660,494,28,16.5,False,2026-02-24
2661,494,29,20.0,False,2026-02-20
2662,494,30,17.5,False,2026-02-20
2663,494,31,20.5,False,2026-02-20
2664,494,32,21.5,False,2026-02-16
2665,495,23,69.5,False,2026-05-25
2666,495,24,96.5,False,2026-05-20
2667,495,25,90.5,False,2026-05-21
2668,495,26,67,False,2026-05-21
2669,495,27,72.0,False,2026-05-27
2670,495,28,97.5,False,2026-05-27
2671,495,29,87.5,False,2026-05-26
2672,495,30,63.5,False,2026-05-19
2673,495,31,69,False,2026-05-20
2674,495,32,100.0,False,2026-05-21
2675,496,23,22.5,False,2026-03-13
2676,496,24,25,False,2026-03-12
2677,496,25,24.0,False,2026-03-12
2678,496,26,0.0,False,2026-03-17
2679,496,27,17.0,False,2026-03-15
2680,496,28,18.5,False,2026-03-11
2681,496,29,19.5,False,2026-03-10
2682,496,30,13.0,False,2026-03-18
2683,496,31,19.5,False,2026-03-15
2684,496,32,23.0,False,2026-03-17
2685,497,23,21.5,False,2026-02-20
2686,497,24,23.0,False,2026-02-20
2687,497,25,25,False,2026-02-13
2688,497,26,17.5,False,2026-02-13
2689,497,27,18.0,False,2026-02-19
2690,497,28,22.0,False,2026-02-18
2691,497,29,25,False,2026-02-14
2692,497,30,19.0,False,2026-02-19
2693,497,31,19.0,False,2026-02-14
2694,497,32,0.0,True,2026-02-16
2695,498,23,92,False,2026-05-13
2696,498,24,100.0,False,2026-05-20
2697,498,25,100.0,False,2026-05-17
2698,498,26,80.5,False,2026-05-18
2699,498,27,56.5,False,2026-05-19
2700,498,28,95,False,2026-05-15
2701,498,29,79,False,2026-05-12
2702,498,30,64.5,False,2026-05-17
2703,498,31,68,False,2026-05-16
2704,498,32,87,False,2026-05-12
2705,499,23,20.0,False,2026-03-13
2706,499,24,25,False,2026-03-10
2707,499,25,24.5,False,2026-03-13
2708,499,26,12.5,False,2026-03-09
2709,499,27,14.5,False,2026-03-10
2710,499,28,15.0,False,2026-03-08
2711,499,29,19.5,False,2026-03-07
2712,499,30,18.0,False,2026-03-13
2713,499,31,21.5,False,2026-03-14
2714,499,32,0.0,False,2026-03-15
2715,500,23,19.5,False,2026-02-14
2716,500,24,24.5,False,2026-02-16
2717,500,25,25,False,2026-02-17
2718,500,26,22.0,False,2026-02-17
2719,500,27,17.5,False,2026-02-15
2720,500,28,21.5,False,2026-02-13
2721,500,29,23.0,False,2026-02-14
2722,500,30,14.5,False,2026-02-17
2723,500,31,18.0,False,2026-02-20
2724,500,32,22.0,False,2026-02-14
2725,501,23,77.5,False,2026-05-21
2726,501,24,100.0,False,2026-05-20
2727,501,25,91,False,2026-05-21
2728,501,26,48.5,False,2026-05-24
2729,501,27,61,False,2026-05-26
2730,501,28,92.5,False,2026-05-20
2731,501,29,98.5,False,2026-05-26
2732,501,30,58.0,False,2026-05-22
2733,501,31,77.5,False,2026-05-26
2734,501,32,80.5,False,2026-05-20
2735,502,23,23.5,False,2026-03-24
2736,502,24,25,False,2026-03-17
2737,502,25,22.5,False,2026-03-20
2738,502,26,13.0,False,2026-03-21
2739,502,27,18.5,False,2026-03-18
2740,503,23,22.0,False,2026-05-01
2741,503,24,23.5,False,2026-04-28
2742,503,25,20.5,False,2026-04-27
2743,503,26,11.5,False,2026-04-29
2744,503,27,17.5,False,2026-04-28
2745,504,23,43.5,False,2026-05-06
2746,504,24,50.0,False,2026-05-12
2747,504,25,50.0,False,2026-05-08
2748,504,26,38.5,False,2026-05-06
2749,504,27,35.5,False,2026-05-11
2750,505,28,19.5,False,2026-03-25
2751,505,29,21.5,False,2026-03-19
2752,505,30,19.0,False,2026-03-24
2753,505,31,22.0,False,2026-03-25
2754,505,32,23.5,False,2026-03-17
2755,506,28,22.0,False,2026-04-26
2756,506,29,21.5,False,2026-05-01
2757,506,30,19.5,False,2026-04-27
2758,506,31,23.0,False,2026-04-28
2759,506,32,25,False,2026-04-30
2760,507,28,42,False,2026-05-07
2761,507,29,43.0,False,2026-05-10
2762,507,30,30.5,False,2026-05-12
2763,507,31,50.0,False,2026-05-09
2764,507,32,43.5,False,2026-05-11
2765,508,23,22.0,False,2026-03-13
2766,508,24,25,False,2026-03-12
2767,508,25,15.0,False,2026-03-15
2768,508,26,16.5,False,2026-03-14
2769,508,27,18.5,False,2026-03-08
2770,508,28,22.0,False,2026-03-15
2771,508,29,15.0,False,2026-03-08
2772,508,30,11.0,False,2026-03-16
2773,508,31,21.5,False,2026-03-10
2774,508,32,23.5,False,2026-03-12
2775,509,23,20.5,False,2026-02-18
2776,509,24,25,False,2026-02-17
2777,509,25,21.5,False,2026-02-19
2778,509,26,17.0,False,2026-02-22
2779,509,27,16.5,False,2026-02-18
2780,509,28,19.5,False,2026-02-17
2781,509,29,22.0,False,2026-02-20
2782,509,30,20.5,False,2026-02-21
2783,509,31,14.5,False,2026-02-21
2784,509,32,20.0,False,2026-02-18
2785,510,23,74,False,2026-05-19
2786,510,24,100.0,False,2026-05-19
2787,510,25,93,False,2026-05-19
2788,510,26,81.5,False,2026-05-24
2789,510,27,69,False,2026-05-23
2790,510,28,90.5,False,2026-05-20
2791,510,29,100.0,False,2026-05-20
2792,510,30,60,False,2026-05-19
2793,510,31,80,False,2026-05-17
2794,510,32,69.5,False,2026-05-18
2795,511,23,15.5,False,2026-03-19
2796,511,24,25,False,2026-03-24
2797,511,25,23.5,False,2026-03-24
2798,511,26,14.5,False,2026-03-17
2799,511,27,23.5,False,2026-03-17
2800,512,23,15.5,False,2026-04-27
2801,512,24,24.0,False,2026-04-26
2802,512,25,24.0,False,2026-04-27
2803,512,26,14.0,False,2026-04-25
2804,512,27,24.0,False,2026-04-24
2805,513,23,41,False,2026-05-07
2806,513,24,49.5,False,2026-05-09
2807,513,25,50.0,False,2026-05-08
2808,513,26,45,False,2026-05-08
2809,513,27,41,False,2026-05-06
2810,514,28,24.0,False,2026-03-20
2811,514,29,24.5,False,2026-03-23
2812,514,30,21.5,False,2026-03-23
2813,514,31,22.5,False,2026-03-15
2814,514,32,24.0,False,2026-03-16
2815,515,28,25,False,2026-04-26
2816,515,29,23.5,False,2026-04-27
2817,515,30,23.0,False,2026-04-25
2818,515,31,21.5,False,2026-04-26
2819,515,32,25,False,2026-04-28
2820,516,28,35.5,False,2026-05-08
2821,516,29,42.5,False,2026-05-08
2822,516,30,34.5,False,2026-05-09
2823,516,31,43.0,False,2026-05-07
2824,516,32,50.0,False,2026-05-10
2825,517,23,20.5,False,2026-03-16
2826,517,24,25,False,2026-03-22
2827,517,25,25,False,2026-03-17
2828,517,26,18.5,False,2026-03-16
2829,517,27,17.0,False,2026-03-24
2830,518,23,20.5,False,2026-04-27
2831,518,24,25,False,2026-04-24
2832,518,25,25,False,2026-04-23
2833,518,26,19.5,False,2026-04-25
2834,518,27,16.5,False,2026-04-24
2835,519,23,39,False,2026-05-09
2836,519,24,46,False,2026-05-02
2837,519,25,47.5,False,2026-05-03
2838,519,26,35,False,2026-05-01
2839,519,27,36.0,False,2026-05-07
2840,520,28,23.5,False,2026-03-19
2841,520,29,22.5,False,2026-03-19
2842,520,30,17.0,False,2026-03-20
2843,520,31,18.0,False,2026-03-25
2844,520,32,19.5,False,2026-03-24
2845,521,28,21.5,False,2026-04-23
2846,521,29,23.5,False,2026-04-24
2847,521,30,15.0,False,2026-04-28
2848,521,31,17.5,False,2026-04-23
2849,521,32,19.5,False,2026-04-25
2850,522,28,34,False,2026-05-06
2851,522,29,50.0,False,2026-05-07
2852,522,30,36.5,False,2026-05-04
2853,522,31,41.5,False,2026-05-08
2854,522,32,0.0,True,2026-05-08
2855,523,23,22.5,False,2026-03-17
2856,523,24,24.0,False,2026-03-14
2857,523,25,24.0,False,2026-03-14
2858,523,26,18.5,False,2026-03-11
2859,523,27,16.0,False,2026-03-14
2860,523,28,23.0,False,2026-03-17
2861,523,29,21.0,False,2026-03-11
2862,523,30,19.5,False,2026-03-17
2863,523,31,19.5,False,2026-03-12
2864,523,32,22.0,False,2026-03-11
2865,524,23,17.5,False,2026-02-15
2866,524,24,25,False,2026-02-15
2867,524,25,23.0,False,2026-02-21
2868,524,26,15.5,False,2026-02-16
2869,524,27,18.0,False,2026-02-18
2870,524,28,20.0,False,2026-02-17
2871,524,29,16.5,False,2026-02-15
2872,524,30,10.0,False,2026-02-19
2873,524,31,22.0,False,2026-02-18
2874,524,32,19.5,False,2026-02-17
2875,525,23,93,False,2026-05-24
2876,525,24,98,False,2026-05-21
2877,525,25,100.0,False,2026-05-19
2878,525,26,81.5,False,2026-05-24
2879,525,27,70,False,2026-05-17
2880,525,28,56.5,False,2026-05-24
2881,525,29,100.0,False,2026-05-21
2882,525,30,81.5,False,2026-05-19
2883,525,31,74,False,2026-05-25
2884,525,32,100.0,False,2026-05-24
2885,526,23,21.5,False,2026-03-17
2886,526,24,18.5,False,2026-03-16
2887,526,25,11.0,False,2026-03-16
2888,526,26,0.0,False,2026-03-13
2889,526,27,19.0,False,2026-03-14
2890,526,28,16.0,False,2026-03-13
2891,526,29,23.0,False,2026-03-10
2892,526,30,0.0,False,2026-03-18
2893,526,31,18.0,False,2026-03-15
2894,526,32,22.5,False,2026-03-10
2895,527,23,19.5,False,2026-02-16
2896,527,24,23.0,False,2026-02-21
2897,527,25,23.0,False,2026-02-24
2898,527,26,17.5,False,2026-02-19
2899,527,27,20.0,False,2026-02-17
2900,527,28,22.5,False,2026-02-20
2901,527,29,22.5,False,2026-02-17
2902,527,30,20.5,False,2026-02-16
2903,527,31,15.5,False,2026-02-17
2904,527,32,23.0,False,2026-02-22
2905,528,23,87.0,False,2026-05-21
2906,528,24,96,False,2026-05-14
2907,528,25,92,False,2026-05-19
2908,528,26,60,False,2026-05-21
2909,528,27,75.5,False,2026-05-16
2910,528,28,76.5,False,2026-05-16
2911,528,29,82,False,2026-05-18
2912,528,30,72,False,2026-05-13
2913,528,31,76.0,False,2026-05-15
2914,528,32,100.0,False,2026-05-18
2915,529,23,22.0,False,2026-03-13
2916,529,24,23.5,False,2026-03-11
2917,529,25,23.0,False,2026-03-14
2918,529,26,18.5,False,2026-03-17
2919,529,27,18.5,False,2026-03-12
2920,529,28,23.5,False,2026-03-12
2921,529,29,16.5,False,2026-03-16
2922,529,30,18.5,False,2026-03-13
2923,529,31,17.5,False,2026-03-14
2924,529,32,14.5,False,2026-03-16
2925,530,23,17.0,False,2026-02-18
2926,530,24,22.0,False,2026-02-22
2927,530,25,25,False,2026-02-18
2928,530,26,14.0,False,2026-02-25
2929,530,27,16.5,False,2026-02-20
2930,530,28,18.0,False,2026-02-20
2931,530,29,19.5,False,2026-02-19
2932,530,30,17.5,False,2026-02-17
2933,530,31,21.5,False,2026-02-24
2934,530,32,22.5,False,2026-02-17
2935,531,23,81.5,False,2026-05-15
2936,531,24,75,False,2026-05-20
2937,531,25,100.0,False,2026-05-20
2938,531,26,72.5,False,2026-05-12
2939,531,27,59,False,2026-05-18
2940,531,28,77.5,False,2026-05-19
2941,531,29,98.0,False,2026-05-18
2942,531,30,56.0,False,2026-05-16
2943,531,31,81.5,False,2026-05-19
2944,531,32,82.0,False,2026-05-16
2945,532,23,19.5,False,2026-03-18
2946,532,24,24.5,False,2026-03-15
2947,532,25,23.5,False,2026-03-13
2948,532,26,18.0,False,2026-03-10
2949,532,27,14.0,False,2026-03-15
2950,532,28,18.0,False,2026-03-15
2951,532,29,0.0,False,2026-03-15
2952,532,30,17.5,False,2026-03-14
2953,532,31,21.0,False,2026-03-11
2954,532,32,0.0,False,2026-03-16
2955,533,23,21.5,False,2026-02-14
2956,533,24,25,False,2026-02-17
2957,533,25,25,False,2026-02-20
2958,533,26,18.0,False,2026-02-20
2959,533,27,20.5,False,2026-02-22
2960,533,28,21.5,False,2026-02-19
2961,533,29,17.0,False,2026-02-21
2962,533,30,25,False,2026-02-15
2963,533,31,23.0,False,2026-02-15
2964,533,32,23.0,False,2026-02-21
2965,534,23,75,False,2026-05-24
2966,534,24,100.0,False,2026-05-25
2967,534,25,100.0,False,2026-05-22
2968,534,26,78.5,False,2026-05-22
2969,534,27,77.5,False,2026-05-19
2970,534,28,100.0,False,2026-05-21
2971,534,29,78.5,False,2026-05-25
2972,534,30,51,False,2026-05-21
2973,534,31,81.5,False,2026-05-24
2974,534,32,89,False,2026-05-23
2975,535,23,20.0,False,2026-03-15
2976,535,24,25,False,2026-03-13
2977,535,25,21.0,False,2026-03-11
2978,535,26,15.5,False,2026-03-09
2979,535,27,0.0,False,2026-03-11
2980,535,28,21.5,False,2026-03-11
2981,535,29,21.0,False,2026-03-13
2982,535,30,19.0,False,2026-03-11
2983,535,31,18.5,False,2026-03-15
2984,535,32,24.0,False,2026-03-14
2985,536,23,16.5,False,2026-02-20
2986,536,24,25,False,2026-02-14
2987,536,25,22.0,False,2026-02-21
2988,536,26,19.0,False,2026-02-19
2989,536,27,18.0,False,2026-02-16
2990,536,28,22.0,False,2026-02-15
2991,536,29,25,False,2026-02-18
2992,536,30,16.5,False,2026-02-22
2993,536,31,21.5,False,2026-02-22
2994,536,32,24.0,False,2026-02-21
2995,537,23,90,False,2026-05-19
2996,537,24,100.0,False,2026-05-26
2997,537,25,71,False,2026-05-27
2998,537,26,88.5,False,2026-05-21
2999,537,27,82,False,2026-05-22
3000,537,28,73.5,False,2026-05-27
3001,537,29,95.0,False,2026-05-23
3002,537,30,69.5,False,2026-05-25
3003,537,31,71.0,False,2026-05-19
3004,537,32,86,False,2026-05-23
3005,538,23,22.5,False,2026-03-22
3006,538,24,24.5,False,2026-03-23
3007,538,25,25,False,2026-03-21
3008,538,26,20.0,False,2026-03-18
3009,538,27,16.5,False,2026-03-21
3010,539,23,23.0,False,2026-04-28
3011,539,24,24.0,False,2026-04-27
3012,539,25,25,False,2026-04-24
3013,539,26,21.5,False,2026-04-28
3014,539,27,16.5,False,2026-04-27
3015,540,23,42,False,2026-05-03
3016,540,24,50.0,False,2026-05-04
3017,540,25,50.0,False,2026-05-04
3018,540,26,39,False,2026-05-08
3019,540,27,40,False,2026-05-09
3020,541,28,21.5,False,2026-03-17
3021,541,29,25,False,2026-03-20
3022,541,30,20.5,False,2026-03-18
3023,541,31,20.5,False,2026-03-14
3024,541,32,24.5,False,2026-03-19
3025,542,28,19.5,False,2026-04-28
3026,542,29,25,False,2026-04-29
3027,542,30,21.0,False,2026-04-27
3028,542,31,19.5,False,2026-04-26
3029,542,32,25,False,2026-04-26
3030,543,28,39,False,2026-05-09
3031,543,29,47.5,False,2026-05-10
3032,543,30,36,False,2026-05-04
3033,543,31,38.5,False,2026-05-09
3034,543,32,43,False,2026-05-04
3035,544,33,24.0,False,2026-03-11
3036,544,34,20.5,False,2026-03-07
3037,544,35,22.0,False,2026-03-13
3038,544,36,16.5,False,2026-03-09
3039,544,37,21.0,False,2026-03-12
3040,544,38,21.0,False,2026-03-09
3041,545,33,24.5,False,2026-02-22
3042,545,34,25,False,2026-02-19
3043,545,35,24.5,False,2026-02-20
3044,545,36,22.5,False,2026-02-24
3045,545,37,24.0,False,2026-02-17
3046,545,38,23.0,False,2026-02-21
3047,546,33,96,False,2026-05-25
3048,546,34,93,False,2026-05-25
3049,546,35,100.0,False,2026-05-26
3050,546,36,67.0,False,2026-05-26
3051,546,37,83,False,2026-05-27
3052,546,38,72.5,False,2026-05-21
3053,547,33,25,False,2026-03-12
3054,547,34,0.0,False,2026-03-12
3055,547,35,20.0,False,2026-03-09
3056,547,36,22.5,False,2026-03-17
3057,547,37,23.5,False,2026-03-15
3058,547,38,0.0,False,2026-03-10
3059,548,33,25,False,2026-02-20
3060,548,34,18.0,False,2026-02-15
3061,548,35,24.0,False,2026-02-16
3062,548,36,20.5,False,2026-02-14
3063,548,37,25,False,2026-02-22
3064,548,38,16.5,False,2026-02-16
3065,549,33,96,False,2026-05-18
3066,549,34,95.5,False,2026-05-15
3067,549,35,85,False,2026-05-18
3068,549,36,80.0,False,2026-05-18
3069,549,37,86,False,2026-05-19
3070,549,38,92.5,False,2026-05-19
3071,550,33,17.5,False,2026-03-12
3072,550,34,23.5,False,2026-03-12
3073,550,35,22.0,False,2026-03-17
3074,550,36,20.0,False,2026-03-11
3075,550,37,0.0,False,2026-03-16
3076,550,38,20.0,False,2026-03-09
3077,551,33,24.0,False,2026-02-19
3078,551,34,25,False,2026-02-17
3079,551,35,21.5,False,2026-02-16
3080,551,36,20.5,False,2026-02-24
3081,551,37,23.0,False,2026-02-24
3082,551,38,21.5,False,2026-02-21
3083,552,33,0.0,True,2026-05-18
3084,552,34,100.0,False,2026-05-23
3085,552,35,90,False,2026-05-21
3086,552,36,80.5,False,2026-05-22
3087,552,37,77.5,False,2026-05-21
3088,552,38,63,False,2026-05-21
3089,553,33,22.0,False,2026-03-17
3090,553,34,22.0,False,2026-03-24
3091,553,35,21.0,False,2026-03-23
3092,554,33,23.5,False,2026-04-27
3093,554,34,23.5,False,2026-05-02
3094,554,35,22.0,False,2026-04-27
3095,555,33,50.0,False,2026-05-08
3096,555,34,0.0,True,2026-05-06
3097,555,35,44.5,False,2026-05-05
3098,556,36,18.5,False,2026-03-18
3099,556,37,19.5,False,2026-03-14
3100,556,38,17.0,False,2026-03-21
3101,557,36,18.5,False,2026-05-01
3102,557,37,19.5,False,2026-04-26
3103,557,38,18.5,False,2026-04-30
3104,558,36,47.0,False,2026-05-10
3105,558,37,50.0,False,2026-05-11
3106,558,38,35.5,False,2026-05-09
3107,559,33,24.5,False,2026-03-11
3108,559,34,22.5,False,2026-03-11
3109,559,35,21.5,False,2026-03-14
3110,559,36,20.5,False,2026-03-18
3111,559,37,25,False,2026-03-14
3112,559,38,18.0,False,2026-03-13
3113,560,33,22.5,False,2026-02-13
3114,560,34,25,False,2026-02-13
3115,560,35,24.0,False,2026-02-16
3116,560,36,22.0,False,2026-02-20
3117,560,37,25,False,2026-02-16
3118,560,38,17.5,False,2026-02-17
3119,561,33,99.5,False,2026-05-24
3120,561,34,100.0,False,2026-05-20
3121,561,35,83,False,2026-05-21
3122,561,36,81,False,2026-05-25
3123,561,37,99.5,False,2026-05-22
3124,561,38,76.5,False,2026-05-25
3125,562,33,25,False,2026-03-13
3126,562,34,22.0,False,2026-03-16
3127,562,35,25,False,2026-03-13
3128,563,33,25,False,2026-04-30
3129,563,34,24.0,False,2026-04-27
3130,563,35,25,False,2026-04-26
3131,564,33,50.0,False,2026-05-11
3132,564,34,47,False,2026-05-06
3133,564,35,43.5,False,2026-05-07
3134,565,36,18.0,False,2026-03-15
3135,565,37,23.5,False,2026-03-13
3136,565,38,18.5,False,2026-03-16
3137,566,36,17.5,False,2026-04-29
3138,566,37,25,False,2026-04-28
3139,566,38,19.0,False,2026-04-28
3140,567,36,37.5,False,2026-05-05
3141,567,37,45,False,2026-05-04
3142,567,38,44.5,False,2026-05-05
3143,568,33,25,False,2026-03-15
3144,568,34,21.5,False,2026-03-18
3145,568,35,22.5,False,2026-03-21
3146,569,33,25,False,2026-04-23
3147,569,34,21.0,False,2026-04-26
3148,569,35,23.0,False,2026-04-23
3149,570,33,41.5,False,2026-05-04
3150,570,34,50.0,False,2026-05-01
3151,570,35,49,False,2026-05-09
3152,571,36,0.0,True,2026-03-20
3153,571,37,19.0,False,2026-03-17
3154,571,38,15.5,False,2026-03-16
3155,572,36,1.0,False,2026-04-25
3156,572,37,18.5,False,2026-04-28
3157,572,38,15.0,False,2026-04-26
3158,573,36,36,False,2026-05-02
3159,573,37,45,False,2026-05-04
3160,573,38,35.5,False,2026-05-07
3161,574,33,24.5,False,2026-03-14
3162,574,34,15.5,False,2026-03-07
3163,574,35,22.0,False,2026-03-11
3164,574,36,20.5,False,2026-03-11
3165,574,37,24.0,False,2026-03-07
3166,574,38,18.0,False,2026-03-10
3167,575,33,25,False,2026-02-23
3168,575,34,24.0,False,2026-02-16
3169,575,35,20.5,False,2026-02-24
3170,575,36,20.0,False,2026-02-16
3171,575,37,25,False,2026-02-20
3172,575,38,16.5,False,2026-02-23
3173,576,33,100.0,False,2026-05-17
3174,576,34,100.0,False,2026-05-22
3175,576,35,92.5,False,2026-05-25
3176,576,36,86.5,False,2026-05-21
3177,576,37,96.5,False,2026-05-24
3178,576,38,63.0,False,2026-05-25
3179,577,33,15.0,False,2026-03-17
3180,577,34,21.0,False,2026-03-13
3181,577,35,22.5,False,2026-03-17
3182,577,36,20.5,False,2026-03-13
3183,577,37,21.5,False,2026-03-14
3184,577,38,21.0,False,2026-03-09
3185,578,33,25,False,2026-02-20
3186,578,34,24.5,False,2026-02-22
3187,578,35,18.0,False,2026-02-23
3188,578,36,15.0,False,2026-02-20
3189,578,37,20.0,False,2026-02-22
3190,578,38,20.5,False,2026-02-17
3191,579,33,97,False,2026-05-18
3192,579,34,92.5,False,2026-05-21
3193,579,35,82.5,False,2026-05-13
3194,579,36,66.5,False,2026-05-21
3195,579,37,94.5,False,2026-05-19
3196,579,38,76,False,2026-05-20
3197,580,33,23.0,False,2026-03-11
3198,580,34,17.0,False,2026-03-13
3199,580,35,23.0,False,2026-03-17
3200,580,36,17.5,False,2026-03-10
3201,580,37,21.0,False,2026-03-11
3202,580,38,12.5,False,2026-03-09
3203,581,33,25,False,2026-02-22
3204,581,34,20.0,False,2026-02-21
3205,581,35,23.0,False,2026-02-21
3206,581,36,21.5,False,2026-02-18
3207,581,37,20.0,False,2026-02-17
3208,581,38,20.0,False,2026-02-20
3209,582,33,100.0,False,2026-05-13
3210,582,34,87,False,2026-05-14
3211,582,35,98.5,False,2026-05-18
3212,582,36,84.5,False,2026-05-12
3213,582,37,93.5,False,2026-05-15
3214,582,38,72.5,False,2026-05-16
3215,583,33,24.0,False,2026-03-09
3216,583,34,20.5,False,2026-03-11
3217,583,35,21.5,False,2026-03-10
3218,583,36,13.0,False,2026-03-14
3219,583,37,24.0,False,2026-03-16
3220,583,38,17.0,False,2026-03-11
3221,584,33,25,False,2026-02-15
3222,584,34,24.0,False,2026-02-21
3223,584,35,22.5,False,2026-02-15
3224,584,36,23.0,False,2026-02-19
3225,584,37,24.5,False,2026-02-14
3226,584,38,22.0,False,2026-02-18
3227,585,33,100.0,False,2026-05-24
3228,585,34,91,False,2026-05-24
3229,585,35,85,False,2026-05-25
3230,585,36,0.0,True,2026-05-23
3231,585,37,76,False,2026-05-23
3232,585,38,74,False,2026-05-19
3233,586,33,25,False,2026-03-15
3234,586,34,22.0,False,2026-03-12
3235,586,35,16.5,False,2026-03-17
3236,586,36,19.0,False,2026-03-10
3237,586,37,22.5,False,2026-03-13
3238,586,38,20.0,False,2026-03-18
3239,587,33,25,False,2026-02-17
3240,587,34,24.5,False,2026-02-20
3241,587,35,19.5,False,2026-02-22
3242,587,36,24.5,False,2026-02-16
3243,587,37,22.5,False,2026-02-16
3244,587,38,22.5,False,2026-02-23
3245,588,33,100.0,False,2026-05-21
3246,588,34,80.5,False,2026-05-25
3247,588,35,74.5,False,2026-05-27
3248,588,36,77.5,False,2026-05-27
3249,588,37,79.5,False,2026-05-21
3250,588,38,87,False,2026-05-23
3251,589,33,21.5,False,2026-03-20
3252,589,34,21.0,False,2026-03-15
3253,589,35,22.5,False,2026-03-16
3254,590,33,22.5,False,2026-04-30
3255,590,34,22.0,False,2026-05-01
3256,590,35,21.5,False,2026-04-30
3257,591,33,45.5,False,2026-05-07
3258,591,34,42.0,False,2026-05-08
3259,591,35,44.5,False,2026-05-05
3260,592,36,25,False,2026-03-16
3261,592,37,23.0,False,2026-03-22
3262,592,38,20.5,False,2026-03-16
3263,593,36,24.5,False,2026-05-02
3264,593,37,25,False,2026-04-27
3265,593,38,21.5,False,2026-05-01
3266,594,36,46.5,False,2026-05-06
3267,594,37,39.0,False,2026-05-11
3268,594,38,37,False,2026-05-12
3269,595,39,20.0,False,2026-03-08
3270,595,40,16.5,False,2026-03-15
3271,595,41,24.5,False,2026-03-07
3272,595,42,17.0,False,2026-03-07
3273,595,43,25,False,2026-03-11
3274,595,44,25,False,2026-03-12
3275,596,39,24.0,False,2026-02-17
3276,596,40,14.0,False,2026-02-19
3277,596,41,25,False,2026-02-17
3278,596,42,20.0,False,2026-02-23
3279,596,43,25,False,2026-02-19
3280,596,44,25,False,2026-02-20
3281,597,39,89.5,False,2026-05-14
3282,597,40,65,False,2026-05-15
3283,597,41,100.0,False,2026-05-12
3284,597,42,81.0,False,2026-05-13
3285,597,43,100.0,False,2026-05-17
3286,597,44,100.0,False,2026-05-12
3287,598,39,19.5,False,2026-03-12
3288,598,40,13.0,False,2026-03-08
3289,598,41,23.5,False,2026-03-13
3290,598,42,13.0,False,2026-03-12
3291,598,43,18.5,False,2026-03-09
3292,598,44,24.5,False,2026-03-16
3293,599,39,20.5,False,2026-02-22
3294,599,40,10.5,False,2026-02-17
3295,599,41,25,False,2026-02-17
3296,599,42,20.5,False,2026-02-17
3297,599,43,0.0,True,2026-02-22
3298,599,44,25,False,2026-02-18
3299,600,39,73.5,False,2026-05-25
3300,600,40,78.5,False,2026-05-23
3301,600,41,100.0,False,2026-05-23
3302,600,42,97.0,False,2026-05-23
3303,600,43,98.5,False,2026-05-20
3304,600,44,96.5,False,2026-05-24
3305,601,39,17.5,False,2026-03-13
3306,601,40,16.0,False,2026-03-16
3307,601,41,24.0,False,2026-03-15
3308,602,39,20.0,False,2026-04-25
3309,602,40,14.0,False,2026-04-25
3310,602,41,25,False,2026-04-30
3311,603,39,0.0,True,2026-05-09
3312,603,40,31.0,False,2026-05-09
3313,603,41,47,False,2026-05-07
3314,604,42,19.5,False,2026-03-20
3315,604,43,25,False,2026-03-18
3316,604,44,25,False,2026-03-21
3317,605,42,20.0,False,2026-04-28
3318,605,43,25,False,2026-04-25
3319,605,44,24.0,False,2026-04-28
3320,606,42,39.5,False,2026-05-06
3321,606,43,50.0,False,2026-05-09
3322,606,44,47,False,2026-05-03
3323,607,39,20.0,False,2026-03-09
3324,607,40,15.5,False,2026-03-10
3325,607,41,24.0,False,2026-03-10
3326,607,42,0.0,False,2026-03-13
3327,607,43,23.5,False,2026-03-12
3328,607,44,23.0,False,2026-03-12
3329,608,39,16.5,False,2026-02-19
3330,608,40,19.0,False,2026-02-14
3331,608,41,25,False,2026-02-14
3332,608,42,18.0,False,2026-02-16
3333,608,43,25,False,2026-02-20
3334,608,44,23.0,False,2026-02-19
3335,609,39,84,False,2026-05-27
3336,609,40,71,False,2026-05-21
3337,609,41,84.5,False,2026-05-27
3338,609,42,81,False,2026-05-22
3339,609,43,100.0,False,2026-05-27
3340,609,44,93.5,False,2026-05-25
3341,610,39,18.0,False,2026-03-23
3342,610,40,13.5,False,2026-03-17
3343,610,41,25,False,2026-03-20
3344,611,39,20.5,False,2026-04-24
3345,611,40,14.5,False,2026-04-24
3346,611,41,25,False,2026-04-23
3347,612,39,39.5,False,2026-05-02
3348,612,40,36.5,False,2026-05-08
3349,612,41,50.0,False,2026-05-07
3350,613,42,17.5,False,2026-03-20
3351,613,43,0.0,True,2026-03-21
3352,613,44,23.0,False,2026-03-24
3353,614,42,17.0,False,2026-04-28
3354,614,43,1.0,False,2026-05-01
3355,614,44,24.5,False,2026-04-28
3356,615,42,38.0,False,2026-05-10
3357,615,43,50.0,False,2026-05-09
3358,615,44,48,False,2026-05-04
3359,616,39,19.0,False,2026-03-14
3360,616,40,17.0,False,2026-03-10
3361,616,41,24.5,False,2026-03-12
3362,616,42,22.5,False,2026-03-09
3363,616,43,25,False,2026-03-13
3364,616,44,23.5,False,2026-03-15
3365,617,39,20.5,False,2026-02-20
3366,617,40,15.5,False,2026-02-24
3367,617,41,25,False,2026-02-20
3368,617,42,16.5,False,2026-02-24
3369,617,43,24.0,False,2026-02-19
3370,617,44,25,False,2026-02-24
3371,618,39,69,False,2026-05-24
3372,618,40,59,False,2026-05-18
3373,618,41,89.5,False,2026-05-19
3374,618,42,79,False,2026-05-19
3375,618,43,100.0,False,2026-05-17
3376,618,44,91,False,2026-05-19
3377,619,39,19.5,False,2026-03-23
3378,619,40,18.5,False,2026-03-17
3379,619,41,21.5,False,2026-03-23
3380,620,39,18.0,False,2026-04-25
3381,620,40,18.0,False,2026-04-23
3382,620,41,22.0,False,2026-04-24
3383,621,39,42,False,2026-05-08
3384,621,40,33.5,False,2026-05-07
3385,621,41,47.5,False,2026-05-03
3386,622,42,23.5,False,2026-03-23
3387,622,43,25,False,2026-03-22
3388,622,44,25,False,2026-03-19
3389,623,42,24.5,False,2026-04-29
3390,623,43,24.5,False,2026-04-24
3391,623,44,25,False,2026-04-27
3392,624,42,44,False,2026-05-02
3393,624,43,50.0,False,2026-05-08
3394,624,44,43,False,2026-05-02
3395,625,39,21.5,False,2026-03-16
3396,625,40,17.0,False,2026-03-09
3397,625,41,25,False,2026-03-14
3398,625,42,20.0,False,2026-03-16
3399,625,43,25,False,2026-03-15
3400,625,44,21.5,False,2026-03-10
3401,626,39,21.5,False,2026-02-22
3402,626,40,17.0,False,2026-02-23
3403,626,41,25,False,2026-02-20
3404,626,42,18.0,False,2026-02-25
3405,626,43,25,False,2026-02-18
3406,626,44,22.5,False,2026-02-22
3407,627,39,98.5,False,2026-05-20
3408,627,40,88,False,2026-05-16
3409,627,41,100.0,False,2026-05-15
3410,627,42,90.5,False,2026-05-23
3411,627,43,100.0,False,2026-05-19
3412,627,44,97.0,False,2026-05-20
3413,628,39,22.5,False,2026-03-11
3414,628,40,16.0,False,2026-03-08
3415,628,41,24.0,False,2026-03-08
3416,628,42,22.0,False,2026-03-06
3417,628,43,25,False,2026-03-10
3418,628,44,23.5,False,2026-03-13
3419,629,39,24.0,False,2026-02-17
3420,629,40,11.5,False,2026-02-23
3421,629,41,24.5,False,2026-02-22
3422,629,42,24.5,False,2026-02-22
3423,629,43,25,False,2026-02-20
3424,629,44,25,False,2026-02-17
3425,630,39,91.5,False,2026-05-25
3426,630,40,62.5,False,2026-05-25
3427,630,41,100.0,False,2026-05-25
3428,630,42,90.0,False,2026-05-18
3429,630,43,100.0,False,2026-05-22
3430,630,44,100.0,False,2026-05-22
3431,631,39,20.0,False,2026-03-16
3432,631,40,17.5,False,2026-03-15
3433,631,41,23.5,False,2026-03-12
3434,631,42,0.0,False,2026-03-18
3435,631,43,24.5,False,2026-03-12
3436,631,44,21.5,False,2026-03-10
3437,632,39,21.5,False,2026-02-20
3438,632,40,20.0,False,2026-02-21
3439,632,41,22.5,False,2026-02-20
3440,632,42,22.5,False,2026-02-17
3441,632,43,0.0,True,2026-02-23
3442,632,44,22.5,False,2026-02-23
3443,633,39,94,False,2026-05-21
3444,633,40,64.5,False,2026-05-21
3445,633,41,100.0,False,2026-05-27
3446,633,42,78.5,False,2026-05-26
3447,633,43,100.0,False,2026-05-27
3448,633,44,100.0,False,2026-05-27
3449,634,39,21.0,False,2026-03-06
3450,634,40,16.5,False,2026-03-08
3451,634,41,18.5,False,2026-03-13
3452,634,42,21.5,False,2026-03-12
3453,634,43,25,False,2026-03-11
3454,634,44,24.5,False,2026-03-12
3455,635,39,20.5,False,2026-02-24
3456,635,40,16.5,False,2026-02-20
3457,635,41,25,False,2026-02-24
3458,635,42,0.0,True,2026-02-21
3459,635,43,25,False,2026-02-24
3460,635,44,23.0,False,2026-02-23
3461,636,39,76.5,False,2026-05-25
3462,636,40,77,False,2026-05-19
3463,636,41,92,False,2026-05-19
3464,636,42,91.5,False,2026-05-19
3465,636,43,94.5,False,2026-05-22
3466,636,44,79.5,False,2026-05-21
3467,637,39,14.5,False,2026-03-17
3468,637,40,17.5,False,2026-03-15
3469,637,41,24.5,False,2026-03-17
3470,637,42,21.5,False,2026-03-16
3471,637,43,23.5,False,2026-03-13
3472,637,44,24.0,False,2026-03-15
3473,638,39,23.0,False,2026-02-22
3474,638,40,15.0,False,2026-02-15
3475,638,41,25,False,2026-02-19
3476,638,42,20.5,False,2026-02-18
3477,638,43,25,False,2026-02-16
3478,638,44,21.5,False,2026-02-19
3479,639,39,84,False,2026-05-15
3480,639,40,98.5,False,2026-05-15
3481,639,41,100.0,False,2026-05-13
3482,639,42,85.5,False,2026-05-14
3483,639,43,98.5,False,2026-05-13
3484,639,44,99.0,False,2026-05-14
3485,640,39,20.0,False,2026-03-13
3486,640,40,19.0,False,2026-03-16
3487,640,41,22.0,False,2026-03-14
3488,640,42,23.5,False,2026-03-10
3489,640,43,24.5,False,2026-03-10
3490,640,44,22.0,False,2026-03-17
3491,641,39,20.0,False,2026-02-17
3492,641,40,17.5,False,2026-02-16
3493,641,41,25,False,2026-02-16
3494,641,42,24.5,False,2026-02-14
3495,641,43,25,False,2026-02-17
3496,641,44,25,False,2026-02-17
3497,642,39,83.5,False,2026-05-15
3498,642,40,84,False,2026-05-16
3499,642,41,100.0,False,2026-05-16
3500,642,42,79.5,False,2026-05-17
3501,642,43,100.0,False,2026-05-14
3502,642,44,83,False,2026-05-13
3503,643,45,24.0,False,2026-03-12
3504,643,46,14.0,False,2026-03-13
3505,643,47,0.0,False,2026-03-13
3506,643,48,19.5,False,2026-03-08
3507,643,49,17.5,False,2026-03-15
3508,643,50,21.5,False,2026-03-07
3509,644,45,19.5,False,2026-02-14
3510,644,46,22.0,False,2026-02-22
3511,644,47,19.0,False,2026-02-21
3512,644,48,22.0,False,2026-02-14
3513,644,49,19.5,False,2026-02-21
3514,644,50,22.5,False,2026-02-22
3515,645,45,100.0,False,2026-05-21
3516,645,46,97,False,2026-05-21
3517,645,47,76,False,2026-05-25
3518,645,48,79.5,False,2026-05-25
3519,645,49,83.5,False,2026-05-22
3520,645,50,100.0,False,2026-05-26
3521,646,45,24.0,False,2026-03-11
3522,646,46,21.0,False,2026-03-15
3523,646,47,19.0,False,2026-03-17
3524,646,48,22.5,False,2026-03-17
3525,646,49,18.0,False,2026-03-17
3526,646,50,23.5,False,2026-03-17
3527,647,45,24.5,False,2026-02-19
3528,647,46,19.5,False,2026-02-21
3529,647,47,23.0,False,2026-02-21
3530,647,48,21.5,False,2026-02-21
3531,647,49,22.0,False,2026-02-14
3532,647,50,24.5,False,2026-02-22
3533,648,45,87,False,2026-05-16
3534,648,46,95.5,False,2026-05-19
3535,648,47,91.5,False,2026-05-13
3536,648,48,77.5,False,2026-05-18
3537,648,49,86.5,False,2026-05-19
3538,648,50,93,False,2026-05-17
3539,649,45,24.5,False,2026-03-06
3540,649,46,22.5,False,2026-03-08
3541,649,47,21.0,False,2026-03-09
3542,649,48,20.5,False,2026-03-08
3543,649,49,18.0,False,2026-03-10
3544,649,50,24.0,False,2026-03-12
3545,650,45,20.0,False,2026-02-19
3546,650,46,19.0,False,2026-02-22
3547,650,47,24.5,False,2026-02-18
3548,650,48,23.0,False,2026-02-23
3549,650,49,24.0,False,2026-02-23
3550,650,50,25,False,2026-02-21
3551,651,45,91.5,False,2026-05-19
3552,651,46,72,False,2026-05-23
3553,651,47,98,False,2026-05-20
3554,651,48,94,False,2026-05-26
3555,651,49,63,False,2026-05-24
3556,651,50,100.0,False,2026-05-21
3557,652,45,24.5,False,2026-03-21
3558,652,46,18.0,False,2026-03-22
3559,652,47,21.5,False,2026-03-18
3560,653,45,22.5,False,2026-04-30
3561,653,46,16.0,False,2026-05-02
3562,653,47,21.5,False,2026-04-29
3563,654,45,44.5,False,2026-05-07
3564,654,46,49.5,False,2026-05-05
3565,654,47,50.0,False,2026-05-06
3566,655,48,23.5,False,2026-03-23
3567,655,49,19.5,False,2026-03-19
3568,655,50,20.5,False,2026-03-24
3569,656,48,25,False,2026-04-26
3570,656,49,19.5,False,2026-04-29
3571,656,50,20.5,False,2026-04-25
3572,657,48,41,False,2026-05-10
3573,657,49,28,False,2026-05-06
3574,657,50,46,False,2026-05-06
3575,658,45,22.0,False,2026-03-18
3576,658,46,20.5,False,2026-03-18
3577,658,47,16.5,False,2026-03-11
3578,658,48,0.0,False,2026-03-15
3579,658,49,12.5,False,2026-03-16
3580,658,50,24.0,False,2026-03-14
3581,659,45,19.0,False,2026-02-18
3582,659,46,23.0,False,2026-02-14
3583,659,47,24.0,False,2026-02-22
3584,659,48,25,False,2026-02-19
3585,659,49,18.0,False,2026-02-17
3586,659,50,25,False,2026-02-19
3587,660,45,85.5,False,2026-05-17
3588,660,46,76.5,False,2026-05-25
3589,660,47,77,False,2026-05-17
3590,660,48,100.0,False,2026-05-20
3591,660,49,95,False,2026-05-19
3592,660,50,100.0,False,2026-05-25
3593,661,45,25,False,2026-03-20
3594,661,46,19.5,False,2026-03-14
3595,661,47,24.5,False,2026-03-17
3596,662,45,25,False,2026-04-29
3597,662,46,17.5,False,2026-05-01
3598,662,47,23.5,False,2026-05-02
3599,663,45,44.5,False,2026-05-08
3600,663,46,38.5,False,2026-05-06
3601,663,47,45,False,2026-05-13
3602,664,48,22.0,False,2026-03-21
3603,664,49,18.0,False,2026-03-17
3604,664,50,24.0,False,2026-03-21
3605,665,48,20.5,False,2026-04-29
3606,665,49,17.0,False,2026-04-26
3607,665,50,24.5,False,2026-04-30
3608,666,48,35,False,2026-05-08
3609,666,49,36.0,False,2026-05-09
3610,666,50,50.0,False,2026-05-11
3611,667,45,17.5,False,2026-03-22
3612,667,46,21.5,False,2026-03-22
3613,667,47,25,False,2026-03-20
3614,668,45,17.5,False,2026-04-27
3615,668,46,22.0,False,2026-05-01
3616,668,47,25,False,2026-05-02
3617,669,45,39.5,False,2026-05-05
3618,669,46,45,False,2026-05-08
3619,669,47,40,False,2026-05-13
3620,670,48,20.5,False,2026-03-19
3621,670,49,17.0,False,2026-03-13
3622,670,50,0.0,True,2026-03-14
3623,671,48,21.5,False,2026-04-30
3624,671,49,18.0,False,2026-05-01
3625,671,50,0.5,False,2026-04-29
3626,672,48,35.5,False,2026-05-11
3627,672,49,39.0,False,2026-05-06
3628,672,50,50.0,False,2026-05-06
3629,673,45,23.5,False,2026-03-14
3630,673,46,23.0,False,2026-03-16
3631,673,47,12.0,False,2026-03-12
3632,673,48,24.0,False,2026-03-17
3633,673,49,19.5,False,2026-03-14
3634,673,50,24.0,False,2026-03-10
3635,674,45,22.5,False,2026-02-16
3636,674,46,19.5,False,2026-02-18
3637,674,47,17.5,False,2026-02-23
3638,674,48,24.0,False,2026-02-19
3639,674,49,19.0,False,2026-02-18
3640,674,50,23.0,False,2026-02-16
3641,675,45,96,False,2026-05-19
3642,675,46,86.5,False,2026-05-17
3643,675,47,93,False,2026-05-23
3644,675,48,100.0,False,2026-05-23
3645,675,49,72.0,False,2026-05-25
3646,675,50,94,False,2026-05-24
3647,676,45,21.0,False,2026-03-09
3648,676,46,16.0,False,2026-03-10
3649,676,47,23.5,False,2026-03-16
3650,676,48,21.5,False,2026-03-14
3651,676,49,19.0,False,2026-03-08
3652,676,50,23.5,False,2026-03-09
3653,677,45,22.0,False,2026-02-15
3654,677,46,18.0,False,2026-02-21
3655,677,47,25,False,2026-02-19
3656,677,48,24.0,False,2026-02-15
3657,677,49,21.5,False,2026-02-16
3658,677,50,21.5,False,2026-02-16
3659,678,45,96.5,False,2026-05-19
3660,678,46,70.5,False,2026-05-16
3661,678,47,87,False,2026-05-20
3662,678,48,100.0,False,2026-05-14
3663,678,49,71.5,False,2026-05-18
3664,678,50,90.0,False,2026-05-16
3665,679,45,21.5,False,2026-03-12
3666,679,46,20.0,False,2026-03-10
3667,679,47,22.0,False,2026-03-13
3668,679,48,22.5,False,2026-03-08
3669,679,49,18.5,False,2026-03-11
3670,679,50,17.5,False,2026-03-09
3671,680,45,21.5,False,2026-02-20
3672,680,46,20.5,False,2026-02-22
3673,680,47,20.5,False,2026-02-21
3674,680,48,24.0,False,2026-02-24
3675,680,49,17.5,False,2026-02-22
3676,680,50,25,False,2026-02-22
3677,681,45,100.0,False,2026-05-20
3678,681,46,81.5,False,2026-05-19
3679,681,47,83,False,2026-05-19
3680,681,48,92.5,False,2026-05-18
3681,681,49,82.5,False,2026-05-16
3682,681,50,96,False,2026-05-15
3683,682,45,21.0,False,2026-03-11
3684,682,46,21.5,False,2026-03-09
3685,682,47,22.5,False,2026-03-15
3686,682,48,21.5,False,2026-03-15
3687,682,49,18.5,False,2026-03-10
3688,682,50,23.5,False,2026-03-10
3689,683,45,25,False,2026-02-23
3690,683,46,22.0,False,2026-02-17
3691,683,47,24.0,False,2026-02-19
3692,683,48,22.5,False,2026-02-22
3693,683,49,19.0,False,2026-02-18
3694,683,50,22.5,False,2026-02-20
3695,684,45,95.5,False,2026-05-20
3696,684,46,89.5,False,2026-05-21
3697,684,47,85.5,False,2026-05-21
3698,684,48,100.0,False,2026-05-23
3699,684,49,77,False,2026-05-20
3700,684,50,78.5,False,2026-05-21
3701,685,45,22.5,False,2026-03-07
3702,685,46,23.0,False,2026-03-06
3703,685,47,18.5,False,2026-03-11
3704,685,48,24.0,False,2026-03-07
3705,685,49,20.5,False,2026-03-10
3706,685,50,24.5,False,2026-03-10
3707,686,45,24.0,False,2026-02-21
3708,686,46,22.0,False,2026-02-23
3709,686,47,24.5,False,2026-02-17
3710,686,48,21.5,False,2026-02-23
3711,686,49,19.5,False,2026-02-18
3712,686,50,20.0,False,2026-02-25
3713,687,45,84.5,False,2026-05-21
3714,687,46,81,False,2026-05-22
3715,687,47,100.0,False,2026-05-24
3716,687,48,55.5,False,2026-05-25
3717,687,49,75.5,False,2026-05-25
3718,687,50,100.0,False,2026-05-27
3719,688,45,23.0,False,2026-03-24
3720,688,46,23.0,False,2026-03-22
3721,688,47,24.0,False,2026-03-18
3722,689,45,21.5,False,2026-04-25
3723,689,46,22.5,False,2026-04-29
3724,689,47,25,False,2026-04-24
3725,690,45,43.5,False,2026-05-03
3726,690,46,33,False,2026-05-05
3727,690,47,47.5,False,2026-05-02
3728,691,48,20.5,False,2026-03-15
3729,691,49,23.0,False,2026-03-19
3730,691,50,25,False,2026-03-14
3731,692,48,20.0,False,2026-04-29
3732,692,49,23.0,False,2026-05-02
3733,692,50,25,False,2026-04-28
3734,693,48,42,False,2026-05-12
3735,693,49,40,False,2026-05-09
3736,693,50,50.0,False,2026-05-07
3737,694,51,17.5,False,2026-03-08
3738,694,52,12.0,False,2026-03-08
3739,694,53,19.5,False,2026-03-06
3740,694,54,13.0,False,2026-03-08
3741,694,55,21.5,False,2026-03-07
3742,694,56,24.5,False,2026-03-07
3743,695,51,17.5,False,2026-02-23
3744,695,52,24.0,False,2026-02-22
3745,695,53,25,False,2026-02-20
3746,695,54,21.5,False,2026-02-15
3747,695,55,22.0,False,2026-02-19
3748,695,56,23.0,False,2026-02-22
3749,696,51,66,False,2026-05-25
3750,696,52,86.5,False,2026-05-25
3751,696,53,71.0,False,2026-05-26
3752,696,54,74,False,2026-05-22
3753,696,55,89.5,False,2026-05-21
3754,696,56,100.0,False,2026-05-24
3755,697,51,20.0,False,2026-03-15
3756,697,52,24.0,False,2026-03-15
3757,697,53,19.0,False,2026-03-12
3758,697,54,0.0,False,2026-03-07
3759,697,55,21.0,False,2026-03-09
3760,697,56,21.0,False,2026-03-15
3761,698,51,17.5,False,2026-02-18
3762,698,52,25,False,2026-02-22
3763,698,53,19.0,False,2026-02-20
3764,698,54,25,False,2026-02-22
3765,698,55,20.0,False,2026-02-15
3766,698,56,25,False,2026-02-17
3767,699,51,97.5,False,2026-05-16
3768,699,52,85,False,2026-05-16
3769,699,53,79,False,2026-05-13
3770,699,54,78,False,2026-05-18
3771,699,55,83.5,False,2026-05-14
3772,699,56,100.0,False,2026-05-18
3773,700,51,0.0,False,2026-03-07
3774,700,52,21.5,False,2026-03-14
3775,700,53,0.0,False,2026-03-08
3776,700,54,19.5,False,2026-03-06
3777,700,55,18.0,False,2026-03-08
3778,700,56,24.0,False,2026-03-11
3779,701,51,19.0,False,2026-02-18
3780,701,52,25,False,2026-02-19
3781,701,53,15.5,False,2026-02-20
3782,701,54,20.5,False,2026-02-22
3783,701,55,24.5,False,2026-02-22
3784,701,56,25,False,2026-02-17
3785,702,51,78.5,False,2026-05-27
3786,702,52,100.0,False,2026-05-25
3787,702,53,89,False,2026-05-26
3788,702,54,78.5,False,2026-05-21
3789,702,55,97.5,False,2026-05-21
3790,702,56,100.0,False,2026-05-23
3791,703,51,20.5,False,2026-03-17
3792,703,52,22.5,False,2026-03-21
3793,703,53,0.0,True,2026-03-17
3794,704,51,18.0,False,2026-04-30
3795,704,52,21.5,False,2026-04-30
3796,704,53,0.5,False,2026-04-25
3797,705,51,36.5,False,2026-05-08
3798,705,52,50.0,False,2026-05-09
3799,705,53,40,False,2026-05-09
3800,706,54,19.0,False,2026-03-15
3801,706,55,15.5,False,2026-03-18
3802,706,56,25,False,2026-03-21
3803,707,54,21.5,False,2026-04-27
3804,707,55,16.0,False,2026-04-24
3805,707,56,25,False,2026-04-24
3806,708,54,44.5,False,2026-05-09
3807,708,55,44,False,2026-05-05
3808,708,56,50.0,False,2026-05-05
3809,709,51,21.5,False,2026-03-13
3810,709,52,22.5,False,2026-03-16
3811,709,53,20.5,False,2026-03-14
3812,709,54,20.5,False,2026-03-10
3813,709,55,22.5,False,2026-03-14
3814,709,56,19.0,False,2026-03-16
3815,710,51,22.0,False,2026-02-19
3816,710,52,22.0,False,2026-02-20
3817,710,53,18.0,False,2026-02-20
3818,710,54,19.5,False,2026-02-22
3819,710,55,19.5,False,2026-02-16
3820,710,56,25,False,2026-02-18
3821,711,51,97.5,False,2026-05-17
3822,711,52,100.0,False,2026-05-14
3823,711,53,83,False,2026-05-19
3824,711,54,98.5,False,2026-05-13
3825,711,55,66,False,2026-05-19
3826,711,56,98,False,2026-05-19
3827,712,51,18.0,False,2026-03-20
3828,712,52,22.0,False,2026-03-23
3829,712,53,17.5,False,2026-03-16
3830,713,51,17.0,False,2026-04-23
3831,713,52,20.5,False,2026-04-23
3832,713,53,18.0,False,2026-04-28
3833,714,51,41.5,False,2026-05-08
3834,714,52,38,False,2026-05-05
3835,714,53,35.5,False,2026-05-06
3836,715,54,19.5,False,2026-03-20
3837,715,55,18.5,False,2026-03-16
3838,715,56,22.5,False,2026-03-22
3839,716,54,17.5,False,2026-04-28
3840,716,55,16.0,False,2026-04-27
3841,716,56,20.0,False,2026-04-25
3842,717,54,43.5,False,2026-05-07
3843,717,55,41,False,2026-05-07
3844,717,56,50.0,False,2026-05-03
3845,718,51,24.0,False,2026-03-21
3846,718,52,23.0,False,2026-03-24
3847,718,53,20.0,False,2026-03-16
3848,719,51,24.0,False,2026-05-01
3849,719,52,23.5,False,2026-04-27
3850,719,53,21.0,False,2026-04-28
3851,720,51,46.5,False,2026-05-10
3852,720,52,37.5,False,2026-05-07
3853,720,53,47.5,False,2026-05-11
3854,721,54,12.0,False,2026-03-21
3855,721,55,25,False,2026-03-19
3856,721,56,25,False,2026-03-15
3857,722,54,12.0,False,2026-05-01
3858,722,55,25,False,2026-04-26
3859,722,56,25,False,2026-04-28
3860,723,54,41,False,2026-05-07
3861,723,55,47.5,False,2026-05-11
3862,723,56,50.0,False,2026-05-10
3863,724,51,23.0,False,2026-03-18
3864,724,52,19.5,False,2026-03-13
3865,724,53,17.0,False,2026-03-15
3866,725,51,21.5,False,2026-04-27
3867,725,52,20.0,False,2026-04-25
3868,725,53,15.0,False,2026-04-24
3869,726,51,39.5,False,2026-05-10
3870,726,52,44.0,False,2026-05-08
3871,726,53,40.5,False,2026-05-07
3872,727,54,22.5,False,2026-03-16
3873,727,55,21.0,False,2026-03-16
3874,727,56,24.5,False,2026-03-17
3875,728,54,24.0,False,2026-04-27
3876,728,55,20.5,False,2026-04-28
3877,728,56,25,False,2026-04-28
3878,729,54,37.5,False,2026-05-07
3879,729,55,39.0,False,2026-05-06
3880,729,56,41.5,False,2026-05-04
3881,730,51,20.0,False,2026-03-14
3882,730,52,21.0,False,2026-03-11
3883,730,53,19.5,False,2026-03-14
3884,730,54,22.0,False,2026-03-10
3885,730,55,20.0,False,2026-03-13
3886,730,56,24.0,False,2026-03-15
3887,731,51,22.5,False,2026-02-14
3888,731,52,20.0,False,2026-02-18
3889,731,53,19.0,False,2026-02-14
3890,731,54,24.0,False,2026-02-19
3891,731,55,17.5,False,2026-02-19
3892,731,56,25,False,2026-02-20
3893,732,51,77.5,False,2026-05-17
3894,732,52,91.5,False,2026-05-11
3895,732,53,66,False,2026-05-13
3896,732,54,94.5,False,2026-05-13
3897,732,55,70.5,False,2026-05-12
3898,732,56,91.5,False,2026-05-16
3899,733,51,19.5,False,2026-03-12
3900,733,52,23.5,False,2026-03-15
3901,733,53,19.0,False,2026-03-14
3902,733,54,19.5,False,2026-03-16
3903,733,55,19.5,False,2026-03-16
3904,733,56,0.0,False,2026-03-14
3905,734,51,16.5,False,2026-02-23
3906,734,52,24.5,False,2026-02-21
3907,734,53,15.5,False,2026-02-22
3908,734,54,22.0,False,2026-02-24
3909,734,55,22.0,False,2026-02-24
3910,734,56,25,False,2026-02-25
3911,735,51,72,False,2026-05-24
3912,735,52,85.5,False,2026-05-27
3913,735,53,90,False,2026-05-27
3914,735,54,94.5,False,2026-05-24
3915,735,55,93.5,False,2026-05-26
3916,735,56,100.0,False,2026-05-23
3917,736,51,13.0,False,2026-03-12
3918,736,52,21.5,False,2026-03-10
3919,736,53,14.5,False,2026-03-12
3920,736,54,20.5,False,2026-03-10
3921,736,55,20.5,False,2026-03-13
3922,736,56,25,False,2026-03-11
3923,737,51,15.5,False,2026-02-20
3924,737,52,23.0,False,2026-02-19
3925,737,53,20.0,False,2026-02-24
3926,737,54,20.5,False,2026-02-24
3927,737,55,20.5,False,2026-02-22
3928,737,56,25,False,2026-02-23
3929,738,51,70,False,2026-05-19
3930,738,52,81.5,False,2026-05-21
3931,738,53,71.5,False,2026-05-15
3932,738,54,81.5,False,2026-05-17
3933,738,55,83.5,False,2026-05-23
3934,738,56,100.0,False,2026-05-20
